fold,method,y,score
0,A0 Paper stacking,0,0.05973639682760862
0,A0 Paper stacking,0,0.2999151382907721
0,A0 Paper stacking,1,0.8041577199294886
0,A0 Paper stacking,1,0.6235786041281086
0,A0 Paper stacking,1,0.8922359178862498
0,A0 Paper stacking,0,0.5192327242927537
0,A0 Paper stacking,0,0.06368972490096861
0,A0 Paper stacking,0,0.49923264895218855
0,A0 Paper stacking,1,0.05795131341351901
0,A0 Paper stacking,1,0.8866211862804022
0,A0 Paper stacking,1,0.6071830673996927
0,A0 Paper stacking,1,0.7745344627871232
0,A0 Paper stacking,0,0.08579696605734445
0,A0 Paper stacking,0,0.21419104630590877
0,A0 Paper stacking,0,0.05510603958703375
0,A0 Paper stacking,0,0.15320463681274563
0,A0 Paper stacking,0,0.10803350090285335
0,A0 Paper stacking,0,0.7414978356026185
0,A0 Paper stacking,0,0.0513973023630365
0,A0 Paper stacking,1,0.8608987307682253
0,A0 Paper stacking,1,0.924444836208272
0,A0 Paper stacking,0,0.23211773474214803
0,A0 Paper stacking,1,0.07573970950377545
0,A0 Paper stacking,0,0.0703726399291852
0,A0 Paper stacking,1,0.5979102041338685
0,A0 Paper stacking,0,0.08495114078639264
0,A0 Paper stacking,1,0.39598774892912686
0,A0 Paper stacking,1,0.8132732327728872
0,A0 Paper stacking,0,0.10025945912859996
0,A0 Paper stacking,1,0.43708482316753133
0,A0 Paper stacking,1,0.9131779971989259
0,A0 Paper stacking,1,0.9350189496748471
0,A0 Paper stacking,0,0.05137931189164299
0,A0 Paper stacking,1,0.7217679073881135
0,A0 Paper stacking,1,0.8106367765430672
0,A0 Paper stacking,0,0.05661012757039998
0,A0 Paper stacking,0,0.5416673885090596
0,A0 Paper stacking,0,0.06282633370164577
0,A0 Paper stacking,0,0.053953770276687546
0,A0 Paper stacking,1,0.9045103836561152
0,A0 Paper stacking,0,0.6804263796179867
0,A0 Paper stacking,1,0.5182987453955887
0,A0 Paper stacking,1,0.9186730125996865
0,A0 Paper stacking,1,0.9273493518021995
0,A0 Paper stacking,1,0.9333161409356084
0,A0 Paper stacking,1,0.9338314627090745
0,A0 Paper stacking,1,0.8109683639339488
0,A0 Paper stacking,1,0.08230016363957034
0,A0 Paper stacking,0,0.055945491694564815
0,A0 Paper stacking,0,0.05823911107037901
0,A0 Paper stacking,0,0.11019523590666917
0,A0 Paper stacking,1,0.860607418485713
0,A0 Paper stacking,0,0.05585870050457877
0,A0 Paper stacking,1,0.13022273046067834
0,A0 Paper stacking,1,0.10489284619809551
0,A0 Paper stacking,1,0.8608590686388479
0,A0 Paper stacking,0,0.05666427906292729
0,A0 Paper stacking,1,0.40205518304557947
0,A0 Paper stacking,1,0.9019813350698156
0,A0 Paper stacking,1,0.09023225257349805
0,A0 Paper stacking,0,0.14881700077620238
0,A1 +Typed prep,0,0.1041422124976946
0,A1 +Typed prep,0,0.21415785588497924
0,A1 +Typed prep,1,0.5854017187424062
0,A1 +Typed prep,1,0.71109864163924
0,A1 +Typed prep,1,0.8860774343819923
0,A1 +Typed prep,0,0.31280960637979643
0,A1 +Typed prep,0,0.11476941717433953
0,A1 +Typed prep,0,0.7367687707062248
0,A1 +Typed prep,1,0.0703033018162347
0,A1 +Typed prep,1,0.8320156697190145
0,A1 +Typed prep,1,0.3358528809889001
0,A1 +Typed prep,1,0.6113679366808178
0,A1 +Typed prep,0,0.1964383040894613
0,A1 +Typed prep,0,0.14640384509238005
0,A1 +Typed prep,0,0.07373334923562348
0,A1 +Typed prep,0,0.08968273130374603
0,A1 +Typed prep,0,0.12203008205571358
0,A1 +Typed prep,0,0.5148400127257058
0,A1 +Typed prep,0,0.06236222852350035
0,A1 +Typed prep,1,0.817187478047773
0,A1 +Typed prep,1,0.7920854303397525
0,A1 +Typed prep,0,0.30815357274210897
0,A1 +Typed prep,1,0.08905273676676048
0,A1 +Typed prep,0,0.08507448832275313
0,A1 +Typed prep,1,0.9232416512702166
0,A1 +Typed prep,0,0.076653093575604
0,A1 +Typed prep,1,0.6055838954903702
0,A1 +Typed prep,1,0.7898601986641193
0,A1 +Typed prep,0,0.10257586130566983
0,A1 +Typed prep,1,0.31329192889299423
0,A1 +Typed prep,1,0.8976329707812407
0,A1 +Typed prep,1,0.9034766042184523
0,A1 +Typed prep,0,0.06246273170535215
0,A1 +Typed prep,1,0.6509150746164074
0,A1 +Typed prep,1,0.777461134561194
0,A1 +Typed prep,0,0.07441336898147206
0,A1 +Typed prep,0,0.2990141592198566
0,A1 +Typed prep,0,0.07850304749525631
0,A1 +Typed prep,0,0.06603874666302166
0,A1 +Typed prep,1,0.893239623495301
0,A1 +Typed prep,0,0.7845822282340472
0,A1 +Typed prep,1,0.42043082194147297
0,A1 +Typed prep,1,0.9066744162250042
0,A1 +Typed prep,1,0.9071589510221277
0,A1 +Typed prep,1,0.921105871474225
0,A1 +Typed prep,1,0.9179081076758743
0,A1 +Typed prep,1,0.9097025907518591
0,A1 +Typed prep,1,0.08693636748623755
0,A1 +Typed prep,0,0.06349275087829997
0,A1 +Typed prep,0,0.06812830244682856
0,A1 +Typed prep,0,0.13580982618594215
0,A1 +Typed prep,1,0.8911618838296687
0,A1 +Typed prep,0,0.07983093694276637
0,A1 +Typed prep,1,0.5731140840350676
0,A1 +Typed prep,1,0.1767289015947516
0,A1 +Typed prep,1,0.7358196454364734
0,A1 +Typed prep,0,0.07396245785673305
0,A1 +Typed prep,1,0.47112809767483227
0,A1 +Typed prep,1,0.87341665068735
0,A1 +Typed prep,1,0.11635845662385752
0,A1 +Typed prep,0,0.1530442736601253
0,A2 +Tuned (6),0,0.09321983120937692
0,A2 +Tuned (6),0,0.2755741494946765
0,A2 +Tuned (6),1,0.5356575888245056
0,A2 +Tuned (6),1,0.53936975509972
0,A2 +Tuned (6),1,0.8816245168082939
0,A2 +Tuned (6),0,0.23845982976436303
0,A2 +Tuned (6),0,0.135892480763188
0,A2 +Tuned (6),0,0.7291032574877799
0,A2 +Tuned (6),1,0.06117165450777679
0,A2 +Tuned (6),1,0.8608615445966394
0,A2 +Tuned (6),1,0.3955237009170572
0,A2 +Tuned (6),1,0.7234954922365814
0,A2 +Tuned (6),0,0.13670228902266507
0,A2 +Tuned (6),0,0.12821273783587842
0,A2 +Tuned (6),0,0.06167307178380058
0,A2 +Tuned (6),0,0.09248288935136309
0,A2 +Tuned (6),0,0.1037857056768404
0,A2 +Tuned (6),0,0.5993735662056555
0,A2 +Tuned (6),0,0.05073334159673558
0,A2 +Tuned (6),1,0.8371007878760536
0,A2 +Tuned (6),1,0.7910686633271922
0,A2 +Tuned (6),0,0.26144621149805863
0,A2 +Tuned (6),1,0.13717989256223787
0,A2 +Tuned (6),0,0.07432973372787041
0,A2 +Tuned (6),1,0.9214423140444973
0,A2 +Tuned (6),0,0.06418808473996657
0,A2 +Tuned (6),1,0.6752584973604421
0,A2 +Tuned (6),1,0.8470792622623683
0,A2 +Tuned (6),0,0.10771188619869482
0,A2 +Tuned (6),1,0.2774195940257676
0,A2 +Tuned (6),1,0.893123829396477
0,A2 +Tuned (6),1,0.9236856338585312
0,A2 +Tuned (6),0,0.05290389613251358
0,A2 +Tuned (6),1,0.5692500370319635
0,A2 +Tuned (6),1,0.8270734881757547
0,A2 +Tuned (6),0,0.06001907827572947
0,A2 +Tuned (6),0,0.27356424505516674
0,A2 +Tuned (6),0,0.06692654978939108
0,A2 +Tuned (6),0,0.05461742966134425
0,A2 +Tuned (6),1,0.8702298260990409
0,A2 +Tuned (6),0,0.8160449906249153
0,A2 +Tuned (6),1,0.4770871202708754
0,A2 +Tuned (6),1,0.9218092410971039
0,A2 +Tuned (6),1,0.9072933809556231
0,A2 +Tuned (6),1,0.927809142576473
0,A2 +Tuned (6),1,0.9325495297449617
0,A2 +Tuned (6),1,0.9130478325862226
0,A2 +Tuned (6),1,0.1025162378451289
0,A2 +Tuned (6),0,0.05286373858658437
0,A2 +Tuned (6),0,0.053625389840514265
0,A2 +Tuned (6),0,0.08935504417951569
0,A2 +Tuned (6),1,0.8883379101763321
0,A2 +Tuned (6),0,0.051163105763162145
0,A2 +Tuned (6),1,0.5352895892192657
0,A2 +Tuned (6),1,0.2006834318866615
0,A2 +Tuned (6),1,0.818153862463096
0,A2 +Tuned (6),0,0.08004172575630848
0,A2 +Tuned (6),1,0.34882540995815575
0,A2 +Tuned (6),1,0.8957506291749693
0,A2 +Tuned (6),1,0.13968047259574873
0,A2 +Tuned (6),0,0.15810184898804824
0,A2b +Tuned+SVM (7),0,0.08961053178568908
0,A2b +Tuned+SVM (7),0,0.313816096348837
0,A2b +Tuned+SVM (7),1,0.5207315807714825
0,A2b +Tuned+SVM (7),1,0.5147248742562069
0,A2b +Tuned+SVM (7),1,0.8683700527429589
0,A2b +Tuned+SVM (7),0,0.23652446400679653
0,A2b +Tuned+SVM (7),0,0.12554308117430113
0,A2b +Tuned+SVM (7),0,0.6993668039654752
0,A2b +Tuned+SVM (7),1,0.06022336287638136
0,A2b +Tuned+SVM (7),1,0.8619810531979263
0,A2b +Tuned+SVM (7),1,0.4219763307168652
0,A2b +Tuned+SVM (7),1,0.7301784841094032
0,A2b +Tuned+SVM (7),0,0.13925963685502799
0,A2b +Tuned+SVM (7),0,0.11824634156484101
0,A2b +Tuned+SVM (7),0,0.05964536426112473
0,A2b +Tuned+SVM (7),0,0.08846104416539159
0,A2b +Tuned+SVM (7),0,0.10717907842205329
0,A2b +Tuned+SVM (7),0,0.5985886382060321
0,A2b +Tuned+SVM (7),0,0.049801539895218516
0,A2b +Tuned+SVM (7),1,0.844717252080826
0,A2b +Tuned+SVM (7),1,0.8193970968581551
0,A2b +Tuned+SVM (7),0,0.29332593493178366
0,A2b +Tuned+SVM (7),1,0.13966993114539503
0,A2b +Tuned+SVM (7),0,0.07262300793216066
0,A2b +Tuned+SVM (7),1,0.9268877534715492
0,A2b +Tuned+SVM (7),0,0.062476105702807996
0,A2b +Tuned+SVM (7),1,0.6919526271590799
0,A2b +Tuned+SVM (7),1,0.8563941597429857
0,A2b +Tuned+SVM (7),0,0.12183065963860758
0,A2b +Tuned+SVM (7),1,0.2688190121666188
0,A2b +Tuned+SVM (7),1,0.8968954971873079
0,A2b +Tuned+SVM (7),1,0.9290177719419773
0,A2b +Tuned+SVM (7),0,0.05213449426656361
0,A2b +Tuned+SVM (7),1,0.5498013640967616
0,A2b +Tuned+SVM (7),1,0.838754252140339
0,A2b +Tuned+SVM (7),0,0.05815839518733789
0,A2b +Tuned+SVM (7),0,0.3069103403138299
0,A2b +Tuned+SVM (7),0,0.06643777982286429
0,A2b +Tuned+SVM (7),0,0.05360973889954239
0,A2b +Tuned+SVM (7),1,0.872339021346418
0,A2b +Tuned+SVM (7),0,0.8158754580773341
0,A2b +Tuned+SVM (7),1,0.4814562179225544
0,A2b +Tuned+SVM (7),1,0.9273274217057249
0,A2b +Tuned+SVM (7),1,0.9136183406698001
0,A2b +Tuned+SVM (7),1,0.9311020510557967
0,A2b +Tuned+SVM (7),1,0.9365109074603508
0,A2b +Tuned+SVM (7),1,0.9117127059731
0,A2b +Tuned+SVM (7),1,0.096828520020089
0,A2b +Tuned+SVM (7),0,0.05174393502621586
0,A2b +Tuned+SVM (7),0,0.052604399029447184
0,A2b +Tuned+SVM (7),0,0.08396617291353516
0,A2b +Tuned+SVM (7),1,0.8875506842039323
0,A2b +Tuned+SVM (7),0,0.050218356642605586
0,A2b +Tuned+SVM (7),1,0.5448966040277923
0,A2b +Tuned+SVM (7),1,0.18403426381273907
0,A2b +Tuned+SVM (7),1,0.8286633033733538
0,A2b +Tuned+SVM (7),0,0.07628817262679713
0,A2b +Tuned+SVM (7),1,0.3787954337229898
0,A2b +Tuned+SVM (7),1,0.8886933131470529
0,A2b +Tuned+SVM (7),1,0.13645869170092795
0,A2b +Tuned+SVM (7),0,0.18762337713703475
0,A3 LF-DPS (proposed),0,0.1087988217096489
0,A3 LF-DPS (proposed),0,0.33329660850209775
0,A3 LF-DPS (proposed),1,0.5670345036004472
0,A3 LF-DPS (proposed),1,0.513105599909511
0,A3 LF-DPS (proposed),1,0.900348089720739
0,A3 LF-DPS (proposed),0,0.1759144890525097
0,A3 LF-DPS (proposed),0,0.1087955537621417
0,A3 LF-DPS (proposed),0,0.6867338123507961
0,A3 LF-DPS (proposed),1,0.08528712673597619
0,A3 LF-DPS (proposed),1,0.8407193065789857
0,A3 LF-DPS (proposed),1,0.3619284553227625
0,A3 LF-DPS (proposed),1,0.7612485761756682
0,A3 LF-DPS (proposed),0,0.1381479637806717
0,A3 LF-DPS (proposed),0,0.1378389511306502
0,A3 LF-DPS (proposed),0,0.08528477345460722
0,A3 LF-DPS (proposed),0,0.13785325276481397
0,A3 LF-DPS (proposed),0,0.11188372462719214
0,A3 LF-DPS (proposed),0,0.5900337828339902
0,A3 LF-DPS (proposed),0,0.08528478294425833
0,A3 LF-DPS (proposed),1,0.8709771764183409
0,A3 LF-DPS (proposed),1,0.704801169706696
0,A3 LF-DPS (proposed),0,0.27663536137744954
0,A3 LF-DPS (proposed),1,0.17333167013915915
0,A3 LF-DPS (proposed),0,0.10879657349517265
0,A3 LF-DPS (proposed),1,0.8737340684313724
0,A3 LF-DPS (proposed),0,0.08528481511317793
0,A3 LF-DPS (proposed),1,0.6866087932714424
0,A3 LF-DPS (proposed),1,0.8391340052216
0,A3 LF-DPS (proposed),0,0.1393378238580386
0,A3 LF-DPS (proposed),1,0.21645251810061128
0,A3 LF-DPS (proposed),1,0.8736688417336357
0,A3 LF-DPS (proposed),1,0.87374077941932
0,A3 LF-DPS (proposed),0,0.08528477351614666
0,A3 LF-DPS (proposed),1,0.5488734494837572
0,A3 LF-DPS (proposed),1,0.8358576059477477
0,A3 LF-DPS (proposed),0,0.08528480611652653
0,A3 LF-DPS (proposed),0,0.32871868931116305
0,A3 LF-DPS (proposed),0,0.08529205292488498
0,A3 LF-DPS (proposed),0,0.08528569741775062
0,A3 LF-DPS (proposed),1,0.8735811034237516
0,A3 LF-DPS (proposed),0,0.8968035184552947
0,A3 LF-DPS (proposed),1,0.5551374813427429
0,A3 LF-DPS (proposed),1,0.8737378302012029
0,A3 LF-DPS (proposed),1,0.9006028362215139
0,A3 LF-DPS (proposed),1,0.9006011061731561
0,A3 LF-DPS (proposed),1,0.9006035616389121
0,A3 LF-DPS (proposed),1,0.9004742752740974
0,A3 LF-DPS (proposed),1,0.1388244154291306
0,A3 LF-DPS (proposed),0,0.08528479391767554
0,A3 LF-DPS (proposed),0,0.08528477351651662
0,A3 LF-DPS (proposed),0,0.10879880412541747
0,A3 LF-DPS (proposed),1,0.8719794307012262
0,A3 LF-DPS (proposed),0,0.08528477495400888
0,A3 LF-DPS (proposed),1,0.6389250693267564
0,A3 LF-DPS (proposed),1,0.26403731112817336
0,A3 LF-DPS (proposed),1,0.8531808117172764
0,A3 LF-DPS (proposed),0,0.10879628029407386
0,A3 LF-DPS (proposed),1,0.2932411263714964
0,A3 LF-DPS (proposed),1,0.8731915475211718
0,A3 LF-DPS (proposed),1,0.2151643577680259
0,A3 LF-DPS (proposed),0,0.1847133926799351
0,Best single (tuned),0,0.1
0,Best single (tuned),0,0.5
0,Best single (tuned),1,0.8
0,Best single (tuned),1,0.6
0,Best single (tuned),1,1.0
0,Best single (tuned),0,0.3
0,Best single (tuned),0,0.1
0,Best single (tuned),0,0.9
0,Best single (tuned),1,0.0
0,Best single (tuned),1,0.8
0,Best single (tuned),1,0.4
0,Best single (tuned),1,0.8
0,Best single (tuned),0,0.2
0,Best single (tuned),0,0.2
0,Best single (tuned),0,0.0
0,Best single (tuned),0,0.2
0,Best single (tuned),0,0.1
0,Best single (tuned),0,0.6
0,Best single (tuned),0,0.0
0,Best single (tuned),1,0.9
0,Best single (tuned),1,0.9
0,Best single (tuned),0,0.5
0,Best single (tuned),1,0.3
0,Best single (tuned),0,0.1
0,Best single (tuned),1,0.9
0,Best single (tuned),0,0.0
0,Best single (tuned),1,0.6
0,Best single (tuned),1,0.8
0,Best single (tuned),0,0.2
0,Best single (tuned),1,0.4
0,Best single (tuned),1,0.9
0,Best single (tuned),1,0.9
0,Best single (tuned),0,0.0
0,Best single (tuned),1,0.7
0,Best single (tuned),1,0.8
0,Best single (tuned),0,0.0
0,Best single (tuned),0,0.5
0,Best single (tuned),0,0.0
0,Best single (tuned),0,0.0
0,Best single (tuned),1,0.9
0,Best single (tuned),0,1.0
0,Best single (tuned),1,0.7
0,Best single (tuned),1,0.9
0,Best single (tuned),1,1.0
0,Best single (tuned),1,1.0
0,Best single (tuned),1,1.0
0,Best single (tuned),1,1.0
0,Best single (tuned),1,0.2
0,Best single (tuned),0,0.0
0,Best single (tuned),0,0.0
0,Best single (tuned),0,0.1
0,Best single (tuned),1,0.9
0,Best single (tuned),0,0.0
0,Best single (tuned),1,0.6
0,Best single (tuned),1,0.5
0,Best single (tuned),1,0.9
0,Best single (tuned),0,0.1
0,Best single (tuned),1,0.4
0,Best single (tuned),1,0.9
0,Best single (tuned),1,0.4
0,Best single (tuned),0,0.3
1,A0 Paper stacking,0,0.5815053636653318
1,A0 Paper stacking,1,0.9242792659034905
1,A0 Paper stacking,1,0.932304135845583
1,A0 Paper stacking,0,0.12241752393776377
1,A0 Paper stacking,0,0.8986992237759865
1,A0 Paper stacking,1,0.8916588201127035
1,A0 Paper stacking,0,0.9268065549358508
1,A0 Paper stacking,1,0.8867701873521618
1,A0 Paper stacking,1,0.84137409961235
1,A0 Paper stacking,1,0.9073514245069928
1,A0 Paper stacking,0,0.826486791579172
1,A0 Paper stacking,1,0.881635294699244
1,A0 Paper stacking,0,0.06373787590144675
1,A0 Paper stacking,0,0.06953672954759876
1,A0 Paper stacking,1,0.9215086096149457
1,A0 Paper stacking,1,0.8481400735128434
1,A0 Paper stacking,1,0.9330340166903291
1,A0 Paper stacking,0,0.07756089811864317
1,A0 Paper stacking,0,0.11364520404981153
1,A0 Paper stacking,0,0.6609567815118136
1,A0 Paper stacking,0,0.066839969327414
1,A0 Paper stacking,0,0.0599899820788863
1,A0 Paper stacking,1,0.9264254478334569
1,A0 Paper stacking,1,0.7798735825488021
1,A0 Paper stacking,0,0.32767324033280143
1,A0 Paper stacking,1,0.7953700891642007
1,A0 Paper stacking,1,0.9141249600407865
1,A0 Paper stacking,0,0.4674025189921815
1,A0 Paper stacking,0,0.6242111918618286
1,A0 Paper stacking,0,0.0889023275413163
1,A0 Paper stacking,1,0.8527944184240486
1,A0 Paper stacking,0,0.06790856186508167
1,A0 Paper stacking,0,0.07690273376905177
1,A0 Paper stacking,1,0.8931896139320401
1,A0 Paper stacking,1,0.8916572611730792
1,A0 Paper stacking,0,0.06027080915539692
1,A0 Paper stacking,1,0.7992348496306865
1,A0 Paper stacking,1,0.9219942649495159
1,A0 Paper stacking,1,0.929828965833757
1,A0 Paper stacking,1,0.9213538346735938
1,A0 Paper stacking,0,0.5802092387238154
1,A0 Paper stacking,0,0.3490934303477152
1,A0 Paper stacking,1,0.9084253061469139
1,A0 Paper stacking,1,0.9101383594454839
1,A0 Paper stacking,1,0.8940346190342379
1,A0 Paper stacking,0,0.060024908941964696
1,A0 Paper stacking,1,0.28653356420146253
1,A0 Paper stacking,0,0.37330093021588084
1,A0 Paper stacking,0,0.08304479777352196
1,A0 Paper stacking,0,0.746392450073975
1,A0 Paper stacking,0,0.16262390212790945
1,A0 Paper stacking,1,0.5393239769516793
1,A0 Paper stacking,0,0.13778954256234843
1,A0 Paper stacking,1,0.9229387092286211
1,A0 Paper stacking,0,0.680141052378891
1,A0 Paper stacking,1,0.9280703580531353
1,A0 Paper stacking,1,0.8629545227081664
1,A0 Paper stacking,1,0.9099223210515273
1,A0 Paper stacking,1,0.4197275160680147
1,A0 Paper stacking,1,0.9304164129600404
1,A0 Paper stacking,1,0.8915972366778526
1,A1 +Typed prep,0,0.7006058634175227
1,A1 +Typed prep,1,0.9211886079518351
1,A1 +Typed prep,1,0.9255682812847968
1,A1 +Typed prep,0,0.19687185012123873
1,A1 +Typed prep,0,0.8688006339175548
1,A1 +Typed prep,1,0.878725090036029
1,A1 +Typed prep,0,0.9142638198367445
1,A1 +Typed prep,1,0.8779170459539357
1,A1 +Typed prep,1,0.6912168619453618
1,A1 +Typed prep,1,0.8849353018770456
1,A1 +Typed prep,0,0.7881896839558904
1,A1 +Typed prep,1,0.8657753432360963
1,A1 +Typed prep,0,0.07832495870118152
1,A1 +Typed prep,0,0.0825854017632874
1,A1 +Typed prep,1,0.901784843398355
1,A1 +Typed prep,1,0.8352159348163978
1,A1 +Typed prep,1,0.925832448799144
1,A1 +Typed prep,0,0.17563167703299798
1,A1 +Typed prep,0,0.15188759377733377
1,A1 +Typed prep,0,0.6711114967023946
1,A1 +Typed prep,0,0.07645222578079561
1,A1 +Typed prep,0,0.06873649372921514
1,A1 +Typed prep,1,0.9234615317799815
1,A1 +Typed prep,1,0.8573969667488875
1,A1 +Typed prep,0,0.3887717970787069
1,A1 +Typed prep,1,0.5001053672867195
1,A1 +Typed prep,1,0.9065401140825152
1,A1 +Typed prep,0,0.5065345022440754
1,A1 +Typed prep,0,0.503797693308612
1,A1 +Typed prep,0,0.08376451930904376
1,A1 +Typed prep,1,0.8515877324559916
1,A1 +Typed prep,0,0.10857143258261759
1,A1 +Typed prep,0,0.110339366700588
1,A1 +Typed prep,1,0.8843054301949683
1,A1 +Typed prep,1,0.8624902977309825
1,A1 +Typed prep,0,0.07107924718824209
1,A1 +Typed prep,1,0.8505805698067493
1,A1 +Typed prep,1,0.9194333697459898
1,A1 +Typed prep,1,0.9252082675245022
1,A1 +Typed prep,1,0.9063462797823546
1,A1 +Typed prep,0,0.65163023921152
1,A1 +Typed prep,0,0.5634494446545543
1,A1 +Typed prep,1,0.880985081371398
1,A1 +Typed prep,1,0.894414813249769
1,A1 +Typed prep,1,0.8488820373123246
1,A1 +Typed prep,0,0.06884069760960723
1,A1 +Typed prep,1,0.47152564702064
1,A1 +Typed prep,0,0.2741714806669611
1,A1 +Typed prep,0,0.17121931386232644
1,A1 +Typed prep,0,0.8794512239316344
1,A1 +Typed prep,0,0.19265721586350062
1,A1 +Typed prep,1,0.7865417426197799
1,A1 +Typed prep,0,0.15324267747926426
1,A1 +Typed prep,1,0.9157617912090725
1,A1 +Typed prep,0,0.6565131629964999
1,A1 +Typed prep,1,0.9192474168392221
1,A1 +Typed prep,1,0.8014638437530004
1,A1 +Typed prep,1,0.8785473891526061
1,A1 +Typed prep,1,0.41506045706494743
1,A1 +Typed prep,1,0.9103140683670952
1,A1 +Typed prep,1,0.8815601059003039
1,A2 +Tuned (6),0,0.7456205069113137
1,A2 +Tuned (6),1,0.9384489399913387
1,A2 +Tuned (6),1,0.9400242280917991
1,A2 +Tuned (6),0,0.13843432944389505
1,A2 +Tuned (6),0,0.8653545190575068
1,A2 +Tuned (6),1,0.8785123590904987
1,A2 +Tuned (6),0,0.9164675119322786
1,A2 +Tuned (6),1,0.918336669011343
1,A2 +Tuned (6),1,0.7891999577586654
1,A2 +Tuned (6),1,0.9255073167895163
1,A2 +Tuned (6),0,0.8561213518565439
1,A2 +Tuned (6),1,0.8886227586314366
1,A2 +Tuned (6),0,0.06025660062912024
1,A2 +Tuned (6),0,0.06641548803766982
1,A2 +Tuned (6),1,0.9180391142283463
1,A2 +Tuned (6),1,0.7873145839321546
1,A2 +Tuned (6),1,0.9365708798021676
1,A2 +Tuned (6),0,0.13994583045783315
1,A2 +Tuned (6),0,0.1750865495857078
1,A2 +Tuned (6),0,0.6914195149999752
1,A2 +Tuned (6),0,0.05976866535648584
1,A2 +Tuned (6),0,0.04460719535063001
1,A2 +Tuned (6),1,0.9358814669838506
1,A2 +Tuned (6),1,0.9116663608276032
1,A2 +Tuned (6),0,0.34083457675384987
1,A2 +Tuned (6),1,0.6231353121769609
1,A2 +Tuned (6),1,0.9314764872682698
1,A2 +Tuned (6),0,0.5345617450983631
1,A2 +Tuned (6),0,0.3895970329542263
1,A2 +Tuned (6),0,0.0713476812649781
1,A2 +Tuned (6),1,0.8569445468181525
1,A2 +Tuned (6),0,0.08528624022657676
1,A2 +Tuned (6),0,0.1136508162271178
1,A2 +Tuned (6),1,0.9370169318593724
1,A2 +Tuned (6),1,0.9090590135895691
1,A2 +Tuned (6),0,0.05370587077763157
1,A2 +Tuned (6),1,0.8559382641572191
1,A2 +Tuned (6),1,0.9326768465308177
1,A2 +Tuned (6),1,0.9437228707420984
1,A2 +Tuned (6),1,0.9302471183551722
1,A2 +Tuned (6),0,0.5089395378055679
1,A2 +Tuned (6),0,0.6238883782981256
1,A2 +Tuned (6),1,0.8743843612989829
1,A2 +Tuned (6),1,0.9352067924656616
1,A2 +Tuned (6),1,0.8905356873181595
1,A2 +Tuned (6),0,0.046259920007138404
1,A2 +Tuned (6),1,0.552335049686142
1,A2 +Tuned (6),0,0.2322011468827242
1,A2 +Tuned (6),0,0.19908334152605278
1,A2 +Tuned (6),0,0.8633563012742327
1,A2 +Tuned (6),0,0.1965179112663615
1,A2 +Tuned (6),1,0.8294452680905089
1,A2 +Tuned (6),0,0.13363846455608075
1,A2 +Tuned (6),1,0.93377194873183
1,A2 +Tuned (6),0,0.7374095886167655
1,A2 +Tuned (6),1,0.9319617866722074
1,A2 +Tuned (6),1,0.8502356287901836
1,A2 +Tuned (6),1,0.9139726077805734
1,A2 +Tuned (6),1,0.43041714321762253
1,A2 +Tuned (6),1,0.9418885715315145
1,A2 +Tuned (6),1,0.8857143128682068
1,A2b +Tuned+SVM (7),0,0.7305014519474458
1,A2b +Tuned+SVM (7),1,0.9390788534777849
1,A2b +Tuned+SVM (7),1,0.9395168423568419
1,A2b +Tuned+SVM (7),0,0.14255079104208088
1,A2b +Tuned+SVM (7),0,0.8672256774434576
1,A2b +Tuned+SVM (7),1,0.8828405830951592
1,A2b +Tuned+SVM (7),0,0.918668121866382
1,A2b +Tuned+SVM (7),1,0.9161889895387684
1,A2b +Tuned+SVM (7),1,0.7948795318653209
1,A2b +Tuned+SVM (7),1,0.9299189048214107
1,A2b +Tuned+SVM (7),0,0.8605515304750277
1,A2b +Tuned+SVM (7),1,0.8952348031482799
1,A2b +Tuned+SVM (7),0,0.05721196764189491
1,A2b +Tuned+SVM (7),0,0.06377668351637511
1,A2b +Tuned+SVM (7),1,0.9207387816792414
1,A2b +Tuned+SVM (7),1,0.7763701711618682
1,A2b +Tuned+SVM (7),1,0.9357698051245535
1,A2b +Tuned+SVM (7),0,0.14012018264410986
1,A2b +Tuned+SVM (7),0,0.1621931094109342
1,A2b +Tuned+SVM (7),0,0.7108375975976586
1,A2b +Tuned+SVM (7),0,0.058237017872951886
1,A2b +Tuned+SVM (7),0,0.043493129692706
1,A2b +Tuned+SVM (7),1,0.9359712864916909
1,A2b +Tuned+SVM (7),1,0.9158674092386029
1,A2b +Tuned+SVM (7),0,0.32838773855141984
1,A2b +Tuned+SVM (7),1,0.6518971699570478
1,A2b +Tuned+SVM (7),1,0.9314872600287656
1,A2b +Tuned+SVM (7),0,0.5814361443645512
1,A2b +Tuned+SVM (7),0,0.3858814900347321
1,A2b +Tuned+SVM (7),0,0.06870921800621015
1,A2b +Tuned+SVM (7),1,0.845250289443013
1,A2b +Tuned+SVM (7),0,0.08378498768377106
1,A2b +Tuned+SVM (7),0,0.11103913980603348
1,A2b +Tuned+SVM (7),1,0.9372868796796221
1,A2b +Tuned+SVM (7),1,0.9092304332924837
1,A2b +Tuned+SVM (7),0,0.05092710838469447
1,A2b +Tuned+SVM (7),1,0.8518641982129851
1,A2b +Tuned+SVM (7),1,0.9335494792045463
1,A2b +Tuned+SVM (7),1,0.943113691508476
1,A2b +Tuned+SVM (7),1,0.9284861454862903
1,A2b +Tuned+SVM (7),0,0.503277877939414
1,A2b +Tuned+SVM (7),0,0.6230454715802647
1,A2b +Tuned+SVM (7),1,0.8843822562005934
1,A2b +Tuned+SVM (7),1,0.935032990150834
1,A2b +Tuned+SVM (7),1,0.8850838496271706
1,A2b +Tuned+SVM (7),0,0.04480694607354785
1,A2b +Tuned+SVM (7),1,0.5584276682063131
1,A2b +Tuned+SVM (7),0,0.22495737552734016
1,A2b +Tuned+SVM (7),0,0.18865403505581738
1,A2b +Tuned+SVM (7),0,0.8656713373436098
1,A2b +Tuned+SVM (7),0,0.20121857957133904
1,A2b +Tuned+SVM (7),1,0.8517948319845821
1,A2b +Tuned+SVM (7),0,0.13544470077229595
1,A2b +Tuned+SVM (7),1,0.9342841888279376
1,A2b +Tuned+SVM (7),0,0.7473245623204708
1,A2b +Tuned+SVM (7),1,0.9320065501586943
1,A2b +Tuned+SVM (7),1,0.8474872345522645
1,A2b +Tuned+SVM (7),1,0.9152563360620805
1,A2b +Tuned+SVM (7),1,0.42910284752269884
1,A2b +Tuned+SVM (7),1,0.9425859593041118
1,A2b +Tuned+SVM (7),1,0.8957171560695566
1,A3 LF-DPS (proposed),0,0.6760797020935244
1,A3 LF-DPS (proposed),1,0.9298113163930437
1,A3 LF-DPS (proposed),1,0.9298896381996903
1,A3 LF-DPS (proposed),0,0.17160475743622902
1,A3 LF-DPS (proposed),0,0.8470990016156196
1,A3 LF-DPS (proposed),1,0.8522608661186833
1,A3 LF-DPS (proposed),0,0.8989653610453041
1,A3 LF-DPS (proposed),1,0.9014043185055876
1,A3 LF-DPS (proposed),1,0.7696178250831587
1,A3 LF-DPS (proposed),1,0.9180304242631809
1,A3 LF-DPS (proposed),0,0.8683944338368166
1,A3 LF-DPS (proposed),1,0.8985518827652003
1,A3 LF-DPS (proposed),0,0.06750763818089556
1,A3 LF-DPS (proposed),0,0.07352343107887532
1,A3 LF-DPS (proposed),1,0.8988975594374827
1,A3 LF-DPS (proposed),1,0.7489455254791967
1,A3 LF-DPS (proposed),1,0.9241054738197649
1,A3 LF-DPS (proposed),0,0.20931258845740555
1,A3 LF-DPS (proposed),0,0.15346262999524188
1,A3 LF-DPS (proposed),0,0.7756433036957314
1,A3 LF-DPS (proposed),0,0.06298790285319153
1,A3 LF-DPS (proposed),0,0.04453133883554267
1,A3 LF-DPS (proposed),1,0.9264121013186141
1,A3 LF-DPS (proposed),1,0.9142987723718344
1,A3 LF-DPS (proposed),0,0.341930511683994
1,A3 LF-DPS (proposed),1,0.6144965056412754
1,A3 LF-DPS (proposed),1,0.9208509106494074
1,A3 LF-DPS (proposed),0,0.6272546588211906
1,A3 LF-DPS (proposed),0,0.4066377411087544
1,A3 LF-DPS (proposed),0,0.08215724592252614
1,A3 LF-DPS (proposed),1,0.8366068776012782
1,A3 LF-DPS (proposed),0,0.09115085255373642
1,A3 LF-DPS (proposed),0,0.14903872502170015
1,A3 LF-DPS (proposed),1,0.9299108650612378
1,A3 LF-DPS (proposed),1,0.8871105754936772
1,A3 LF-DPS (proposed),0,0.05445705400479707
1,A3 LF-DPS (proposed),1,0.8164884722513327
1,A3 LF-DPS (proposed),1,0.9236533887027081
1,A3 LF-DPS (proposed),1,0.9362932065248089
1,A3 LF-DPS (proposed),1,0.9137615765075852
1,A3 LF-DPS (proposed),0,0.46221515966608495
1,A3 LF-DPS (proposed),0,0.6022149205464183
1,A3 LF-DPS (proposed),1,0.8627434464536664
1,A3 LF-DPS (proposed),1,0.9267608710595371
1,A3 LF-DPS (proposed),1,0.8557877494804829
1,A3 LF-DPS (proposed),0,0.046860342720620965
1,A3 LF-DPS (proposed),1,0.6105748272859123
1,A3 LF-DPS (proposed),0,0.2917791640397693
1,A3 LF-DPS (proposed),0,0.19254751291343306
1,A3 LF-DPS (proposed),0,0.8550493268731505
1,A3 LF-DPS (proposed),0,0.24403249902723767
1,A3 LF-DPS (proposed),1,0.8757136395267596
1,A3 LF-DPS (proposed),0,0.16155141991918795
1,A3 LF-DPS (proposed),1,0.929056030724977
1,A3 LF-DPS (proposed),0,0.7707008373430542
1,A3 LF-DPS (proposed),1,0.9221025006023672
1,A3 LF-DPS (proposed),1,0.7991762599937496
1,A3 LF-DPS (proposed),1,0.9009428136240537
1,A3 LF-DPS (proposed),1,0.440716414497985
1,A3 LF-DPS (proposed),1,0.934316076364466
1,A3 LF-DPS (proposed),1,0.9121841391548742
1,Best single (tuned),0,0.6234208257607885
1,Best single (tuned),1,0.9213917707688108
1,Best single (tuned),1,0.9300779006903825
1,Best single (tuned),0,0.24639802567929484
1,Best single (tuned),0,0.7478263464745188
1,Best single (tuned),1,0.7442004669330224
1,Best single (tuned),0,0.7718559957438536
1,Best single (tuned),1,0.8283313519060296
1,Best single (tuned),1,0.61894952209959
1,Best single (tuned),1,0.8641951288900931
1,Best single (tuned),0,0.7518711226118617
1,Best single (tuned),1,0.8148183904946229
1,Best single (tuned),0,0.17448653642392986
1,Best single (tuned),0,0.1285641255953258
1,Best single (tuned),1,0.8165616539145957
1,Best single (tuned),1,0.6394273792992492
1,Best single (tuned),1,0.9242775796418929
1,Best single (tuned),0,0.34070460860849716
1,Best single (tuned),0,0.2347651425991267
1,Best single (tuned),0,0.6535173299153222
1,Best single (tuned),0,0.0942936750467913
1,Best single (tuned),0,0.02920967458939153
1,Best single (tuned),1,0.8847559472633503
1,Best single (tuned),1,0.8625981650025498
1,Best single (tuned),0,0.4674385343233762
1,Best single (tuned),1,0.4759277608325101
1,Best single (tuned),1,0.8870881060889478
1,Best single (tuned),0,0.4962157669738571
1,Best single (tuned),0,0.4984810892583166
1,Best single (tuned),0,0.16340643891694506
1,Best single (tuned),1,0.7356143167833418
1,Best single (tuned),0,0.22414629990209586
1,Best single (tuned),0,0.3081862328277191
1,Best single (tuned),1,0.934930545561456
1,Best single (tuned),1,0.8185127455575847
1,Best single (tuned),0,0.0846729638841908
1,Best single (tuned),1,0.7204375336687373
1,Best single (tuned),1,0.9082520251663614
1,Best single (tuned),1,0.9554948531226826
1,Best single (tuned),1,0.8173283226014344
1,Best single (tuned),0,0.45332974365713224
1,Best single (tuned),0,0.61125188005711
1,Best single (tuned),1,0.7118627924795284
1,Best single (tuned),1,0.9060642653772762
1,Best single (tuned),1,0.7558648354702011
1,Best single (tuned),0,0.03909983052693908
1,Best single (tuned),1,0.5521997355208879
1,Best single (tuned),0,0.3962911776368003
1,Best single (tuned),0,0.33289405317621534
1,Best single (tuned),0,0.7439414616698471
1,Best single (tuned),0,0.38423608249960606
1,Best single (tuned),1,0.725617704675196
1,Best single (tuned),0,0.27461985456458005
1,Best single (tuned),1,0.9257396502518033
1,Best single (tuned),0,0.6414915009922395
1,Best single (tuned),1,0.8698793916029356
1,Best single (tuned),1,0.698768530138034
1,Best single (tuned),1,0.7850652263446339
1,Best single (tuned),1,0.4215425997849939
1,Best single (tuned),1,0.9369412956010372
1,Best single (tuned),1,0.8313822002503244
2,A0 Paper stacking,0,0.1449464881420438
2,A0 Paper stacking,0,0.10883346488650499
2,A0 Paper stacking,0,0.06274907158539497
2,A0 Paper stacking,0,0.07690795242471561
2,A0 Paper stacking,0,0.06287547990149878
2,A0 Paper stacking,0,0.3789406059605167
2,A0 Paper stacking,1,0.12547430404359058
2,A0 Paper stacking,0,0.08895860332793788
2,A0 Paper stacking,1,0.8894287357104526
2,A0 Paper stacking,1,0.7214109730398546
2,A0 Paper stacking,0,0.173589771688398
2,A0 Paper stacking,0,0.0683459178421086
2,A0 Paper stacking,1,0.7638028004617415
2,A0 Paper stacking,0,0.6233398555690359
2,A0 Paper stacking,1,0.9344436006981072
2,A0 Paper stacking,1,0.8509197814248656
2,A0 Paper stacking,1,0.69256455190287
2,A0 Paper stacking,0,0.38170965669799023
2,A0 Paper stacking,1,0.849203479248973
2,A0 Paper stacking,1,0.8287441441048615
2,A0 Paper stacking,0,0.7172571619956287
2,A0 Paper stacking,1,0.9237474908092832
2,A0 Paper stacking,0,0.08776695202175745
2,A0 Paper stacking,0,0.7948751696234199
2,A0 Paper stacking,0,0.06497005985568817
2,A0 Paper stacking,1,0.9267828045153668
2,A0 Paper stacking,0,0.13573066382810806
2,A0 Paper stacking,1,0.749250252831913
2,A0 Paper stacking,1,0.7754289640075094
2,A0 Paper stacking,0,0.08709188318488112
2,A0 Paper stacking,0,0.07104503477868593
2,A0 Paper stacking,1,0.8917965046858167
2,A0 Paper stacking,1,0.8797269735389445
2,A0 Paper stacking,0,0.8604994706302769
2,A0 Paper stacking,1,0.9267723272308623
2,A0 Paper stacking,1,0.7250291413336608
2,A0 Paper stacking,1,0.886647828641447
2,A0 Paper stacking,1,0.19131765557079666
2,A0 Paper stacking,1,0.9276601345451185
2,A0 Paper stacking,1,0.9312087288509183
2,A0 Paper stacking,0,0.0915447915523433
2,A0 Paper stacking,1,0.8861575186637375
2,A0 Paper stacking,1,0.9198577609292963
2,A0 Paper stacking,0,0.16387010657420584
2,A0 Paper stacking,0,0.061052600133909875
2,A0 Paper stacking,1,0.8436833260340357
2,A0 Paper stacking,1,0.09954639321422802
2,A0 Paper stacking,1,0.6984088102987652
2,A0 Paper stacking,0,0.17184131447519987
2,A0 Paper stacking,0,0.6663697364105556
2,A0 Paper stacking,1,0.7672084473931083
2,A0 Paper stacking,0,0.08873795737551193
2,A0 Paper stacking,0,0.3457616829318594
2,A0 Paper stacking,1,0.5116754911885808
2,A0 Paper stacking,1,0.31506297552875784
2,A0 Paper stacking,1,0.7252629719552901
2,A0 Paper stacking,1,0.9141500837219313
2,A0 Paper stacking,1,0.8928025919520529
2,A0 Paper stacking,0,0.2858508653478412
2,A0 Paper stacking,0,0.3711588229988913
2,A1 +Typed prep,0,0.11999985222304944
2,A1 +Typed prep,0,0.0652010848904785
2,A1 +Typed prep,0,0.05428815100677224
2,A1 +Typed prep,0,0.06346691060102724
2,A1 +Typed prep,0,0.05533916703279606
2,A1 +Typed prep,0,0.6527366869193614
2,A1 +Typed prep,1,0.2177082485318694
2,A1 +Typed prep,0,0.06194749880849385
2,A1 +Typed prep,1,0.9175243241484506
2,A1 +Typed prep,1,0.5535891565505034
2,A1 +Typed prep,0,0.07191531973381238
2,A1 +Typed prep,0,0.06062207333100667
2,A1 +Typed prep,1,0.8495523594995154
2,A1 +Typed prep,0,0.4830194943692347
2,A1 +Typed prep,1,0.9270556884054616
2,A1 +Typed prep,1,0.8803359447588719
2,A1 +Typed prep,1,0.6076157273107858
2,A1 +Typed prep,0,0.18809782441279796
2,A1 +Typed prep,1,0.8192056044647308
2,A1 +Typed prep,1,0.530930816719
2,A1 +Typed prep,0,0.7100858137214827
2,A1 +Typed prep,1,0.9023120249043362
2,A1 +Typed prep,0,0.08247109583345828
2,A1 +Typed prep,0,0.7448958772169387
2,A1 +Typed prep,0,0.055941285048003477
2,A1 +Typed prep,1,0.9322420735076686
2,A1 +Typed prep,0,0.11492562189460846
2,A1 +Typed prep,1,0.8541766854462959
2,A1 +Typed prep,1,0.8026212483616855
2,A1 +Typed prep,0,0.06722263332065365
2,A1 +Typed prep,0,0.055599562425618
2,A1 +Typed prep,1,0.9225714374689564
2,A1 +Typed prep,1,0.8705771959068739
2,A1 +Typed prep,0,0.8151605927079029
2,A1 +Typed prep,1,0.9328576590148946
2,A1 +Typed prep,1,0.8241263809852938
2,A1 +Typed prep,1,0.8944679458224024
2,A1 +Typed prep,1,0.13474773557867425
2,A1 +Typed prep,1,0.9308159982280463
2,A1 +Typed prep,1,0.9311179179680459
2,A1 +Typed prep,0,0.07275945075882224
2,A1 +Typed prep,1,0.8748578419507661
2,A1 +Typed prep,1,0.9090085235658193
2,A1 +Typed prep,0,0.14195306558239312
2,A1 +Typed prep,0,0.053523496646001575
2,A1 +Typed prep,1,0.8910403135221441
2,A1 +Typed prep,1,0.06175447372999387
2,A1 +Typed prep,1,0.5367058156466565
2,A1 +Typed prep,0,0.11707604887629657
2,A1 +Typed prep,0,0.8949854271525719
2,A1 +Typed prep,1,0.894374471109024
2,A1 +Typed prep,0,0.07512839172514311
2,A1 +Typed prep,0,0.1795031344837511
2,A1 +Typed prep,1,0.595660435156158
2,A1 +Typed prep,1,0.2006544210530675
2,A1 +Typed prep,1,0.7743066785859815
2,A1 +Typed prep,1,0.8915392294083355
2,A1 +Typed prep,1,0.8273852485419355
2,A1 +Typed prep,0,0.4639149993250639
2,A1 +Typed prep,0,0.14205861225270383
2,A2 +Tuned (6),0,0.11563593900940744
2,A2 +Tuned (6),0,0.07978064327075424
2,A2 +Tuned (6),0,0.06424067985858828
2,A2 +Tuned (6),0,0.08863732990050101
2,A2 +Tuned (6),0,0.06635389975769852
2,A2 +Tuned (6),0,0.5963213065052766
2,A2 +Tuned (6),1,0.1574825779001279
2,A2 +Tuned (6),0,0.07024818558940421
2,A2 +Tuned (6),1,0.9165695639519109
2,A2 +Tuned (6),1,0.3881395440171713
2,A2 +Tuned (6),0,0.08203362311342965
2,A2 +Tuned (6),0,0.07185603074795309
2,A2 +Tuned (6),1,0.8233412735155566
2,A2 +Tuned (6),0,0.38890038420629064
2,A2 +Tuned (6),1,0.9214845766901537
2,A2 +Tuned (6),1,0.9259785016852268
2,A2 +Tuned (6),1,0.8206154147521076
2,A2 +Tuned (6),0,0.17060776516621612
2,A2 +Tuned (6),1,0.8847334356148496
2,A2 +Tuned (6),1,0.2748460558891339
2,A2 +Tuned (6),0,0.7941152108569737
2,A2 +Tuned (6),1,0.9193957709494582
2,A2 +Tuned (6),0,0.11832158185822558
2,A2 +Tuned (6),0,0.750254970207778
2,A2 +Tuned (6),0,0.06800094498459353
2,A2 +Tuned (6),1,0.9281837874926646
2,A2 +Tuned (6),0,0.1580290071598672
2,A2 +Tuned (6),1,0.8582725454875414
2,A2 +Tuned (6),1,0.7212590483974837
2,A2 +Tuned (6),0,0.07255903248997789
2,A2 +Tuned (6),0,0.06934545643133821
2,A2 +Tuned (6),1,0.9235457854516219
2,A2 +Tuned (6),1,0.8947013483744904
2,A2 +Tuned (6),0,0.8955460341614073
2,A2 +Tuned (6),1,0.9267236389041729
2,A2 +Tuned (6),1,0.7845794419727959
2,A2 +Tuned (6),1,0.8817458162924116
2,A2 +Tuned (6),1,0.09352984168294735
2,A2 +Tuned (6),1,0.926741537769598
2,A2 +Tuned (6),1,0.9283385424664897
2,A2 +Tuned (6),0,0.06353541275897137
2,A2 +Tuned (6),1,0.88316329489626
2,A2 +Tuned (6),1,0.9271606121841846
2,A2 +Tuned (6),0,0.13747992276352103
2,A2 +Tuned (6),0,0.06283233495939572
2,A2 +Tuned (6),1,0.8522329959867294
2,A2 +Tuned (6),1,0.08214568433078931
2,A2 +Tuned (6),1,0.45191839783018317
2,A2 +Tuned (6),0,0.14061985972991126
2,A2 +Tuned (6),0,0.8819943474418106
2,A2 +Tuned (6),1,0.9241716663553733
2,A2 +Tuned (6),0,0.07972548363240577
2,A2 +Tuned (6),0,0.2740484359665131
2,A2 +Tuned (6),1,0.3879967698354487
2,A2 +Tuned (6),1,0.18632251626617027
2,A2 +Tuned (6),1,0.7627926520055358
2,A2 +Tuned (6),1,0.8852005486737332
2,A2 +Tuned (6),1,0.9111141484700019
2,A2 +Tuned (6),0,0.40142336382510196
2,A2 +Tuned (6),0,0.2201387286102767
2,A2b +Tuned+SVM (7),0,0.09948664398805701
2,A2b +Tuned+SVM (7),0,0.07401704776170848
2,A2b +Tuned+SVM (7),0,0.062347724080675425
2,A2b +Tuned+SVM (7),0,0.0838955077663825
2,A2b +Tuned+SVM (7),0,0.06263767189958616
2,A2b +Tuned+SVM (7),0,0.592196896411705
2,A2b +Tuned+SVM (7),1,0.15363303764258116
2,A2b +Tuned+SVM (7),0,0.06663478484996646
2,A2b +Tuned+SVM (7),1,0.9190436852323571
2,A2b +Tuned+SVM (7),1,0.3848141578272533
2,A2b +Tuned+SVM (7),0,0.07712141667177932
2,A2b +Tuned+SVM (7),0,0.06824022039450932
2,A2b +Tuned+SVM (7),1,0.8331330630038087
2,A2b +Tuned+SVM (7),0,0.3379993510092766
2,A2b +Tuned+SVM (7),1,0.9271821598106349
2,A2b +Tuned+SVM (7),1,0.9321349931575132
2,A2b +Tuned+SVM (7),1,0.8388616107250556
2,A2b +Tuned+SVM (7),0,0.16499157357009414
2,A2b +Tuned+SVM (7),1,0.8816770099209481
2,A2b +Tuned+SVM (7),1,0.3018640115285969
2,A2b +Tuned+SVM (7),0,0.8066637451521539
2,A2b +Tuned+SVM (7),1,0.9241607688271667
2,A2b +Tuned+SVM (7),0,0.10951454993115207
2,A2b +Tuned+SVM (7),0,0.7743229379588529
2,A2b +Tuned+SVM (7),0,0.06431835173377441
2,A2b +Tuned+SVM (7),1,0.931581606742948
2,A2b +Tuned+SVM (7),0,0.1490980133848293
2,A2b +Tuned+SVM (7),1,0.8678583177508142
2,A2b +Tuned+SVM (7),1,0.7393767159073846
2,A2b +Tuned+SVM (7),0,0.06953019683328251
2,A2b +Tuned+SVM (7),0,0.06696268574175286
2,A2b +Tuned+SVM (7),1,0.9286423393668372
2,A2b +Tuned+SVM (7),1,0.9042679217729324
2,A2b +Tuned+SVM (7),0,0.9058622630296372
2,A2b +Tuned+SVM (7),1,0.9297828091678935
2,A2b +Tuned+SVM (7),1,0.7922608376858734
2,A2b +Tuned+SVM (7),1,0.8936922790831422
2,A2b +Tuned+SVM (7),1,0.09174290959850138
2,A2b +Tuned+SVM (7),1,0.9300663946863496
2,A2b +Tuned+SVM (7),1,0.93123416702055
2,A2b +Tuned+SVM (7),0,0.05859022864198887
2,A2b +Tuned+SVM (7),1,0.8803716814257103
2,A2b +Tuned+SVM (7),1,0.9312354059230034
2,A2b +Tuned+SVM (7),0,0.11726309737849366
2,A2b +Tuned+SVM (7),0,0.059849591247789394
2,A2b +Tuned+SVM (7),1,0.8480755642624209
2,A2b +Tuned+SVM (7),1,0.07519930538584775
2,A2b +Tuned+SVM (7),1,0.44048453528609166
2,A2b +Tuned+SVM (7),0,0.13912541691300917
2,A2b +Tuned+SVM (7),0,0.8800152640586986
2,A2b +Tuned+SVM (7),1,0.9303013370604833
2,A2b +Tuned+SVM (7),0,0.07594613085994473
2,A2b +Tuned+SVM (7),0,0.3028055011184405
2,A2b +Tuned+SVM (7),1,0.3802315399223831
2,A2b +Tuned+SVM (7),1,0.20518194892200542
2,A2b +Tuned+SVM (7),1,0.7743675404574328
2,A2b +Tuned+SVM (7),1,0.8965583604191235
2,A2b +Tuned+SVM (7),1,0.9131525436871737
2,A2b +Tuned+SVM (7),0,0.41703298417909906
2,A2b +Tuned+SVM (7),0,0.22170796499080908
2,A3 LF-DPS (proposed),0,0.1441000315668101
2,A3 LF-DPS (proposed),0,0.09860656991449537
2,A3 LF-DPS (proposed),0,0.06939456914572431
2,A3 LF-DPS (proposed),0,0.10115556578982006
2,A3 LF-DPS (proposed),0,0.06979168951182946
2,A3 LF-DPS (proposed),0,0.658559528474888
2,A3 LF-DPS (proposed),1,0.26898577464858764
2,A3 LF-DPS (proposed),0,0.0849999321126054
2,A3 LF-DPS (proposed),1,0.9084931927194952
2,A3 LF-DPS (proposed),1,0.6197348544166997
2,A3 LF-DPS (proposed),0,0.12920883812921918
2,A3 LF-DPS (proposed),0,0.0817010227571438
2,A3 LF-DPS (proposed),1,0.7786792877961447
2,A3 LF-DPS (proposed),0,0.4591423744440083
2,A3 LF-DPS (proposed),1,0.9172360919886962
2,A3 LF-DPS (proposed),1,0.8771419254241447
2,A3 LF-DPS (proposed),1,0.7118180312682669
2,A3 LF-DPS (proposed),0,0.3013854708929844
2,A3 LF-DPS (proposed),1,0.8518992352785868
2,A3 LF-DPS (proposed),1,0.4417850120786087
2,A3 LF-DPS (proposed),0,0.7728508176379123
2,A3 LF-DPS (proposed),1,0.9067432025023376
2,A3 LF-DPS (proposed),0,0.12221479476967426
2,A3 LF-DPS (proposed),0,0.6734760867841889
2,A3 LF-DPS (proposed),0,0.07579565942642076
2,A3 LF-DPS (proposed),1,0.9222326623017311
2,A3 LF-DPS (proposed),0,0.1628110246642442
2,A3 LF-DPS (proposed),1,0.7980555647231339
2,A3 LF-DPS (proposed),1,0.6239488676989935
2,A3 LF-DPS (proposed),0,0.07186569482320108
2,A3 LF-DPS (proposed),0,0.07591390514504716
2,A3 LF-DPS (proposed),1,0.907902251235099
2,A3 LF-DPS (proposed),1,0.8957726594730656
2,A3 LF-DPS (proposed),0,0.8472607388240929
2,A3 LF-DPS (proposed),1,0.9217034220309185
2,A3 LF-DPS (proposed),1,0.798462708955044
2,A3 LF-DPS (proposed),1,0.8624890800001225
2,A3 LF-DPS (proposed),1,0.18659476184234428
2,A3 LF-DPS (proposed),1,0.9195029620618551
2,A3 LF-DPS (proposed),1,0.9224781661466266
2,A3 LF-DPS (proposed),0,0.07229284113220562
2,A3 LF-DPS (proposed),1,0.8504183155050302
2,A3 LF-DPS (proposed),1,0.9178408898524976
2,A3 LF-DPS (proposed),0,0.15656162995660014
2,A3 LF-DPS (proposed),0,0.06669696813236531
2,A3 LF-DPS (proposed),1,0.7865158533506355
2,A3 LF-DPS (proposed),1,0.10045936355292315
2,A3 LF-DPS (proposed),1,0.5859059081395772
2,A3 LF-DPS (proposed),0,0.24954169662387793
2,A3 LF-DPS (proposed),0,0.8386289693093651
2,A3 LF-DPS (proposed),1,0.8624461500999323
2,A3 LF-DPS (proposed),0,0.09040084494184551
2,A3 LF-DPS (proposed),0,0.2740129239010734
2,A3 LF-DPS (proposed),1,0.7203217557351148
2,A3 LF-DPS (proposed),1,0.23920623040758052
2,A3 LF-DPS (proposed),1,0.677265255917844
2,A3 LF-DPS (proposed),1,0.8855957625394277
2,A3 LF-DPS (proposed),1,0.8586008758523299
2,A3 LF-DPS (proposed),0,0.3856550014988594
2,A3 LF-DPS (proposed),0,0.20206736721482071
2,Best single (tuned),0,0.025761545449582774
2,Best single (tuned),0,0.004580772379280835
2,Best single (tuned),0,0.013178601580885277
2,Best single (tuned),0,0.09552431221051465
2,Best single (tuned),0,0.011035146400379517
2,Best single (tuned),0,0.6434851958117805
2,Best single (tuned),1,0.2426312773437452
2,Best single (tuned),0,0.04536451942942721
2,Best single (tuned),1,0.9582276389559703
2,Best single (tuned),1,0.6546466009271842
2,Best single (tuned),0,0.07133985099826237
2,Best single (tuned),0,0.003100802483312968
2,Best single (tuned),1,0.7465074755573178
2,Best single (tuned),0,0.2913678260976978
2,Best single (tuned),1,0.9941215075051844
2,Best single (tuned),1,0.9316639908351598
2,Best single (tuned),1,0.773457003029008
2,Best single (tuned),0,0.4000183451326284
2,Best single (tuned),1,0.8732844407824066
2,Best single (tuned),1,0.42906582217813594
2,Best single (tuned),0,0.8527318539532351
2,Best single (tuned),1,0.9765561648945116
2,Best single (tuned),0,0.09086954317593653
2,Best single (tuned),0,0.6769152195647895
2,Best single (tuned),0,0.002961110378859978
2,Best single (tuned),1,0.97370983082051
2,Best single (tuned),0,0.04704223347828873
2,Best single (tuned),1,0.8703986691715491
2,Best single (tuned),1,0.5263745361314036
2,Best single (tuned),0,0.012106364614105558
2,Best single (tuned),0,0.013387390766248359
2,Best single (tuned),1,0.9644248820565102
2,Best single (tuned),1,0.9818433455062671
2,Best single (tuned),0,0.899655182543538
2,Best single (tuned),1,0.9808373698366785
2,Best single (tuned),1,0.7777231335834325
2,Best single (tuned),1,0.8600021226962948
2,Best single (tuned),1,0.18227773730093114
2,Best single (tuned),1,0.960513361113453
2,Best single (tuned),1,0.9794218814609332
2,Best single (tuned),0,0.005264466449411759
2,Best single (tuned),1,0.8630045420438038
2,Best single (tuned),1,0.9844752439989722
2,Best single (tuned),0,0.01477873750705683
2,Best single (tuned),0,0.00508007139829246
2,Best single (tuned),1,0.7432798024694233
2,Best single (tuned),1,0.029071224928580632
2,Best single (tuned),1,0.404542442098078
2,Best single (tuned),0,0.2884672642477765
2,Best single (tuned),0,0.8654332909491605
2,Best single (tuned),1,0.8925164471658349
2,Best single (tuned),0,0.052372436429045606
2,Best single (tuned),0,0.2929567898247532
2,Best single (tuned),1,0.7901140656717617
2,Best single (tuned),1,0.2890689981644172
2,Best single (tuned),1,0.6270431628995491
2,Best single (tuned),1,0.958987536596294
2,Best single (tuned),1,0.8929401049791663
2,Best single (tuned),0,0.4253341065049255
2,Best single (tuned),0,0.2255362094506528
3,A0 Paper stacking,0,0.2608997409010498
3,A0 Paper stacking,0,0.09165926898709453
3,A0 Paper stacking,0,0.07183931985927124
3,A0 Paper stacking,0,0.06585387685408461
3,A0 Paper stacking,1,0.7833433547211491
3,A0 Paper stacking,0,0.16016152672452622
3,A0 Paper stacking,0,0.09019971598380572
3,A0 Paper stacking,1,0.9251721421966536
3,A0 Paper stacking,0,0.09702864903993765
3,A0 Paper stacking,1,0.8643002371760149
3,A0 Paper stacking,1,0.9053816548441203
3,A0 Paper stacking,1,0.9281616930120293
3,A0 Paper stacking,0,0.10542868975249622
3,A0 Paper stacking,1,0.8754278634608235
3,A0 Paper stacking,0,0.12162938038177053
3,A0 Paper stacking,1,0.8718058114527031
3,A0 Paper stacking,0,0.12182562309619885
3,A0 Paper stacking,0,0.06744969376945728
3,A0 Paper stacking,1,0.5843623792554848
3,A0 Paper stacking,0,0.07963013042965435
3,A0 Paper stacking,1,0.9237296282882148
3,A0 Paper stacking,1,0.8324909266632246
3,A0 Paper stacking,0,0.07118842995505037
3,A0 Paper stacking,1,0.9049795394552189
3,A0 Paper stacking,0,0.0910566502743872
3,A0 Paper stacking,1,0.5676026216630157
3,A0 Paper stacking,1,0.8152360880861648
3,A0 Paper stacking,1,0.9138109775734159
3,A0 Paper stacking,1,0.9198852185422125
3,A0 Paper stacking,1,0.9126991901697032
3,A0 Paper stacking,0,0.4441929786311256
3,A0 Paper stacking,1,0.8028126500866474
3,A0 Paper stacking,1,0.917470572520882
3,A0 Paper stacking,0,0.19884547312825024
3,A0 Paper stacking,1,0.7066106365434325
3,A0 Paper stacking,1,0.9096921469265079
3,A0 Paper stacking,0,0.15310833306067265
3,A0 Paper stacking,1,0.9125183503535647
3,A0 Paper stacking,1,0.6620695245841717
3,A0 Paper stacking,1,0.8361996916277377
3,A0 Paper stacking,0,0.10461545353526351
3,A0 Paper stacking,1,0.43899426861143187
3,A0 Paper stacking,1,0.9059522488891899
3,A0 Paper stacking,0,0.09297805215278913
3,A0 Paper stacking,0,0.494523182095873
3,A0 Paper stacking,1,0.38144288316814723
3,A0 Paper stacking,1,0.8954322962992927
3,A0 Paper stacking,1,0.7821011161640241
3,A0 Paper stacking,1,0.8266878530955329
3,A0 Paper stacking,0,0.921026287306678
3,A0 Paper stacking,0,0.5503343932729023
3,A0 Paper stacking,0,0.08533842945882239
3,A0 Paper stacking,1,0.8584953606338176
3,A0 Paper stacking,0,0.10724713681305922
3,A0 Paper stacking,1,0.6086221645142799
3,A0 Paper stacking,0,0.9091744501095477
3,A0 Paper stacking,1,0.8376662023207371
3,A0 Paper stacking,1,0.9106089817385998
3,A0 Paper stacking,0,0.887812804008413
3,A0 Paper stacking,0,0.10614924418630116
3,A1 +Typed prep,0,0.12754960849949123
3,A1 +Typed prep,0,0.19039360569354202
3,A1 +Typed prep,0,0.07078015999367686
3,A1 +Typed prep,0,0.06705335660623864
3,A1 +Typed prep,1,0.5497620454686618
3,A1 +Typed prep,0,0.36396247921240105
3,A1 +Typed prep,0,0.1008667762210369
3,A1 +Typed prep,1,0.9314278026997955
3,A1 +Typed prep,0,0.0743515912618397
3,A1 +Typed prep,1,0.789202625751679
3,A1 +Typed prep,1,0.913832258493412
3,A1 +Typed prep,1,0.9341931960185001
3,A1 +Typed prep,0,0.1078265711810931
3,A1 +Typed prep,1,0.7917957137792525
3,A1 +Typed prep,0,0.16310884142887017
3,A1 +Typed prep,1,0.8028245296259278
3,A1 +Typed prep,0,0.14685220026563423
3,A1 +Typed prep,0,0.07016052063806628
3,A1 +Typed prep,1,0.45596257361918074
3,A1 +Typed prep,0,0.10749840596834342
3,A1 +Typed prep,1,0.9339192271316635
3,A1 +Typed prep,1,0.8707388089251018
3,A1 +Typed prep,0,0.06841704292207415
3,A1 +Typed prep,1,0.9139012478315629
3,A1 +Typed prep,0,0.11464913294130648
3,A1 +Typed prep,1,0.2611376809985624
3,A1 +Typed prep,1,0.6035393160228588
3,A1 +Typed prep,1,0.9240851889102083
3,A1 +Typed prep,1,0.9236883941448986
3,A1 +Typed prep,1,0.9260489444684014
3,A1 +Typed prep,0,0.5933622633513596
3,A1 +Typed prep,1,0.6560522719431036
3,A1 +Typed prep,1,0.923666501023599
3,A1 +Typed prep,0,0.20065757235238066
3,A1 +Typed prep,1,0.5310152722140825
3,A1 +Typed prep,1,0.8904082897274641
3,A1 +Typed prep,0,0.19716128651902493
3,A1 +Typed prep,1,0.917307317681108
3,A1 +Typed prep,1,0.5744698487835163
3,A1 +Typed prep,1,0.8501761575654826
3,A1 +Typed prep,0,0.1326499934262704
3,A1 +Typed prep,1,0.7789075929850549
3,A1 +Typed prep,1,0.9260488736012792
3,A1 +Typed prep,0,0.11746692294890566
3,A1 +Typed prep,0,0.3581347663468846
3,A1 +Typed prep,1,0.3801292422087647
3,A1 +Typed prep,1,0.9203059907284139
3,A1 +Typed prep,1,0.9170931327035544
3,A1 +Typed prep,1,0.7431651981651939
3,A1 +Typed prep,0,0.9307690460298496
3,A1 +Typed prep,0,0.5520127341318336
3,A1 +Typed prep,0,0.0714971818599572
3,A1 +Typed prep,1,0.8420754061367107
3,A1 +Typed prep,0,0.08023685260978382
3,A1 +Typed prep,1,0.7828533492911874
3,A1 +Typed prep,0,0.9239730578819962
3,A1 +Typed prep,1,0.8922663014199794
3,A1 +Typed prep,1,0.9257026897172022
3,A1 +Typed prep,0,0.824395240565027
3,A1 +Typed prep,0,0.10540325321012013
3,A2 +Tuned (6),0,0.1415667931724004
3,A2 +Tuned (6),0,0.1617402316177394
3,A2 +Tuned (6),0,0.07500443724130265
3,A2 +Tuned (6),0,0.06455567227196812
3,A2 +Tuned (6),1,0.5574170374250281
3,A2 +Tuned (6),0,0.20876438458401012
3,A2 +Tuned (6),0,0.10279312836283677
3,A2 +Tuned (6),1,0.9375023689625438
3,A2 +Tuned (6),0,0.08873945129447902
3,A2 +Tuned (6),1,0.8662642915197645
3,A2 +Tuned (6),1,0.9253159679164786
3,A2 +Tuned (6),1,0.9412237623500308
3,A2 +Tuned (6),0,0.08874850072520733
3,A2 +Tuned (6),1,0.8761748821274209
3,A2 +Tuned (6),0,0.16807968531297265
3,A2 +Tuned (6),1,0.8211024728634001
3,A2 +Tuned (6),0,0.13275879050233763
3,A2 +Tuned (6),0,0.06957190541552882
3,A2 +Tuned (6),1,0.6420965311875295
3,A2 +Tuned (6),0,0.07339474444413836
3,A2 +Tuned (6),1,0.9331172042701119
3,A2 +Tuned (6),1,0.9179079078159351
3,A2 +Tuned (6),0,0.07081355621284517
3,A2 +Tuned (6),1,0.9204499408817319
3,A2 +Tuned (6),0,0.08912319323429081
3,A2 +Tuned (6),1,0.3848789465015711
3,A2 +Tuned (6),1,0.7135532765339372
3,A2 +Tuned (6),1,0.9304793877490235
3,A2 +Tuned (6),1,0.9336777765371801
3,A2 +Tuned (6),1,0.9169092140687096
3,A2 +Tuned (6),0,0.5508051503540505
3,A2 +Tuned (6),1,0.8341566126923895
3,A2 +Tuned (6),1,0.9180245843431535
3,A2 +Tuned (6),0,0.16167143053388677
3,A2 +Tuned (6),1,0.5536080311190951
3,A2 +Tuned (6),1,0.933183123051932
3,A2 +Tuned (6),0,0.17373598122136388
3,A2 +Tuned (6),1,0.9300155992365804
3,A2 +Tuned (6),1,0.6281216395952378
3,A2 +Tuned (6),1,0.7913052560864455
3,A2 +Tuned (6),0,0.09271314955741974
3,A2 +Tuned (6),1,0.8948991084694585
3,A2 +Tuned (6),1,0.8848184253959679
3,A2 +Tuned (6),0,0.1151669598202671
3,A2 +Tuned (6),0,0.304146338643972
3,A2 +Tuned (6),1,0.3132582699131994
3,A2 +Tuned (6),1,0.9257106681880566
3,A2 +Tuned (6),1,0.9111811253838082
3,A2 +Tuned (6),1,0.7922205339055539
3,A2 +Tuned (6),0,0.9341028096747387
3,A2 +Tuned (6),0,0.46591150821719624
3,A2 +Tuned (6),0,0.06446706861925865
3,A2 +Tuned (6),1,0.7684250675364463
3,A2 +Tuned (6),0,0.07105710363953617
3,A2 +Tuned (6),1,0.8404603550564457
3,A2 +Tuned (6),0,0.9264181880017406
3,A2 +Tuned (6),1,0.8343309972158935
3,A2 +Tuned (6),1,0.9229431677285969
3,A2 +Tuned (6),0,0.8970160243422469
3,A2 +Tuned (6),0,0.09295755786056534
3,A2b +Tuned+SVM (7),0,0.1462408350811801
3,A2b +Tuned+SVM (7),0,0.15231581217446422
3,A2b +Tuned+SVM (7),0,0.06813098583648954
3,A2b +Tuned+SVM (7),0,0.058726938155209504
3,A2b +Tuned+SVM (7),1,0.5427464580518301
3,A2b +Tuned+SVM (7),0,0.2019668050369811
3,A2b +Tuned+SVM (7),0,0.09193374838301573
3,A2b +Tuned+SVM (7),1,0.9411990523991054
3,A2b +Tuned+SVM (7),0,0.08785189616918855
3,A2b +Tuned+SVM (7),1,0.8786514824378016
3,A2b +Tuned+SVM (7),1,0.9325162798251649
3,A2b +Tuned+SVM (7),1,0.9453077232603789
3,A2b +Tuned+SVM (7),0,0.08814913081919558
3,A2b +Tuned+SVM (7),1,0.8787064045015662
3,A2b +Tuned+SVM (7),0,0.15761257744790208
3,A2b +Tuned+SVM (7),1,0.8106774345558448
3,A2b +Tuned+SVM (7),0,0.12796322506705837
3,A2b +Tuned+SVM (7),0,0.06427072416888949
3,A2b +Tuned+SVM (7),1,0.663348225135738
3,A2b +Tuned+SVM (7),0,0.06683267784505746
3,A2b +Tuned+SVM (7),1,0.9366170119225352
3,A2b +Tuned+SVM (7),1,0.9240593941046378
3,A2b +Tuned+SVM (7),0,0.0652840176217788
3,A2b +Tuned+SVM (7),1,0.9262993719814581
3,A2b +Tuned+SVM (7),0,0.08729447125645277
3,A2b +Tuned+SVM (7),1,0.42751288403067483
3,A2b +Tuned+SVM (7),1,0.7070480150055471
3,A2b +Tuned+SVM (7),1,0.9344926537385821
3,A2b +Tuned+SVM (7),1,0.939059442429335
3,A2b +Tuned+SVM (7),1,0.9224703748669589
3,A2b +Tuned+SVM (7),0,0.5702470847484703
3,A2b +Tuned+SVM (7),1,0.8436975598213735
3,A2b +Tuned+SVM (7),1,0.9214925161120064
3,A2b +Tuned+SVM (7),0,0.15806816169607843
3,A2b +Tuned+SVM (7),1,0.5863284728515764
3,A2b +Tuned+SVM (7),1,0.9392065089778632
3,A2b +Tuned+SVM (7),0,0.16626456782453597
3,A2b +Tuned+SVM (7),1,0.9348707580837725
3,A2b +Tuned+SVM (7),1,0.6137639189770218
3,A2b +Tuned+SVM (7),1,0.7825781635851902
3,A2b +Tuned+SVM (7),0,0.08195438203030449
3,A2b +Tuned+SVM (7),1,0.8941419035022158
3,A2b +Tuned+SVM (7),1,0.8866810412441666
3,A2b +Tuned+SVM (7),0,0.11467377516644342
3,A2b +Tuned+SVM (7),0,0.26861989770871775
3,A2b +Tuned+SVM (7),1,0.33900096796171825
3,A2b +Tuned+SVM (7),1,0.9238621109244226
3,A2b +Tuned+SVM (7),1,0.9073704233540103
3,A2b +Tuned+SVM (7),1,0.7593411445145963
3,A2b +Tuned+SVM (7),0,0.9376282637671155
3,A2b +Tuned+SVM (7),0,0.48627680721509453
3,A2b +Tuned+SVM (7),0,0.062014889560437624
3,A2b +Tuned+SVM (7),1,0.7864144387544297
3,A2b +Tuned+SVM (7),0,0.06654752173722671
3,A2b +Tuned+SVM (7),1,0.8204432522313614
3,A2b +Tuned+SVM (7),0,0.9314877314369636
3,A2b +Tuned+SVM (7),1,0.8079499784752111
3,A2b +Tuned+SVM (7),1,0.9273828147785811
3,A2b +Tuned+SVM (7),0,0.8961987419726246
3,A2b +Tuned+SVM (7),0,0.08572128359540654
3,A3 LF-DPS (proposed),0,0.16370299461796217
3,A3 LF-DPS (proposed),0,0.13124628980939496
3,A3 LF-DPS (proposed),0,0.11260342970442026
3,A3 LF-DPS (proposed),0,0.1102047605968836
3,A3 LF-DPS (proposed),1,0.7852524475962829
3,A3 LF-DPS (proposed),0,0.2676166803563204
3,A3 LF-DPS (proposed),0,0.13055770109946066
3,A3 LF-DPS (proposed),1,0.8854161215096885
3,A3 LF-DPS (proposed),0,0.1166337770507795
3,A3 LF-DPS (proposed),1,0.7812051586922045
3,A3 LF-DPS (proposed),1,0.8617127508960088
3,A3 LF-DPS (proposed),1,0.8881420716445261
3,A3 LF-DPS (proposed),0,0.11901264973731542
3,A3 LF-DPS (proposed),1,0.8471339100164802
3,A3 LF-DPS (proposed),0,0.15402700230278452
3,A3 LF-DPS (proposed),1,0.8417634441586034
3,A3 LF-DPS (proposed),0,0.14500243873287383
3,A3 LF-DPS (proposed),0,0.1145435044157912
3,A3 LF-DPS (proposed),1,0.5580657527097189
3,A3 LF-DPS (proposed),0,0.11450944436680098
3,A3 LF-DPS (proposed),1,0.8864318585140551
3,A3 LF-DPS (proposed),1,0.8700824121125819
3,A3 LF-DPS (proposed),0,0.1157733874853412
3,A3 LF-DPS (proposed),1,0.86048397410075
3,A3 LF-DPS (proposed),0,0.12264776077634092
3,A3 LF-DPS (proposed),1,0.3126836660508442
3,A3 LF-DPS (proposed),1,0.7163598704936922
3,A3 LF-DPS (proposed),1,0.8724954507678508
3,A3 LF-DPS (proposed),1,0.8794837087795069
3,A3 LF-DPS (proposed),1,0.8803154602121813
3,A3 LF-DPS (proposed),0,0.567646364000049
3,A3 LF-DPS (proposed),1,0.8287726222483033
3,A3 LF-DPS (proposed),1,0.8817156463571696
3,A3 LF-DPS (proposed),0,0.16023871376999543
3,A3 LF-DPS (proposed),1,0.7569095360487421
3,A3 LF-DPS (proposed),1,0.8883698537870861
3,A3 LF-DPS (proposed),0,0.1585257687338092
3,A3 LF-DPS (proposed),1,0.8764898374019807
3,A3 LF-DPS (proposed),1,0.751232599190034
3,A3 LF-DPS (proposed),1,0.7576786238653613
3,A3 LF-DPS (proposed),0,0.11216006474639495
3,A3 LF-DPS (proposed),1,0.8498532854430345
3,A3 LF-DPS (proposed),1,0.8819950416171941
3,A3 LF-DPS (proposed),0,0.15258300450818932
3,A3 LF-DPS (proposed),0,0.37091066356940156
3,A3 LF-DPS (proposed),1,0.3264206378909689
3,A3 LF-DPS (proposed),1,0.8845792591485676
3,A3 LF-DPS (proposed),1,0.8667833948491337
3,A3 LF-DPS (proposed),1,0.7281010144699953
3,A3 LF-DPS (proposed),0,0.8859070168253234
3,A3 LF-DPS (proposed),0,0.7224630083811612
3,A3 LF-DPS (proposed),0,0.11465860065643751
3,A3 LF-DPS (proposed),1,0.8465456250873934
3,A3 LF-DPS (proposed),0,0.11728532570740453
3,A3 LF-DPS (proposed),1,0.8088102086486848
3,A3 LF-DPS (proposed),0,0.8849609124351862
3,A3 LF-DPS (proposed),1,0.8602763240086311
3,A3 LF-DPS (proposed),1,0.8846570911294999
3,A3 LF-DPS (proposed),0,0.8712500641025471
3,A3 LF-DPS (proposed),0,0.12748156969114918
3,Best single (tuned),0,0.10668480421132409
3,Best single (tuned),0,0.08039374382950094
3,Best single (tuned),0,0.010385065016896483
3,Best single (tuned),0,0.0006672606705655956
3,Best single (tuned),1,0.7540217638134712
3,Best single (tuned),0,0.43314896680559273
3,Best single (tuned),0,0.07783917997856442
3,Best single (tuned),1,0.9839207366308809
3,Best single (tuned),0,0.026136909208162168
3,Best single (tuned),1,0.6762850560027106
3,Best single (tuned),1,0.89747008235096
3,Best single (tuned),1,0.9947777602302749
3,Best single (tuned),0,0.032760965684735806
3,Best single (tuned),1,0.8518147363722534
3,Best single (tuned),0,0.1547465811244229
3,Best single (tuned),1,0.9300960996219231
3,Best single (tuned),0,0.11870741352031305
3,Best single (tuned),0,0.018130836028807256
3,Best single (tuned),1,0.5358598978851207
3,Best single (tuned),0,0.01797866204946088
3,Best single (tuned),1,0.987994437886122
3,Best single (tuned),1,0.9276723089069031
3,Best single (tuned),0,0.02294201502916483
3,Best single (tuned),1,0.8934633984260257
3,Best single (tuned),0,0.048342290932175416
3,Best single (tuned),1,0.4186618125183407
3,Best single (tuned),1,0.5435057687502689
3,Best single (tuned),1,0.9351147549198827
3,Best single (tuned),1,0.960945466522705
3,Best single (tuned),1,0.9647300587849477
3,Best single (tuned),0,0.6157167454013636
3,Best single (tuned),1,0.7982164554740567
3,Best single (tuned),1,0.9696454654102976
3,Best single (tuned),0,0.15928779393000728
3,Best single (tuned),1,0.6927162204124425
3,Best single (tuned),1,0.9957145112836705
3,Best single (tuned),0,0.16541537159020847
3,Best single (tuned),1,0.9497308992410607
3,Best single (tuned),1,0.7115323307475847
3,Best single (tuned),1,0.7259835755223805
3,Best single (tuned),0,0.008606276634935746
3,Best single (tuned),1,0.9064487281636171
3,Best single (tuned),1,0.9719032908501496
3,Best single (tuned),0,0.1295547496097741
3,Best single (tuned),0,0.5638054471214058
3,Best single (tuned),1,0.44675411174247603
3,Best single (tuned),1,0.9809366550186155
3,Best single (tuned),1,0.9273447121373558
3,Best single (tuned),1,0.7305306500989703
3,Best single (tuned),0,0.9858945661771422
3,Best single (tuned),0,0.569382911830397
3,Best single (tuned),0,0.018473409587298366
3,Best single (tuned),1,0.8530005330495146
3,Best single (tuned),0,0.028788229069623122
3,Best single (tuned),1,0.9647493443070447
3,Best single (tuned),0,0.982221671642648
3,Best single (tuned),1,0.9361949169770672
3,Best single (tuned),1,0.9809940164660976
3,Best single (tuned),0,0.9381569125958644
3,Best single (tuned),0,0.06482533288310838
4,A0 Paper stacking,0,0.4619177921372635
4,A0 Paper stacking,1,0.9154299479959787
4,A0 Paper stacking,1,0.8778952625398878
4,A0 Paper stacking,1,0.8922344758040619
4,A0 Paper stacking,1,0.9283421756344408
4,A0 Paper stacking,1,0.36322399636559516
4,A0 Paper stacking,0,0.5391160413457516
4,A0 Paper stacking,0,0.11461659386294473
4,A0 Paper stacking,1,0.6917811344365059
4,A0 Paper stacking,0,0.771150833445999
4,A0 Paper stacking,1,0.8177034083372986
4,A0 Paper stacking,0,0.7187639825625826
4,A0 Paper stacking,1,0.7562714395366539
4,A0 Paper stacking,0,0.07837095268996591
4,A0 Paper stacking,0,0.09970345139267371
4,A0 Paper stacking,0,0.11126961648199918
4,A0 Paper stacking,1,0.9124833708750778
4,A0 Paper stacking,0,0.4022088170213097
4,A0 Paper stacking,0,0.27447070651461747
4,A0 Paper stacking,1,0.8661069992305312
4,A0 Paper stacking,0,0.8431711271870653
4,A0 Paper stacking,0,0.06900613989268772
4,A0 Paper stacking,1,0.8949290141634131
4,A0 Paper stacking,1,0.8918984999822492
4,A0 Paper stacking,1,0.8323840605713029
4,A0 Paper stacking,1,0.6063922767541693
4,A0 Paper stacking,0,0.08356645547773774
4,A0 Paper stacking,0,0.23005612811486412
4,A0 Paper stacking,1,0.6092315553491013
4,A0 Paper stacking,1,0.8461187529086155
4,A0 Paper stacking,1,0.7449264233466557
4,A0 Paper stacking,0,0.06788037296383374
4,A0 Paper stacking,0,0.08621171173139267
4,A0 Paper stacking,0,0.08160749948795117
4,A0 Paper stacking,1,0.8126828577726426
4,A0 Paper stacking,1,0.24296661196939462
4,A0 Paper stacking,1,0.8101098442190935
4,A0 Paper stacking,1,0.5354961511390863
4,A0 Paper stacking,0,0.09323683197077283
4,A0 Paper stacking,0,0.10058830111978026
4,A0 Paper stacking,1,0.5853349184187815
4,A0 Paper stacking,1,0.8974742494611613
4,A0 Paper stacking,1,0.16155179708061515
4,A0 Paper stacking,1,0.6035874431789214
4,A0 Paper stacking,0,0.11000715762022
4,A0 Paper stacking,0,0.7888572582551573
4,A0 Paper stacking,0,0.040417581599688515
4,A0 Paper stacking,0,0.7163792849258257
4,A0 Paper stacking,1,0.8995966347665917
4,A0 Paper stacking,1,0.8670458357571531
4,A0 Paper stacking,0,0.06915532461570546
4,A0 Paper stacking,1,0.8848789919733813
4,A0 Paper stacking,1,0.8739338252029727
4,A0 Paper stacking,1,0.9112967216305884
4,A0 Paper stacking,1,0.9038395670119689
4,A0 Paper stacking,0,0.21223514346923839
4,A0 Paper stacking,0,0.09470384087165122
4,A0 Paper stacking,1,0.8281944640373906
4,A0 Paper stacking,0,0.7650338976377292
4,A0 Paper stacking,1,0.8741602639861984
4,A1 +Typed prep,0,0.2836452432080516
4,A1 +Typed prep,1,0.9270159887456332
4,A1 +Typed prep,1,0.9049556812231145
4,A1 +Typed prep,1,0.8955909269113471
4,A1 +Typed prep,1,0.9203938815639129
4,A1 +Typed prep,1,0.42870707319428664
4,A1 +Typed prep,0,0.42263148588037436
4,A1 +Typed prep,0,0.10688586805903058
4,A1 +Typed prep,1,0.9240261031167203
4,A1 +Typed prep,0,0.653574833451455
4,A1 +Typed prep,1,0.8788453659862207
4,A1 +Typed prep,0,0.7105363939274413
4,A1 +Typed prep,1,0.8782404057616292
4,A1 +Typed prep,0,0.10177319834111766
4,A1 +Typed prep,0,0.08007358826910922
4,A1 +Typed prep,0,0.1306534512612758
4,A1 +Typed prep,1,0.9208979223204695
4,A1 +Typed prep,0,0.44984308532358824
4,A1 +Typed prep,0,0.2057800132759579
4,A1 +Typed prep,1,0.7925856654640054
4,A1 +Typed prep,0,0.8027393883180609
4,A1 +Typed prep,0,0.09714213701233614
4,A1 +Typed prep,1,0.9132533775556163
4,A1 +Typed prep,1,0.9149869085698251
4,A1 +Typed prep,1,0.7414633082876995
4,A1 +Typed prep,1,0.769071406826599
4,A1 +Typed prep,0,0.06411474575828965
4,A1 +Typed prep,0,0.2115264466585919
4,A1 +Typed prep,1,0.756328001558037
4,A1 +Typed prep,1,0.7756300345870801
4,A1 +Typed prep,1,0.7805503777072668
4,A1 +Typed prep,0,0.07187635273275385
4,A1 +Typed prep,0,0.09018409341696225
4,A1 +Typed prep,0,0.08723754835795845
4,A1 +Typed prep,1,0.8296312554829989
4,A1 +Typed prep,1,0.3283102139812145
4,A1 +Typed prep,1,0.8418863930469288
4,A1 +Typed prep,1,0.7417604017822448
4,A1 +Typed prep,0,0.08806217279255839
4,A1 +Typed prep,0,0.06137244510497112
4,A1 +Typed prep,1,0.763193253380382
4,A1 +Typed prep,1,0.8749334709865279
4,A1 +Typed prep,1,0.1637324569482237
4,A1 +Typed prep,1,0.6576430167969831
4,A1 +Typed prep,0,0.08648305929546535
4,A1 +Typed prep,0,0.7987072549436034
4,A1 +Typed prep,0,0.08210009602019556
4,A1 +Typed prep,0,0.6909883876359089
4,A1 +Typed prep,1,0.8889319815229039
4,A1 +Typed prep,1,0.8999762880680805
4,A1 +Typed prep,0,0.0707144993436363
4,A1 +Typed prep,1,0.9065051159172921
4,A1 +Typed prep,1,0.9074433543781281
4,A1 +Typed prep,1,0.910709565691388
4,A1 +Typed prep,1,0.9136558966021429
4,A1 +Typed prep,0,0.22209485487055852
4,A1 +Typed prep,0,0.08531641909377101
4,A1 +Typed prep,1,0.83739206933029
4,A1 +Typed prep,0,0.7468311573954584
4,A1 +Typed prep,1,0.8521507272081705
4,A2 +Tuned (6),0,0.3385504062293012
4,A2 +Tuned (6),1,0.9366544537090937
4,A2 +Tuned (6),1,0.9035595012562316
4,A2 +Tuned (6),1,0.9214281215980319
4,A2 +Tuned (6),1,0.8837023382941318
4,A2 +Tuned (6),1,0.4476922452509002
4,A2 +Tuned (6),0,0.3221177797540968
4,A2 +Tuned (6),0,0.08899639815787233
4,A2 +Tuned (6),1,0.9287989800510741
4,A2 +Tuned (6),0,0.6208859974370937
4,A2 +Tuned (6),1,0.8915611745482777
4,A2 +Tuned (6),0,0.7111658214526929
4,A2 +Tuned (6),1,0.8766532186156394
4,A2 +Tuned (6),0,0.06949616859755955
4,A2 +Tuned (6),0,0.06337833601944584
4,A2 +Tuned (6),0,0.196900019028435
4,A2 +Tuned (6),1,0.9242385999680698
4,A2 +Tuned (6),0,0.5273308779698479
4,A2 +Tuned (6),0,0.1973443847419801
4,A2 +Tuned (6),1,0.7187568631731179
4,A2 +Tuned (6),0,0.753463788013856
4,A2 +Tuned (6),0,0.08606647388678122
4,A2 +Tuned (6),1,0.8984575719998076
4,A2 +Tuned (6),1,0.9223222737339084
4,A2 +Tuned (6),1,0.648951635016149
4,A2 +Tuned (6),1,0.7507105116427777
4,A2 +Tuned (6),0,0.05731235309579334
4,A2 +Tuned (6),0,0.15846173594232213
4,A2 +Tuned (6),1,0.6239362959498044
4,A2 +Tuned (6),1,0.8431685741208835
4,A2 +Tuned (6),1,0.7225362732668618
4,A2 +Tuned (6),0,0.05091925261750867
4,A2 +Tuned (6),0,0.05852593734065889
4,A2 +Tuned (6),0,0.08426842607234353
4,A2 +Tuned (6),1,0.8570650351150628
4,A2 +Tuned (6),1,0.38702114213940236
4,A2 +Tuned (6),1,0.8537393598837384
4,A2 +Tuned (6),1,0.6487237320338276
4,A2 +Tuned (6),0,0.0844854346053097
4,A2 +Tuned (6),0,0.09057938394670295
4,A2 +Tuned (6),1,0.7212335976754416
4,A2 +Tuned (6),1,0.917030331045988
4,A2 +Tuned (6),1,0.1355811698608231
4,A2 +Tuned (6),1,0.633986319362012
4,A2 +Tuned (6),0,0.068422729652058
4,A2 +Tuned (6),0,0.7951656159022008
4,A2 +Tuned (6),0,0.07928023759273795
4,A2 +Tuned (6),0,0.6417105491391806
4,A2 +Tuned (6),1,0.8950647174288159
4,A2 +Tuned (6),1,0.9071307917773573
4,A2 +Tuned (6),0,0.0737082556381157
4,A2 +Tuned (6),1,0.8875480421155388
4,A2 +Tuned (6),1,0.8958580609624577
4,A2 +Tuned (6),1,0.9123942124699845
4,A2 +Tuned (6),1,0.9205259032438193
4,A2 +Tuned (6),0,0.17015068079469522
4,A2 +Tuned (6),0,0.06240770223915874
4,A2 +Tuned (6),1,0.8335391413090237
4,A2 +Tuned (6),0,0.6970481000758852
4,A2 +Tuned (6),1,0.885268237621822
4,A2b +Tuned+SVM (7),0,0.3353787466234655
4,A2b +Tuned+SVM (7),1,0.9368411355647761
4,A2b +Tuned+SVM (7),1,0.9105621754225064
4,A2b +Tuned+SVM (7),1,0.9263001503659447
4,A2b +Tuned+SVM (7),1,0.8870297100116238
4,A2b +Tuned+SVM (7),1,0.41979866968494106
4,A2b +Tuned+SVM (7),0,0.3333599410014375
4,A2b +Tuned+SVM (7),0,0.08072383245385172
4,A2b +Tuned+SVM (7),1,0.929769118102099
4,A2b +Tuned+SVM (7),0,0.6480364783148413
4,A2b +Tuned+SVM (7),1,0.8978314314012598
4,A2b +Tuned+SVM (7),0,0.7343144556662076
4,A2b +Tuned+SVM (7),1,0.8815503375663644
4,A2b +Tuned+SVM (7),0,0.06622506982743423
4,A2b +Tuned+SVM (7),0,0.060697398546653056
4,A2b +Tuned+SVM (7),0,0.18532103796331387
4,A2b +Tuned+SVM (7),1,0.9256536095103444
4,A2b +Tuned+SVM (7),0,0.5701798633496197
4,A2b +Tuned+SVM (7),0,0.2020370236031281
4,A2b +Tuned+SVM (7),1,0.7299453104727136
4,A2b +Tuned+SVM (7),0,0.7390151913841346
4,A2b +Tuned+SVM (7),0,0.08792478953702529
4,A2b +Tuned+SVM (7),1,0.9047530968767756
4,A2b +Tuned+SVM (7),1,0.9270334754940491
4,A2b +Tuned+SVM (7),1,0.6323189943600512
4,A2b +Tuned+SVM (7),1,0.7474455153147456
4,A2b +Tuned+SVM (7),0,0.05308671806448788
4,A2b +Tuned+SVM (7),0,0.17270885105154085
4,A2b +Tuned+SVM (7),1,0.6741881815711639
4,A2b +Tuned+SVM (7),1,0.8500125436751039
4,A2b +Tuned+SVM (7),1,0.7223996806386663
4,A2b +Tuned+SVM (7),0,0.048855734831560846
4,A2b +Tuned+SVM (7),0,0.056854372855648316
4,A2b +Tuned+SVM (7),0,0.07810471100012624
4,A2b +Tuned+SVM (7),1,0.8560607660831631
4,A2b +Tuned+SVM (7),1,0.39828643816977227
4,A2b +Tuned+SVM (7),1,0.8616632471415067
4,A2b +Tuned+SVM (7),1,0.6581715918951402
4,A2b +Tuned+SVM (7),0,0.07223614748865452
4,A2b +Tuned+SVM (7),0,0.08252830230212253
4,A2b +Tuned+SVM (7),1,0.743872855575232
4,A2b +Tuned+SVM (7),1,0.9214733810165306
4,A2b +Tuned+SVM (7),1,0.13890810752227853
4,A2b +Tuned+SVM (7),1,0.6308524419273833
4,A2b +Tuned+SVM (7),0,0.06422264899230361
4,A2b +Tuned+SVM (7),0,0.7970207105068142
4,A2b +Tuned+SVM (7),0,0.07351122833095218
4,A2b +Tuned+SVM (7),0,0.6338900403820472
4,A2b +Tuned+SVM (7),1,0.9010662467786752
4,A2b +Tuned+SVM (7),1,0.9111962181593088
4,A2b +Tuned+SVM (7),0,0.06622941830994464
4,A2b +Tuned+SVM (7),1,0.8928136369399657
4,A2b +Tuned+SVM (7),1,0.8986753970458631
4,A2b +Tuned+SVM (7),1,0.9132547994594579
4,A2b +Tuned+SVM (7),1,0.9229994082580525
4,A2b +Tuned+SVM (7),0,0.16274114614002072
4,A2b +Tuned+SVM (7),0,0.059065693465269964
4,A2b +Tuned+SVM (7),1,0.8301845275947973
4,A2b +Tuned+SVM (7),0,0.7370429562103449
4,A2b +Tuned+SVM (7),1,0.8879576471656787
4,A3 LF-DPS (proposed),0,0.3726088401848321
4,A3 LF-DPS (proposed),1,0.9237693294437704
4,A3 LF-DPS (proposed),1,0.8912701354367087
4,A3 LF-DPS (proposed),1,0.9108156548492972
4,A3 LF-DPS (proposed),1,0.8654183818993477
4,A3 LF-DPS (proposed),1,0.4383358855316787
4,A3 LF-DPS (proposed),0,0.4212177998114454
4,A3 LF-DPS (proposed),0,0.11596965662461138
4,A3 LF-DPS (proposed),1,0.9153710965647887
4,A3 LF-DPS (proposed),0,0.6270426450275935
4,A3 LF-DPS (proposed),1,0.8701010097668245
4,A3 LF-DPS (proposed),0,0.6985838729928722
4,A3 LF-DPS (proposed),1,0.8521859491489362
4,A3 LF-DPS (proposed),0,0.08770743870046246
4,A3 LF-DPS (proposed),0,0.08303034503532712
4,A3 LF-DPS (proposed),0,0.22081230683763614
4,A3 LF-DPS (proposed),1,0.9084980619078337
4,A3 LF-DPS (proposed),0,0.5784403100628299
4,A3 LF-DPS (proposed),0,0.3051799591977377
4,A3 LF-DPS (proposed),1,0.742416008805862
4,A3 LF-DPS (proposed),0,0.6609660022465866
4,A3 LF-DPS (proposed),0,0.11669976440117981
4,A3 LF-DPS (proposed),1,0.8895529130300187
4,A3 LF-DPS (proposed),1,0.9064213281025014
4,A3 LF-DPS (proposed),1,0.6469700140484671
4,A3 LF-DPS (proposed),1,0.6861209657145709
4,A3 LF-DPS (proposed),0,0.08009285792929703
4,A3 LF-DPS (proposed),0,0.23281473219846197
4,A3 LF-DPS (proposed),1,0.6820750276134646
4,A3 LF-DPS (proposed),1,0.8176925291641421
4,A3 LF-DPS (proposed),1,0.6606297635727529
4,A3 LF-DPS (proposed),0,0.06556151296405109
4,A3 LF-DPS (proposed),0,0.07581991476856524
4,A3 LF-DPS (proposed),0,0.10400978364773854
4,A3 LF-DPS (proposed),1,0.7911518622404463
4,A3 LF-DPS (proposed),1,0.43253595347995377
4,A3 LF-DPS (proposed),1,0.8238591195190382
4,A3 LF-DPS (proposed),1,0.5882798286681078
4,A3 LF-DPS (proposed),0,0.10470268634577619
4,A3 LF-DPS (proposed),0,0.10572987619550918
4,A3 LF-DPS (proposed),1,0.7202778103202121
4,A3 LF-DPS (proposed),1,0.8984798804236598
4,A3 LF-DPS (proposed),1,0.19064876574074227
4,A3 LF-DPS (proposed),1,0.6178351923763747
4,A3 LF-DPS (proposed),0,0.09839705597074579
4,A3 LF-DPS (proposed),0,0.7998365743471156
4,A3 LF-DPS (proposed),0,0.08351923461793527
4,A3 LF-DPS (proposed),0,0.6239602181525201
4,A3 LF-DPS (proposed),1,0.8930242660417055
4,A3 LF-DPS (proposed),1,0.8828606619030729
4,A3 LF-DPS (proposed),0,0.09965290940222207
4,A3 LF-DPS (proposed),1,0.879700215776524
4,A3 LF-DPS (proposed),1,0.8750536896778903
4,A3 LF-DPS (proposed),1,0.8907476631252311
4,A3 LF-DPS (proposed),1,0.9033725422663045
4,A3 LF-DPS (proposed),0,0.22334999993904725
4,A3 LF-DPS (proposed),0,0.0860692466825338
4,A3 LF-DPS (proposed),1,0.7977411933209426
4,A3 LF-DPS (proposed),0,0.7204445733085085
4,A3 LF-DPS (proposed),1,0.8472610039410833
4,Best single (tuned),0,0.41069472849125493
4,Best single (tuned),1,0.9769794083221864
4,Best single (tuned),1,0.9601497418941841
4,Best single (tuned),1,0.985668627076769
4,Best single (tuned),1,0.8981271521497727
4,Best single (tuned),1,0.48355153056998057
4,Best single (tuned),0,0.4258738922673293
4,Best single (tuned),0,0.06817866478579478
4,Best single (tuned),1,0.9644897568872428
4,Best single (tuned),0,0.6137376600273436
4,Best single (tuned),1,0.9330464117562823
4,Best single (tuned),0,0.7232585062590398
4,Best single (tuned),1,0.8923170671573742
4,Best single (tuned),0,0.02322546568964355
4,Best single (tuned),0,0.04065294827009461
4,Best single (tuned),0,0.20694516067586552
4,Best single (tuned),1,0.9340125793774264
4,Best single (tuned),0,0.5871110627393981
4,Best single (tuned),0,0.28985229258146095
4,Best single (tuned),1,0.8227323802338347
4,Best single (tuned),0,0.666194790038899
4,Best single (tuned),0,0.0978422753540959
4,Best single (tuned),1,0.9116474332260357
4,Best single (tuned),1,0.9899285240839649
4,Best single (tuned),1,0.7346837314893607
4,Best single (tuned),1,0.7287598376794991
4,Best single (tuned),0,0.006956228515910972
4,Best single (tuned),0,0.2896433732081081
4,Best single (tuned),1,0.7628834002749968
4,Best single (tuned),1,0.9112077888264187
4,Best single (tuned),1,0.6967188456025932
4,Best single (tuned),0,0.01608998594829151
4,Best single (tuned),0,0.031923006862677974
4,Best single (tuned),0,0.08163967518336769
4,Best single (tuned),1,0.82223101290203
4,Best single (tuned),1,0.4667421147915289
4,Best single (tuned),1,0.9325571666575723
4,Best single (tuned),1,0.6153907998643046
4,Best single (tuned),0,0.004468770362488182
4,Best single (tuned),0,0.03977978669492488
4,Best single (tuned),1,0.7362001223685054
4,Best single (tuned),1,0.9738090473298741
4,Best single (tuned),1,0.24332431006599564
4,Best single (tuned),1,0.5839749913360447
4,Best single (tuned),0,0.03202739476116871
4,Best single (tuned),0,0.8087846801444426
4,Best single (tuned),0,0.04598561843366322
4,Best single (tuned),0,0.7470042355882011
4,Best single (tuned),1,0.9558359757532144
4,Best single (tuned),1,0.9382548274159125
4,Best single (tuned),0,0.020757613897443718
4,Best single (tuned),1,0.9537098624130533
4,Best single (tuned),1,0.9189432021741656
4,Best single (tuned),1,0.9557785778797234
4,Best single (tuned),1,0.9489027886355248
4,Best single (tuned),0,0.1711364164454391
4,Best single (tuned),0,0.06708782164263824
4,Best single (tuned),1,0.8712857925192026
4,Best single (tuned),0,0.8167857024476896
4,Best single (tuned),1,0.8500265049738837
5,A0 Paper stacking,0,0.08148714637072006
5,A0 Paper stacking,1,0.9030521755746063
5,A0 Paper stacking,0,0.5032985190071922
5,A0 Paper stacking,0,0.0816268996745282
5,A0 Paper stacking,1,0.917724156270748
5,A0 Paper stacking,1,0.867846910369723
5,A0 Paper stacking,1,0.8788608524339082
5,A0 Paper stacking,1,0.8671006489141782
5,A0 Paper stacking,1,0.6660415434103112
5,A0 Paper stacking,0,0.18203241736965153
5,A0 Paper stacking,0,0.07543814653699346
5,A0 Paper stacking,0,0.40910339069333945
5,A0 Paper stacking,1,0.9082642456593017
5,A0 Paper stacking,1,0.6017031248266937
5,A0 Paper stacking,1,0.9143504651324985
5,A0 Paper stacking,0,0.1019036243356849
5,A0 Paper stacking,0,0.22837049388138353
5,A0 Paper stacking,0,0.15169853756307566
5,A0 Paper stacking,0,0.6980367895606095
5,A0 Paper stacking,1,0.10524089165618039
5,A0 Paper stacking,0,0.08792516799295673
5,A0 Paper stacking,0,0.08380912949518231
5,A0 Paper stacking,1,0.8220552106857791
5,A0 Paper stacking,1,0.7867328023642144
5,A0 Paper stacking,0,0.705346640370564
5,A0 Paper stacking,1,0.8842869173975214
5,A0 Paper stacking,0,0.06549891915726108
5,A0 Paper stacking,1,0.3795112116736398
5,A0 Paper stacking,1,0.9130584172985561
5,A0 Paper stacking,0,0.09260781168593854
5,A0 Paper stacking,1,0.7634792829741331
5,A0 Paper stacking,0,0.0651489308914113
5,A0 Paper stacking,0,0.0834859173219046
5,A0 Paper stacking,0,0.07673432568294428
5,A0 Paper stacking,1,0.900119694370811
5,A0 Paper stacking,1,0.917916141144447
5,A0 Paper stacking,1,0.7112706102859822
5,A0 Paper stacking,1,0.9126796998504803
5,A0 Paper stacking,0,0.32463703766371693
5,A0 Paper stacking,1,0.44722770196122663
5,A0 Paper stacking,0,0.06397666248849344
5,A0 Paper stacking,1,0.907357205943661
5,A0 Paper stacking,0,0.10829007368634183
5,A0 Paper stacking,1,0.9017040010908779
5,A0 Paper stacking,0,0.07417854720427744
5,A0 Paper stacking,0,0.5695654445924625
5,A0 Paper stacking,1,0.7482106697365067
5,A0 Paper stacking,1,0.49563067859347826
5,A0 Paper stacking,1,0.8439225400925203
5,A0 Paper stacking,0,0.07189798355046975
5,A0 Paper stacking,1,0.8705401307064585
5,A0 Paper stacking,0,0.10089029864422247
5,A0 Paper stacking,1,0.9118112636779008
5,A0 Paper stacking,0,0.06521469207916196
5,A0 Paper stacking,1,0.9128312418436725
5,A0 Paper stacking,1,0.10071515003446926
5,A0 Paper stacking,1,0.9004653218294908
5,A0 Paper stacking,1,0.8111004212371835
5,A0 Paper stacking,0,0.11659392408711935
5,A0 Paper stacking,1,0.13194433524471255
5,A0 Paper stacking,0,0.18239917047243695
5,A1 +Typed prep,0,0.09027981516536848
5,A1 +Typed prep,1,0.9005103169733991
5,A1 +Typed prep,0,0.2310325011498541
5,A1 +Typed prep,0,0.06808151340535316
5,A1 +Typed prep,1,0.8907912876635036
5,A1 +Typed prep,1,0.8570012380516411
5,A1 +Typed prep,1,0.6318550425218935
5,A1 +Typed prep,1,0.8514061275919294
5,A1 +Typed prep,1,0.9054058784806945
5,A1 +Typed prep,0,0.1417333853296283
5,A1 +Typed prep,0,0.06312806666077045
5,A1 +Typed prep,0,0.1268055431800948
5,A1 +Typed prep,1,0.7262718305019725
5,A1 +Typed prep,1,0.6792425769095888
5,A1 +Typed prep,1,0.7948169286012785
5,A1 +Typed prep,0,0.21877895946105907
5,A1 +Typed prep,0,0.29943936928012777
5,A1 +Typed prep,0,0.27384617657832394
5,A1 +Typed prep,0,0.701645166758884
5,A1 +Typed prep,1,0.17227079060230624
5,A1 +Typed prep,0,0.09954105525024066
5,A1 +Typed prep,0,0.06629352247434463
5,A1 +Typed prep,1,0.786822112355634
5,A1 +Typed prep,1,0.833718574495351
5,A1 +Typed prep,0,0.7582909157063614
5,A1 +Typed prep,1,0.8797732115547966
5,A1 +Typed prep,0,0.05256788248150266
5,A1 +Typed prep,1,0.4752538819089625
5,A1 +Typed prep,1,0.90439467248402
5,A1 +Typed prep,0,0.05979383984230236
5,A1 +Typed prep,1,0.7534290981171466
5,A1 +Typed prep,0,0.049627099725907946
5,A1 +Typed prep,0,0.0793465579911115
5,A1 +Typed prep,0,0.06272214499786842
5,A1 +Typed prep,1,0.8930707687024131
5,A1 +Typed prep,1,0.9026848931260844
5,A1 +Typed prep,1,0.7470108065939101
5,A1 +Typed prep,1,0.8985593789598315
5,A1 +Typed prep,0,0.5919721636840262
5,A1 +Typed prep,1,0.1841537104089814
5,A1 +Typed prep,0,0.04979487438382313
5,A1 +Typed prep,1,0.8847835439790923
5,A1 +Typed prep,0,0.07747423659448456
5,A1 +Typed prep,1,0.8835763832790853
5,A1 +Typed prep,0,0.12253385553362754
5,A1 +Typed prep,0,0.4661209269577373
5,A1 +Typed prep,1,0.775781902519691
5,A1 +Typed prep,1,0.5505075438044551
5,A1 +Typed prep,1,0.883588431596145
5,A1 +Typed prep,0,0.06269797822657104
5,A1 +Typed prep,1,0.8867744916099307
5,A1 +Typed prep,0,0.057582595271782167
5,A1 +Typed prep,1,0.9021197239472075
5,A1 +Typed prep,0,0.05023328773906672
5,A1 +Typed prep,1,0.8916901395077917
5,A1 +Typed prep,1,0.09652286462518914
5,A1 +Typed prep,1,0.8660930774457298
5,A1 +Typed prep,1,0.8173666443589025
5,A1 +Typed prep,0,0.06308975845108591
5,A1 +Typed prep,1,0.09989030521070359
5,A1 +Typed prep,0,0.21179597613359946
5,A2 +Tuned (6),0,0.11440228366684164
5,A2 +Tuned (6),1,0.9194094742246546
5,A2 +Tuned (6),0,0.266683059282987
5,A2 +Tuned (6),0,0.07995235202725949
5,A2 +Tuned (6),1,0.9232310267621723
5,A2 +Tuned (6),1,0.8992688270137357
5,A2 +Tuned (6),1,0.7664164120342019
5,A2 +Tuned (6),1,0.8872192593720489
5,A2 +Tuned (6),1,0.9278127825624092
5,A2 +Tuned (6),0,0.123847283075815
5,A2 +Tuned (6),0,0.06591874327124843
5,A2 +Tuned (6),0,0.16580115502707976
5,A2 +Tuned (6),1,0.8744348684693957
5,A2 +Tuned (6),1,0.7509917817054887
5,A2 +Tuned (6),1,0.8414220953528174
5,A2 +Tuned (6),0,0.15147153311800973
5,A2 +Tuned (6),0,0.18723605770369106
5,A2 +Tuned (6),0,0.2360557426358744
5,A2 +Tuned (6),0,0.7633154293379713
5,A2 +Tuned (6),1,0.16493188383163604
5,A2 +Tuned (6),0,0.08285249578610544
5,A2 +Tuned (6),0,0.0789350835508557
5,A2 +Tuned (6),1,0.8470568450101683
5,A2 +Tuned (6),1,0.902446884620606
5,A2 +Tuned (6),0,0.8187933413253565
5,A2 +Tuned (6),1,0.9068154575083408
5,A2 +Tuned (6),0,0.05068524234886567
5,A2 +Tuned (6),1,0.3152214753504365
5,A2 +Tuned (6),1,0.933182804444419
5,A2 +Tuned (6),0,0.07120082169995605
5,A2 +Tuned (6),1,0.7950031085373529
5,A2 +Tuned (6),0,0.04811531018720547
5,A2 +Tuned (6),0,0.09383841449585723
5,A2 +Tuned (6),0,0.07871423266632294
5,A2 +Tuned (6),1,0.9173052271476466
5,A2 +Tuned (6),1,0.9257900808003726
5,A2 +Tuned (6),1,0.8136295644000694
5,A2 +Tuned (6),1,0.9236520067781748
5,A2 +Tuned (6),0,0.524473182760668
5,A2 +Tuned (6),1,0.2267665815929901
5,A2 +Tuned (6),0,0.04887119907923721
5,A2 +Tuned (6),1,0.920747760662477
5,A2 +Tuned (6),0,0.07565376057740884
5,A2 +Tuned (6),1,0.9123168160826001
5,A2 +Tuned (6),0,0.11795321558319498
5,A2 +Tuned (6),0,0.28050147979171824
5,A2 +Tuned (6),1,0.7303875541079576
5,A2 +Tuned (6),1,0.377435834923886
5,A2 +Tuned (6),1,0.8970525115878681
5,A2 +Tuned (6),0,0.06977140386694114
5,A2 +Tuned (6),1,0.9082672325987051
5,A2 +Tuned (6),0,0.06711317576943185
5,A2 +Tuned (6),1,0.9219990800804746
5,A2 +Tuned (6),0,0.05227558642133847
5,A2 +Tuned (6),1,0.914051107914735
5,A2 +Tuned (6),1,0.10212720915623194
5,A2 +Tuned (6),1,0.8920234950476403
5,A2 +Tuned (6),1,0.8323864087800139
5,A2 +Tuned (6),0,0.07613382078361558
5,A2 +Tuned (6),1,0.11911545737552397
5,A2 +Tuned (6),0,0.16395621119082368
5,A2b +Tuned+SVM (7),0,0.11220252326433103
5,A2b +Tuned+SVM (7),1,0.921439570785917
5,A2b +Tuned+SVM (7),0,0.27524422210878396
5,A2b +Tuned+SVM (7),0,0.07279483094171059
5,A2b +Tuned+SVM (7),1,0.9277029680276145
5,A2b +Tuned+SVM (7),1,0.9000255095866755
5,A2b +Tuned+SVM (7),1,0.769647743658595
5,A2b +Tuned+SVM (7),1,0.8983452335609631
5,A2b +Tuned+SVM (7),1,0.9307913996481091
5,A2b +Tuned+SVM (7),0,0.10274231111239954
5,A2b +Tuned+SVM (7),0,0.06051541484950762
5,A2b +Tuned+SVM (7),0,0.16828144866148603
5,A2b +Tuned+SVM (7),1,0.8880235416144435
5,A2b +Tuned+SVM (7),1,0.7684852813159171
5,A2b +Tuned+SVM (7),1,0.8645526095812694
5,A2b +Tuned+SVM (7),0,0.13585253795379498
5,A2b +Tuned+SVM (7),0,0.18502985603944724
5,A2b +Tuned+SVM (7),0,0.22728477828720914
5,A2b +Tuned+SVM (7),0,0.772222775251215
5,A2b +Tuned+SVM (7),1,0.15638831581641316
5,A2b +Tuned+SVM (7),0,0.07881016051022727
5,A2b +Tuned+SVM (7),0,0.0722607969348915
5,A2b +Tuned+SVM (7),1,0.8536816835479046
5,A2b +Tuned+SVM (7),1,0.9094572944389934
5,A2b +Tuned+SVM (7),0,0.836113947035862
5,A2b +Tuned+SVM (7),1,0.9094067775334607
5,A2b +Tuned+SVM (7),0,0.047879390961848574
5,A2b +Tuned+SVM (7),1,0.3202902488616178
5,A2b +Tuned+SVM (7),1,0.9355483098308016
5,A2b +Tuned+SVM (7),0,0.06603259163234841
5,A2b +Tuned+SVM (7),1,0.7742615406790871
5,A2b +Tuned+SVM (7),0,0.04572350650092925
5,A2b +Tuned+SVM (7),0,0.0882341303569278
5,A2b +Tuned+SVM (7),0,0.0730582516716204
5,A2b +Tuned+SVM (7),1,0.9194941179459084
5,A2b +Tuned+SVM (7),1,0.9291088632739491
5,A2b +Tuned+SVM (7),1,0.8126699367395904
5,A2b +Tuned+SVM (7),1,0.9255981866078901
5,A2b +Tuned+SVM (7),0,0.5176701340425671
5,A2b +Tuned+SVM (7),1,0.2332046038597115
5,A2b +Tuned+SVM (7),0,0.04638698541114934
5,A2b +Tuned+SVM (7),1,0.9255110286546563
5,A2b +Tuned+SVM (7),0,0.0664903083287957
5,A2b +Tuned+SVM (7),1,0.9204745555498612
5,A2b +Tuned+SVM (7),0,0.1155420365822321
5,A2b +Tuned+SVM (7),0,0.2704255501084096
5,A2b +Tuned+SVM (7),1,0.7261884620411005
5,A2b +Tuned+SVM (7),1,0.40961445655575307
5,A2b +Tuned+SVM (7),1,0.8992905478245234
5,A2b +Tuned+SVM (7),0,0.06678199215593045
5,A2b +Tuned+SVM (7),1,0.9137554288184633
5,A2b +Tuned+SVM (7),0,0.06090596099736833
5,A2b +Tuned+SVM (7),1,0.9248986698432159
5,A2b +Tuned+SVM (7),0,0.04933834749525386
5,A2b +Tuned+SVM (7),1,0.9184143973217646
5,A2b +Tuned+SVM (7),1,0.09242301719073082
5,A2b +Tuned+SVM (7),1,0.8983020424469501
5,A2b +Tuned+SVM (7),1,0.8476778035274056
5,A2b +Tuned+SVM (7),0,0.06981306519959822
5,A2b +Tuned+SVM (7),1,0.10489502355209944
5,A2b +Tuned+SVM (7),0,0.16344780456356145
5,A3 LF-DPS (proposed),0,0.14315314476004667
5,A3 LF-DPS (proposed),1,0.8931266430395413
5,A3 LF-DPS (proposed),0,0.35742809268680736
5,A3 LF-DPS (proposed),0,0.11468574971360125
5,A3 LF-DPS (proposed),1,0.9105539446210313
5,A3 LF-DPS (proposed),1,0.8708541866801497
5,A3 LF-DPS (proposed),1,0.7191991099534524
5,A3 LF-DPS (proposed),1,0.8792097130865405
5,A3 LF-DPS (proposed),1,0.9116864508315355
5,A3 LF-DPS (proposed),0,0.1343007109194153
5,A3 LF-DPS (proposed),0,0.08641465608712433
5,A3 LF-DPS (proposed),0,0.2476664689821698
5,A3 LF-DPS (proposed),1,0.8637976947353756
5,A3 LF-DPS (proposed),1,0.7475893251171962
5,A3 LF-DPS (proposed),1,0.8337468230938944
5,A3 LF-DPS (proposed),0,0.18374695061500088
5,A3 LF-DPS (proposed),0,0.22886564380934732
5,A3 LF-DPS (proposed),0,0.2927915886131056
5,A3 LF-DPS (proposed),0,0.7415070837828563
5,A3 LF-DPS (proposed),1,0.19837006798722745
5,A3 LF-DPS (proposed),0,0.10851467844939752
5,A3 LF-DPS (proposed),0,0.09971598471725462
5,A3 LF-DPS (proposed),1,0.8240212486961701
5,A3 LF-DPS (proposed),1,0.8946049294597196
5,A3 LF-DPS (proposed),0,0.8026351303588165
5,A3 LF-DPS (proposed),1,0.8832093961546118
5,A3 LF-DPS (proposed),0,0.07486233465148565
5,A3 LF-DPS (proposed),1,0.3687319461487705
5,A3 LF-DPS (proposed),1,0.9136763507034591
5,A3 LF-DPS (proposed),0,0.096544022603685
5,A3 LF-DPS (proposed),1,0.7020334561136607
5,A3 LF-DPS (proposed),0,0.07008367661217983
5,A3 LF-DPS (proposed),0,0.12435655012177943
5,A3 LF-DPS (proposed),0,0.10816210259256193
5,A3 LF-DPS (proposed),1,0.9000281541386245
5,A3 LF-DPS (proposed),1,0.9075377614748351
5,A3 LF-DPS (proposed),1,0.7690565990678201
5,A3 LF-DPS (proposed),1,0.9016697675761333
5,A3 LF-DPS (proposed),0,0.555460746460192
5,A3 LF-DPS (proposed),1,0.29250800318999864
5,A3 LF-DPS (proposed),0,0.06618654992278737
5,A3 LF-DPS (proposed),1,0.9050344008031783
5,A3 LF-DPS (proposed),0,0.11309128849064605
5,A3 LF-DPS (proposed),1,0.8959258142272859
5,A3 LF-DPS (proposed),0,0.16910602473422767
5,A3 LF-DPS (proposed),0,0.3129706311552415
5,A3 LF-DPS (proposed),1,0.7080889964878071
5,A3 LF-DPS (proposed),1,0.4558057002856879
5,A3 LF-DPS (proposed),1,0.8586829519775332
5,A3 LF-DPS (proposed),0,0.09249965280403054
5,A3 LF-DPS (proposed),1,0.8897634974403148
5,A3 LF-DPS (proposed),0,0.09630386926050397
5,A3 LF-DPS (proposed),1,0.9007949032248387
5,A3 LF-DPS (proposed),0,0.07074946054446936
5,A3 LF-DPS (proposed),1,0.8917397013749183
5,A3 LF-DPS (proposed),1,0.15344347792959165
5,A3 LF-DPS (proposed),1,0.8742444107193312
5,A3 LF-DPS (proposed),1,0.8103060571814471
5,A3 LF-DPS (proposed),0,0.1052175522561526
5,A3 LF-DPS (proposed),1,0.14133085612387378
5,A3 LF-DPS (proposed),0,0.2099524857817594
5,Best single (tuned),0,0.16536356044368
5,Best single (tuned),1,0.9316205235311008
5,Best single (tuned),0,0.3726331802582741
5,Best single (tuned),0,0.05928720625228433
5,Best single (tuned),1,0.9681425723625934
5,Best single (tuned),1,0.8821210397232329
5,Best single (tuned),1,0.7095900603452313
5,Best single (tuned),1,0.9419329388191672
5,Best single (tuned),1,0.9626168609897248
5,Best single (tuned),0,0.04434854116857493
5,Best single (tuned),0,0.0277136912501314
5,Best single (tuned),0,0.2562472886637608
5,Best single (tuned),1,0.9122770373996366
5,Best single (tuned),1,0.7849352179435636
5,Best single (tuned),1,0.8943157601045783
5,Best single (tuned),0,0.13899668439890855
5,Best single (tuned),0,0.2524050053798655
5,Best single (tuned),0,0.27482558227114234
5,Best single (tuned),0,0.7374635756914889
5,Best single (tuned),1,0.20461580791285458
5,Best single (tuned),0,0.08719853755628439
5,Best single (tuned),0,0.05266330823143514
5,Best single (tuned),1,0.8291536831152221
5,Best single (tuned),1,0.9408329238913752
5,Best single (tuned),0,0.8504468377571903
5,Best single (tuned),1,0.9075153358004786
5,Best single (tuned),0,0.007970973947585098
5,Best single (tuned),1,0.38801970175523903
5,Best single (tuned),1,0.9691043671488082
5,Best single (tuned),0,0.047911368238406166
5,Best single (tuned),1,0.661001343601207
5,Best single (tuned),0,0.0048814064875173065
5,Best single (tuned),0,0.10076936902633389
5,Best single (tuned),0,0.059691794901720045
5,Best single (tuned),1,0.929110488458181
5,Best single (tuned),1,0.9568486949022993
5,Best single (tuned),1,0.7654104897750564
5,Best single (tuned),1,0.9403790337013676
5,Best single (tuned),0,0.5
5,Best single (tuned),1,0.3218744442545656
5,Best single (tuned),0,0.005929454224267632
5,Best single (tuned),1,0.9603666952102058
5,Best single (tuned),0,0.01731988564808066
5,Best single (tuned),1,0.9598100838258001
5,Best single (tuned),0,0.18169716408734157
5,Best single (tuned),0,0.31611725431090487
5,Best single (tuned),1,0.6711154027650776
5,Best single (tuned),1,0.521987057768111
5,Best single (tuned),1,0.8707410075464218
5,Best single (tuned),0,0.06649899022952525
5,Best single (tuned),1,0.9419498226020893
5,Best single (tuned),0,0.017281627912363262
5,Best single (tuned),1,0.9470465841509319
5,Best single (tuned),0,0.011400171290767817
5,Best single (tuned),1,0.9395877996976529
5,Best single (tuned),1,0.10920929546779524
5,Best single (tuned),1,0.9117831627973161
5,Best single (tuned),1,0.8681916767044615
5,Best single (tuned),0,0.0443579085390697
5,Best single (tuned),1,0.09162692893728072
5,Best single (tuned),0,0.2542513729728081
6,A0 Paper stacking,0,0.12080439067405908
6,A0 Paper stacking,0,0.07764558575059557
6,A0 Paper stacking,0,0.07672520310153273
6,A0 Paper stacking,1,0.9042710695480073
6,A0 Paper stacking,1,0.9188122184890748
6,A0 Paper stacking,0,0.10560322619519241
6,A0 Paper stacking,1,0.9105373506419344
6,A0 Paper stacking,0,0.8485929087915474
6,A0 Paper stacking,1,0.9234239591719842
6,A0 Paper stacking,0,0.09297006793988626
6,A0 Paper stacking,1,0.900766646192003
6,A0 Paper stacking,1,0.8770692848342971
6,A0 Paper stacking,0,0.35326796687528955
6,A0 Paper stacking,1,0.8568415893261242
6,A0 Paper stacking,1,0.6797313719564371
6,A0 Paper stacking,1,0.6550513666387977
6,A0 Paper stacking,0,0.08293733683740194
6,A0 Paper stacking,0,0.39886809528915423
6,A0 Paper stacking,1,0.6356675305702341
6,A0 Paper stacking,0,0.10805486252797813
6,A0 Paper stacking,1,0.5953262776347295
6,A0 Paper stacking,0,0.38118163398672206
6,A0 Paper stacking,1,0.9151100854204244
6,A0 Paper stacking,0,0.10583685877212973
6,A0 Paper stacking,0,0.795671338835013
6,A0 Paper stacking,0,0.15379550261219133
6,A0 Paper stacking,1,0.6496039711645432
6,A0 Paper stacking,1,0.8707738915454787
6,A0 Paper stacking,0,0.11690149352066716
6,A0 Paper stacking,1,0.662914235191691
6,A0 Paper stacking,1,0.9097280754483682
6,A0 Paper stacking,1,0.5601125032951457
6,A0 Paper stacking,1,0.8935144368528745
6,A0 Paper stacking,0,0.8692965155732765
6,A0 Paper stacking,1,0.7372987047122526
6,A0 Paper stacking,0,0.07838111456099292
6,A0 Paper stacking,0,0.15310837992010953
6,A0 Paper stacking,1,0.8917126617479584
6,A0 Paper stacking,1,0.9057928376416521
6,A0 Paper stacking,1,0.917345064885391
6,A0 Paper stacking,1,0.8040214659985404
6,A0 Paper stacking,0,0.12395396486853501
6,A0 Paper stacking,1,0.9156590418885773
6,A0 Paper stacking,1,0.6252620752319027
6,A0 Paper stacking,1,0.9227969131617623
6,A0 Paper stacking,1,0.8932839700208995
6,A0 Paper stacking,1,0.8678620769565266
6,A0 Paper stacking,0,0.1029929881421408
6,A0 Paper stacking,0,0.21889557215190433
6,A0 Paper stacking,0,0.09857489138029926
6,A0 Paper stacking,0,0.6825847761965759
6,A0 Paper stacking,0,0.09440159754380853
6,A0 Paper stacking,1,0.8826438215916588
6,A0 Paper stacking,0,0.5555234921051011
6,A0 Paper stacking,1,0.1844822013935014
6,A0 Paper stacking,0,0.09467656431293338
6,A0 Paper stacking,1,0.8465748858191402
6,A0 Paper stacking,1,0.890196511562741
6,A0 Paper stacking,0,0.873266675443379
6,A0 Paper stacking,1,0.9169512790990095
6,A0 Paper stacking,0,0.8352323836765699
6,A1 +Typed prep,0,0.14419867325351415
6,A1 +Typed prep,0,0.07972502377841298
6,A1 +Typed prep,0,0.07491836752065013
6,A1 +Typed prep,1,0.9115131564302055
6,A1 +Typed prep,1,0.9159533422733115
6,A1 +Typed prep,0,0.09616012648041086
6,A1 +Typed prep,1,0.9118794748200993
6,A1 +Typed prep,0,0.700303813169287
6,A1 +Typed prep,1,0.9289815931345746
6,A1 +Typed prep,0,0.1225824044006283
6,A1 +Typed prep,1,0.9055341454245815
6,A1 +Typed prep,1,0.8684540284686011
6,A1 +Typed prep,0,0.4967652743085002
6,A1 +Typed prep,1,0.8697172154436249
6,A1 +Typed prep,1,0.7682132926074072
6,A1 +Typed prep,1,0.7227790559767423
6,A1 +Typed prep,0,0.08183975565494116
6,A1 +Typed prep,0,0.3801277468127344
6,A1 +Typed prep,1,0.6025629676594956
6,A1 +Typed prep,0,0.08843372441188475
6,A1 +Typed prep,1,0.796519485505824
6,A1 +Typed prep,0,0.38763776994656923
6,A1 +Typed prep,1,0.899676526780695
6,A1 +Typed prep,0,0.1143989056495253
6,A1 +Typed prep,0,0.6666355760584307
6,A1 +Typed prep,0,0.11135467884245315
6,A1 +Typed prep,1,0.7781713145301823
6,A1 +Typed prep,1,0.8959587216912331
6,A1 +Typed prep,0,0.11454762142087924
6,A1 +Typed prep,1,0.6830362757456139
6,A1 +Typed prep,1,0.8937800513771047
6,A1 +Typed prep,1,0.6139772691858424
6,A1 +Typed prep,1,0.8868577915496666
6,A1 +Typed prep,0,0.8117923499481932
6,A1 +Typed prep,1,0.8461925793165338
6,A1 +Typed prep,0,0.0880726274337758
6,A1 +Typed prep,0,0.18261426779187628
6,A1 +Typed prep,1,0.8889360788754432
6,A1 +Typed prep,1,0.9057173451887645
6,A1 +Typed prep,1,0.9141864579492606
6,A1 +Typed prep,1,0.7705587543060106
6,A1 +Typed prep,0,0.15592580599261632
6,A1 +Typed prep,1,0.9195943656431669
6,A1 +Typed prep,1,0.63571388530688
6,A1 +Typed prep,1,0.9154438006680603
6,A1 +Typed prep,1,0.910055238944116
6,A1 +Typed prep,1,0.8549116529753383
6,A1 +Typed prep,0,0.09612092299709987
6,A1 +Typed prep,0,0.22332079924147416
6,A1 +Typed prep,0,0.10732817695479353
6,A1 +Typed prep,0,0.7252559237451308
6,A1 +Typed prep,0,0.08366018633515751
6,A1 +Typed prep,1,0.8570142137039869
6,A1 +Typed prep,0,0.6021183027073759
6,A1 +Typed prep,1,0.632285303210255
6,A1 +Typed prep,0,0.08629127766856445
6,A1 +Typed prep,1,0.8160915512813554
6,A1 +Typed prep,1,0.8635968596058281
6,A1 +Typed prep,0,0.9189628548510161
6,A1 +Typed prep,1,0.9103686325983039
6,A1 +Typed prep,0,0.8755001019191637
6,A2 +Tuned (6),0,0.11148733912099014
6,A2 +Tuned (6),0,0.07884618263697904
6,A2 +Tuned (6),0,0.05531176755398954
6,A2 +Tuned (6),1,0.921509910347626
6,A2 +Tuned (6),1,0.92690932421754
6,A2 +Tuned (6),0,0.08848321015000019
6,A2 +Tuned (6),1,0.9225465691427497
6,A2 +Tuned (6),0,0.6604447865365423
6,A2 +Tuned (6),1,0.93510573535639
6,A2 +Tuned (6),0,0.12693270565371617
6,A2 +Tuned (6),1,0.9165035174922824
6,A2 +Tuned (6),1,0.8749606444300471
6,A2 +Tuned (6),0,0.582192307269534
6,A2 +Tuned (6),1,0.8898536892188592
6,A2 +Tuned (6),1,0.7856144689113918
6,A2 +Tuned (6),1,0.7401260958977863
6,A2 +Tuned (6),0,0.061077397162891726
6,A2 +Tuned (6),0,0.29725828219542644
6,A2 +Tuned (6),1,0.6759093684043264
6,A2 +Tuned (6),0,0.06523641323282806
6,A2 +Tuned (6),1,0.8023502434896658
6,A2 +Tuned (6),0,0.39935715136506034
6,A2 +Tuned (6),1,0.9253614998045784
6,A2 +Tuned (6),0,0.08713799223945563
6,A2 +Tuned (6),0,0.6476341988444303
6,A2 +Tuned (6),0,0.11992455169777545
6,A2 +Tuned (6),1,0.8055673838925919
6,A2 +Tuned (6),1,0.9130578538297002
6,A2 +Tuned (6),0,0.09853513694992909
6,A2 +Tuned (6),1,0.6726757824354539
6,A2 +Tuned (6),1,0.9252219365835069
6,A2 +Tuned (6),1,0.5915900011648342
6,A2 +Tuned (6),1,0.8884914942918155
6,A2 +Tuned (6),0,0.84780549359586
6,A2 +Tuned (6),1,0.8188320297664774
6,A2 +Tuned (6),0,0.06261349129293148
6,A2 +Tuned (6),0,0.16644708408745754
6,A2 +Tuned (6),1,0.8918414616826009
6,A2 +Tuned (6),1,0.916488766144493
6,A2 +Tuned (6),1,0.9259501947260643
6,A2 +Tuned (6),1,0.8576174803722242
6,A2 +Tuned (6),0,0.12084787562115872
6,A2 +Tuned (6),1,0.9333561439655447
6,A2 +Tuned (6),1,0.635460874997151
6,A2 +Tuned (6),1,0.9233265446979344
6,A2 +Tuned (6),1,0.9214940181488225
6,A2 +Tuned (6),1,0.8253005511043073
6,A2 +Tuned (6),0,0.07984761760587138
6,A2 +Tuned (6),0,0.2132629745269917
6,A2 +Tuned (6),0,0.09147000628505628
6,A2 +Tuned (6),0,0.7834360744671095
6,A2 +Tuned (6),0,0.06390449928767622
6,A2 +Tuned (6),1,0.8668852827489499
6,A2 +Tuned (6),0,0.6748598166732664
6,A2 +Tuned (6),1,0.6459037917968589
6,A2 +Tuned (6),0,0.0674987045167481
6,A2 +Tuned (6),1,0.8568497240152246
6,A2 +Tuned (6),1,0.9137268374389178
6,A2 +Tuned (6),0,0.9198433986075569
6,A2 +Tuned (6),1,0.9296448308787832
6,A2 +Tuned (6),0,0.8973412864246676
6,A2b +Tuned+SVM (7),0,0.1063589116198235
6,A2b +Tuned+SVM (7),0,0.0685739664532852
6,A2b +Tuned+SVM (7),0,0.05268569629868294
6,A2b +Tuned+SVM (7),1,0.9251267287535588
6,A2b +Tuned+SVM (7),1,0.9312737100563829
6,A2b +Tuned+SVM (7),0,0.07728043195152594
6,A2b +Tuned+SVM (7),1,0.9258678285352671
6,A2b +Tuned+SVM (7),0,0.6472277671085807
6,A2b +Tuned+SVM (7),1,0.9374832527385665
6,A2b +Tuned+SVM (7),0,0.128201137561686
6,A2b +Tuned+SVM (7),1,0.920340642085995
6,A2b +Tuned+SVM (7),1,0.873998526118715
6,A2b +Tuned+SVM (7),0,0.5703937737004464
6,A2b +Tuned+SVM (7),1,0.898827728587759
6,A2b +Tuned+SVM (7),1,0.8094252862378465
6,A2b +Tuned+SVM (7),1,0.7500901210442927
6,A2b +Tuned+SVM (7),0,0.05890710653485633
6,A2b +Tuned+SVM (7),0,0.32896707765370986
6,A2b +Tuned+SVM (7),1,0.6963039941969672
6,A2b +Tuned+SVM (7),0,0.06193804859442364
6,A2b +Tuned+SVM (7),1,0.8082221434136271
6,A2b +Tuned+SVM (7),0,0.37252314359065986
6,A2b +Tuned+SVM (7),1,0.928369714144267
6,A2b +Tuned+SVM (7),0,0.08020816203857944
6,A2b +Tuned+SVM (7),0,0.6405998685500952
6,A2b +Tuned+SVM (7),0,0.12469691676787807
6,A2b +Tuned+SVM (7),1,0.804136258347555
6,A2b +Tuned+SVM (7),1,0.9169392174712871
6,A2b +Tuned+SVM (7),0,0.09549898970586083
6,A2b +Tuned+SVM (7),1,0.6912621577609093
6,A2b +Tuned+SVM (7),1,0.9270222953969574
6,A2b +Tuned+SVM (7),1,0.6283931706906292
6,A2b +Tuned+SVM (7),1,0.8946043043644027
6,A2b +Tuned+SVM (7),0,0.8565526351259392
6,A2b +Tuned+SVM (7),1,0.8194852446998268
6,A2b +Tuned+SVM (7),0,0.060601765938341975
6,A2b +Tuned+SVM (7),0,0.16250581097936762
6,A2b +Tuned+SVM (7),1,0.9008130017689608
6,A2b +Tuned+SVM (7),1,0.919719131939822
6,A2b +Tuned+SVM (7),1,0.927679728940689
6,A2b +Tuned+SVM (7),1,0.848315632143167
6,A2b +Tuned+SVM (7),0,0.11725395979273923
6,A2b +Tuned+SVM (7),1,0.936135829101364
6,A2b +Tuned+SVM (7),1,0.6126317730336294
6,A2b +Tuned+SVM (7),1,0.9247727330141312
6,A2b +Tuned+SVM (7),1,0.9237752621207572
6,A2b +Tuned+SVM (7),1,0.8218465044568802
6,A2b +Tuned+SVM (7),0,0.07526790388728703
6,A2b +Tuned+SVM (7),0,0.19350743458900607
6,A2b +Tuned+SVM (7),0,0.0903742095704728
6,A2b +Tuned+SVM (7),0,0.7963221731260764
6,A2b +Tuned+SVM (7),0,0.0585622279054072
6,A2b +Tuned+SVM (7),1,0.8646493919535173
6,A2b +Tuned+SVM (7),0,0.7009477713519593
6,A2b +Tuned+SVM (7),1,0.6355419936996614
6,A2b +Tuned+SVM (7),0,0.06487889465780587
6,A2b +Tuned+SVM (7),1,0.846105836429077
6,A2b +Tuned+SVM (7),1,0.9211196059177441
6,A2b +Tuned+SVM (7),0,0.9241602263830372
6,A2b +Tuned+SVM (7),1,0.9310866313572496
6,A2b +Tuned+SVM (7),0,0.9013251562510023
6,A3 LF-DPS (proposed),0,0.14111875826740536
6,A3 LF-DPS (proposed),0,0.0989041986235687
6,A3 LF-DPS (proposed),0,0.0704269970050895
6,A3 LF-DPS (proposed),1,0.9076736851291349
6,A3 LF-DPS (proposed),1,0.9177549166946471
6,A3 LF-DPS (proposed),0,0.10416046649520241
6,A3 LF-DPS (proposed),1,0.9073932383898086
6,A3 LF-DPS (proposed),0,0.5767791564904367
6,A3 LF-DPS (proposed),1,0.9284316275720113
6,A3 LF-DPS (proposed),0,0.1665640377056796
6,A3 LF-DPS (proposed),1,0.9078310400019294
6,A3 LF-DPS (proposed),1,0.845205937755765
6,A3 LF-DPS (proposed),0,0.6199320770287838
6,A3 LF-DPS (proposed),1,0.8724872440270581
6,A3 LF-DPS (proposed),1,0.7867872914681422
6,A3 LF-DPS (proposed),1,0.7095608607288001
6,A3 LF-DPS (proposed),0,0.07887537435808309
6,A3 LF-DPS (proposed),0,0.46059961848707626
6,A3 LF-DPS (proposed),1,0.6737062985635225
6,A3 LF-DPS (proposed),0,0.09296421883018591
6,A3 LF-DPS (proposed),1,0.7901794464749153
6,A3 LF-DPS (proposed),0,0.3305144420008726
6,A3 LF-DPS (proposed),1,0.9149498734117602
6,A3 LF-DPS (proposed),0,0.10605225969540591
6,A3 LF-DPS (proposed),0,0.6270535109922408
6,A3 LF-DPS (proposed),0,0.17660624692516602
6,A3 LF-DPS (proposed),1,0.7793367641004939
6,A3 LF-DPS (proposed),1,0.9018484896094419
6,A3 LF-DPS (proposed),0,0.13400529365426914
6,A3 LF-DPS (proposed),1,0.6565192203885443
6,A3 LF-DPS (proposed),1,0.9142011085309383
6,A3 LF-DPS (proposed),1,0.6248451026639539
6,A3 LF-DPS (proposed),1,0.8699842138589665
6,A3 LF-DPS (proposed),0,0.8076301733520657
6,A3 LF-DPS (proposed),1,0.7628570345276721
6,A3 LF-DPS (proposed),0,0.08063688193209358
6,A3 LF-DPS (proposed),0,0.20897340244762558
6,A3 LF-DPS (proposed),1,0.8762073219878946
6,A3 LF-DPS (proposed),1,0.8994910007718442
6,A3 LF-DPS (proposed),1,0.9080388557941984
6,A3 LF-DPS (proposed),1,0.7909869484522916
6,A3 LF-DPS (proposed),0,0.16458883609703745
6,A3 LF-DPS (proposed),1,0.9246268490297961
6,A3 LF-DPS (proposed),1,0.6092894467481961
6,A3 LF-DPS (proposed),1,0.9079816958377289
6,A3 LF-DPS (proposed),1,0.907215391217481
6,A3 LF-DPS (proposed),1,0.7782293743419987
6,A3 LF-DPS (proposed),0,0.10843319557954845
6,A3 LF-DPS (proposed),0,0.2407764457636564
6,A3 LF-DPS (proposed),0,0.12141014448109168
6,A3 LF-DPS (proposed),0,0.7705270440714085
6,A3 LF-DPS (proposed),0,0.08658336979541828
6,A3 LF-DPS (proposed),1,0.8175342320813394
6,A3 LF-DPS (proposed),0,0.6681101471257803
6,A3 LF-DPS (proposed),1,0.5418431445800244
6,A3 LF-DPS (proposed),0,0.097194346750796
6,A3 LF-DPS (proposed),1,0.8025038010028743
6,A3 LF-DPS (proposed),1,0.9078224204546583
6,A3 LF-DPS (proposed),0,0.9093038311361573
6,A3 LF-DPS (proposed),1,0.9165817838360427
6,A3 LF-DPS (proposed),0,0.8732628464429408
6,Best single (tuned),0,0.09780628431104582
6,Best single (tuned),0,0.01828829805110467
6,Best single (tuned),0,0.018275491649155554
6,Best single (tuned),1,0.9561983340859468
6,Best single (tuned),1,0.9832527955388984
6,Best single (tuned),0,0.050305024325031
6,Best single (tuned),1,0.9362606099082652
6,Best single (tuned),0,0.5619718357771227
6,Best single (tuned),1,0.9887751564983842
6,Best single (tuned),0,0.1557042312653672
6,Best single (tuned),1,0.9428177061079736
6,Best single (tuned),1,0.8336850180189659
6,Best single (tuned),0,0.6274935715335785
6,Best single (tuned),1,0.9028809060364457
6,Best single (tuned),1,0.8163665861055591
6,Best single (tuned),1,0.7430334069302299
6,Best single (tuned),0,0.032945127053610745
6,Best single (tuned),0,0.5395498506617286
6,Best single (tuned),1,0.6326365412575183
6,Best single (tuned),0,0.04204544066680064
6,Best single (tuned),1,0.8165489372113612
6,Best single (tuned),0,0.31955383844262225
6,Best single (tuned),1,0.9658375309419933
6,Best single (tuned),0,0.06622276771754602
6,Best single (tuned),0,0.6113109833091487
6,Best single (tuned),0,0.16363044424491693
6,Best single (tuned),1,0.7865693935971118
6,Best single (tuned),1,0.9286795316177816
6,Best single (tuned),0,0.11069035705886997
6,Best single (tuned),1,0.6812659186916851
6,Best single (tuned),1,0.962661084736199
6,Best single (tuned),1,0.6385959211149492
6,Best single (tuned),1,0.883865368592984
6,Best single (tuned),0,0.8094885600456445
6,Best single (tuned),1,0.7313661247754013
6,Best single (tuned),0,0.0447977687589334
6,Best single (tuned),0,0.17522494631823923
6,Best single (tuned),1,0.9490441911333782
6,Best single (tuned),1,0.9489869954294646
6,Best single (tuned),1,0.9397849154762771
6,Best single (tuned),1,0.7538085647439599
6,Best single (tuned),0,0.1561219093591862
6,Best single (tuned),1,0.9825969207232867
6,Best single (tuned),1,0.6343877411356638
6,Best single (tuned),1,0.953564241179358
6,Best single (tuned),1,0.9681349162088345
6,Best single (tuned),1,0.7701696270236601
6,Best single (tuned),0,0.0798886077053376
6,Best single (tuned),0,0.2322691403617132
6,Best single (tuned),0,0.12928186614263304
6,Best single (tuned),0,0.7657877344210725
6,Best single (tuned),0,0.007553278627222553
6,Best single (tuned),1,0.7829943237071258
6,Best single (tuned),0,0.6456051267392862
6,Best single (tuned),1,0.5332005302953923
6,Best single (tuned),0,0.04235397804772325
6,Best single (tuned),1,0.816746710293285
6,Best single (tuned),1,0.9785744895399492
6,Best single (tuned),0,0.9621768906165081
6,Best single (tuned),1,0.9734977211087397
6,Best single (tuned),0,0.9113884409236418
7,A0 Paper stacking,0,0.15849682919074265
7,A0 Paper stacking,1,0.6175835673453832
7,A0 Paper stacking,0,0.13874512743605785
7,A0 Paper stacking,1,0.8018212668608804
7,A0 Paper stacking,0,0.07026915140476639
7,A0 Paper stacking,0,0.05834203282663245
7,A0 Paper stacking,1,0.1376067100054378
7,A0 Paper stacking,0,0.13653174078299501
7,A0 Paper stacking,0,0.21116955918835717
7,A0 Paper stacking,0,0.6540894634739951
7,A0 Paper stacking,0,0.5606175812139075
7,A0 Paper stacking,0,0.9159296829324088
7,A0 Paper stacking,0,0.5019508975757286
7,A0 Paper stacking,0,0.8072744271564654
7,A0 Paper stacking,1,0.8411733683807187
7,A0 Paper stacking,0,0.2651098363877312
7,A0 Paper stacking,0,0.06058113788073764
7,A0 Paper stacking,0,0.7525508549823063
7,A0 Paper stacking,0,0.7498674392798926
7,A0 Paper stacking,0,0.0659932085051358
7,A0 Paper stacking,0,0.09892949019905378
7,A0 Paper stacking,0,0.056484923057628714
7,A0 Paper stacking,0,0.058283890438592716
7,A0 Paper stacking,1,0.7958145285595231
7,A0 Paper stacking,1,0.9355280582668795
7,A0 Paper stacking,1,0.9347070633536547
7,A0 Paper stacking,1,0.859327912981131
7,A0 Paper stacking,1,0.9201235028169811
7,A0 Paper stacking,1,0.936659082976735
7,A0 Paper stacking,0,0.06077534641898446
7,A0 Paper stacking,1,0.8903597840932984
7,A0 Paper stacking,0,0.0627146461742801
7,A0 Paper stacking,1,0.6787772854188111
7,A0 Paper stacking,0,0.06673760490618517
7,A0 Paper stacking,1,0.8984909007829988
7,A0 Paper stacking,1,0.9250410338216865
7,A0 Paper stacking,0,0.7968908646829018
7,A0 Paper stacking,0,0.40702394581074397
7,A0 Paper stacking,1,0.9311168690172404
7,A0 Paper stacking,1,0.6339947616214638
7,A0 Paper stacking,1,0.9124536567128002
7,A0 Paper stacking,1,0.6390733735792403
7,A0 Paper stacking,1,0.9353282271720681
7,A0 Paper stacking,1,0.890755853399168
7,A0 Paper stacking,1,0.934035193165248
7,A0 Paper stacking,1,0.609192761888863
7,A0 Paper stacking,1,0.8166827435108625
7,A0 Paper stacking,0,0.8836391381875629
7,A0 Paper stacking,1,0.723167161462795
7,A0 Paper stacking,0,0.18503144370433808
7,A0 Paper stacking,0,0.737633647079106
7,A0 Paper stacking,1,0.36691980835799487
7,A0 Paper stacking,1,0.8380642879115081
7,A0 Paper stacking,1,0.9280971539115306
7,A0 Paper stacking,1,0.9343625508012844
7,A0 Paper stacking,1,0.6381188549063155
7,A0 Paper stacking,1,0.930462157744821
7,A0 Paper stacking,1,0.8108462669140833
7,A0 Paper stacking,1,0.9137142889382266
7,A0 Paper stacking,0,0.08081248285283939
7,A1 +Typed prep,0,0.11953740808815208
7,A1 +Typed prep,1,0.6086537054636301
7,A1 +Typed prep,0,0.10539670137242788
7,A1 +Typed prep,1,0.8269560551423356
7,A1 +Typed prep,0,0.07417380905760537
7,A1 +Typed prep,0,0.06341905056444379
7,A1 +Typed prep,1,0.2385366819140564
7,A1 +Typed prep,0,0.16294283053269876
7,A1 +Typed prep,0,0.19485241473277443
7,A1 +Typed prep,0,0.809481833001237
7,A1 +Typed prep,0,0.4594404007883196
7,A1 +Typed prep,0,0.9262307934084607
7,A1 +Typed prep,0,0.30715473578490143
7,A1 +Typed prep,0,0.7050263353234392
7,A1 +Typed prep,1,0.9219949360300593
7,A1 +Typed prep,0,0.15893270249814664
7,A1 +Typed prep,0,0.06636514329421804
7,A1 +Typed prep,0,0.6059728027421027
7,A1 +Typed prep,0,0.6259333988589597
7,A1 +Typed prep,0,0.08088272364685514
7,A1 +Typed prep,0,0.13835628719561668
7,A1 +Typed prep,0,0.06148715689552759
7,A1 +Typed prep,0,0.06472787118931167
7,A1 +Typed prep,1,0.9395716561714517
7,A1 +Typed prep,1,0.9404571665357083
7,A1 +Typed prep,1,0.9391966820135067
7,A1 +Typed prep,1,0.8343565623318354
7,A1 +Typed prep,1,0.9344486618417486
7,A1 +Typed prep,1,0.9382209093981544
7,A1 +Typed prep,0,0.06805891532275812
7,A1 +Typed prep,1,0.8987358667745498
7,A1 +Typed prep,0,0.06600140680034902
7,A1 +Typed prep,1,0.4982015780373246
7,A1 +Typed prep,0,0.06547507428426859
7,A1 +Typed prep,1,0.8933761792635087
7,A1 +Typed prep,1,0.937207371390802
7,A1 +Typed prep,0,0.9126464963221889
7,A1 +Typed prep,0,0.3737806967931106
7,A1 +Typed prep,1,0.932194071228639
7,A1 +Typed prep,1,0.7568564345467301
7,A1 +Typed prep,1,0.9231752872166645
7,A1 +Typed prep,1,0.562146764784629
7,A1 +Typed prep,1,0.938339843073493
7,A1 +Typed prep,1,0.8793531953541155
7,A1 +Typed prep,1,0.9372089226153693
7,A1 +Typed prep,1,0.8175244696190569
7,A1 +Typed prep,1,0.8770029882045338
7,A1 +Typed prep,0,0.7523829212035457
7,A1 +Typed prep,1,0.6588714812747961
7,A1 +Typed prep,0,0.16452151109294144
7,A1 +Typed prep,0,0.8688756676797192
7,A1 +Typed prep,1,0.33270964481829896
7,A1 +Typed prep,1,0.8719443627169596
7,A1 +Typed prep,1,0.931962174851084
7,A1 +Typed prep,1,0.9343183451737711
7,A1 +Typed prep,1,0.542344482634047
7,A1 +Typed prep,1,0.9239423699349663
7,A1 +Typed prep,1,0.7718292266571423
7,A1 +Typed prep,1,0.9062838401143871
7,A1 +Typed prep,0,0.09815522453703471
7,A2 +Tuned (6),0,0.1415843000516131
7,A2 +Tuned (6),1,0.5683795437307759
7,A2 +Tuned (6),0,0.07703116300761638
7,A2 +Tuned (6),1,0.6620466935562723
7,A2 +Tuned (6),0,0.0800773765249584
7,A2 +Tuned (6),0,0.05676689250275084
7,A2 +Tuned (6),1,0.21899207720965494
7,A2 +Tuned (6),0,0.12217982926626518
7,A2 +Tuned (6),0,0.18145614917972505
7,A2 +Tuned (6),0,0.8003933293558579
7,A2 +Tuned (6),0,0.34245370108962175
7,A2 +Tuned (6),0,0.9026370917323291
7,A2 +Tuned (6),0,0.2624147050763322
7,A2 +Tuned (6),0,0.583437623057128
7,A2 +Tuned (6),1,0.8976954183636218
7,A2 +Tuned (6),0,0.14543141076691093
7,A2 +Tuned (6),0,0.06081838143895168
7,A2 +Tuned (6),0,0.5766826466954138
7,A2 +Tuned (6),0,0.6937455605272572
7,A2 +Tuned (6),0,0.060829237655573916
7,A2 +Tuned (6),0,0.1482448366436011
7,A2 +Tuned (6),0,0.05033046948744892
7,A2 +Tuned (6),0,0.06118398669883942
7,A2 +Tuned (6),1,0.9339697611310153
7,A2 +Tuned (6),1,0.9353373423825118
7,A2 +Tuned (6),1,0.9328005720475573
7,A2 +Tuned (6),1,0.732136049444106
7,A2 +Tuned (6),1,0.9159545759334281
7,A2 +Tuned (6),1,0.9413055761337173
7,A2 +Tuned (6),0,0.05973752826698025
7,A2 +Tuned (6),1,0.8341640344491017
7,A2 +Tuned (6),0,0.0775539039090586
7,A2 +Tuned (6),1,0.48056555986897387
7,A2 +Tuned (6),0,0.061498468170486265
7,A2 +Tuned (6),1,0.8884831175340824
7,A2 +Tuned (6),1,0.9281675325059924
7,A2 +Tuned (6),0,0.8162379875975383
7,A2 +Tuned (6),0,0.5328649072910647
7,A2 +Tuned (6),1,0.9224488394986866
7,A2 +Tuned (6),1,0.6390457542620669
7,A2 +Tuned (6),1,0.8693620560910499
7,A2 +Tuned (6),1,0.589327079185891
7,A2 +Tuned (6),1,0.937317736235613
7,A2 +Tuned (6),1,0.9304860048192395
7,A2 +Tuned (6),1,0.9141192971207236
7,A2 +Tuned (6),1,0.8165221468831829
7,A2 +Tuned (6),1,0.8490648607428366
7,A2 +Tuned (6),0,0.8216661970510053
7,A2 +Tuned (6),1,0.7607013668522338
7,A2 +Tuned (6),0,0.21584747784409544
7,A2 +Tuned (6),0,0.844182464171733
7,A2 +Tuned (6),1,0.3023153088758835
7,A2 +Tuned (6),1,0.784360434511055
7,A2 +Tuned (6),1,0.897499954096197
7,A2 +Tuned (6),1,0.9289126009501806
7,A2 +Tuned (6),1,0.6486567764116932
7,A2 +Tuned (6),1,0.939524430576522
7,A2 +Tuned (6),1,0.7363187676359771
7,A2 +Tuned (6),1,0.9056243769277286
7,A2 +Tuned (6),0,0.08519913777459258
7,A2b +Tuned+SVM (7),0,0.13416183887695876
7,A2b +Tuned+SVM (7),1,0.592281689064246
7,A2b +Tuned+SVM (7),0,0.07069482915131266
7,A2b +Tuned+SVM (7),1,0.6616752479648295
7,A2b +Tuned+SVM (7),0,0.08137867008367371
7,A2b +Tuned+SVM (7),0,0.053786398556587685
7,A2b +Tuned+SVM (7),1,0.21203336778439277
7,A2b +Tuned+SVM (7),0,0.132153353205954
7,A2b +Tuned+SVM (7),0,0.18292485513257525
7,A2b +Tuned+SVM (7),0,0.7920754607773499
7,A2b +Tuned+SVM (7),0,0.348435105494558
7,A2b +Tuned+SVM (7),0,0.9055898613770184
7,A2b +Tuned+SVM (7),0,0.24798344412197712
7,A2b +Tuned+SVM (7),0,0.5915264308524688
7,A2b +Tuned+SVM (7),1,0.8967271566249108
7,A2b +Tuned+SVM (7),0,0.1438459339455577
7,A2b +Tuned+SVM (7),0,0.0576546189483173
7,A2b +Tuned+SVM (7),0,0.5636847240052956
7,A2b +Tuned+SVM (7),0,0.6021856778223852
7,A2b +Tuned+SVM (7),0,0.05742577646089842
7,A2b +Tuned+SVM (7),0,0.13804853748885287
7,A2b +Tuned+SVM (7),0,0.049269391243302825
7,A2b +Tuned+SVM (7),0,0.05910694386880359
7,A2b +Tuned+SVM (7),1,0.9344168437352738
7,A2b +Tuned+SVM (7),1,0.9351629701094203
7,A2b +Tuned+SVM (7),1,0.9336204937919929
7,A2b +Tuned+SVM (7),1,0.717606764182094
7,A2b +Tuned+SVM (7),1,0.9164170506777032
7,A2b +Tuned+SVM (7),1,0.941777120756919
7,A2b +Tuned+SVM (7),0,0.05799642577134213
7,A2b +Tuned+SVM (7),1,0.8316246611307483
7,A2b +Tuned+SVM (7),0,0.07095404047762797
7,A2b +Tuned+SVM (7),1,0.49653398198050497
7,A2b +Tuned+SVM (7),0,0.06027990916770779
7,A2b +Tuned+SVM (7),1,0.8904414197508496
7,A2b +Tuned+SVM (7),1,0.9287247272328057
7,A2b +Tuned+SVM (7),0,0.8114573864453527
7,A2b +Tuned+SVM (7),0,0.5614628802225267
7,A2b +Tuned+SVM (7),1,0.9242157879861497
7,A2b +Tuned+SVM (7),1,0.6820218477444038
7,A2b +Tuned+SVM (7),1,0.8763696298751724
7,A2b +Tuned+SVM (7),1,0.5919226348774196
7,A2b +Tuned+SVM (7),1,0.9365762429955798
7,A2b +Tuned+SVM (7),1,0.9334599078404793
7,A2b +Tuned+SVM (7),1,0.9158350025726971
7,A2b +Tuned+SVM (7),1,0.8212931241484329
7,A2b +Tuned+SVM (7),1,0.8480522174352165
7,A2b +Tuned+SVM (7),0,0.8055211460973754
7,A2b +Tuned+SVM (7),1,0.7416520665304436
7,A2b +Tuned+SVM (7),0,0.22218790802075133
7,A2b +Tuned+SVM (7),0,0.8467236403910529
7,A2b +Tuned+SVM (7),1,0.3125140566029772
7,A2b +Tuned+SVM (7),1,0.7920483650914896
7,A2b +Tuned+SVM (7),1,0.8980913945889979
7,A2b +Tuned+SVM (7),1,0.9300796388064109
7,A2b +Tuned+SVM (7),1,0.6455123597923486
7,A2b +Tuned+SVM (7),1,0.9402373638842912
7,A2b +Tuned+SVM (7),1,0.7563657189821796
7,A2b +Tuned+SVM (7),1,0.9058254125718134
7,A2b +Tuned+SVM (7),0,0.08083584539432276
7,A3 LF-DPS (proposed),0,0.16415062948800394
7,A3 LF-DPS (proposed),1,0.6310560881322537
7,A3 LF-DPS (proposed),0,0.1017484393205493
7,A3 LF-DPS (proposed),1,0.6270423571208422
7,A3 LF-DPS (proposed),0,0.11473679224262268
7,A3 LF-DPS (proposed),0,0.06811603800910312
7,A3 LF-DPS (proposed),1,0.2821959270858214
7,A3 LF-DPS (proposed),0,0.19136604659566978
7,A3 LF-DPS (proposed),0,0.26113889755325315
7,A3 LF-DPS (proposed),0,0.7291775314016408
7,A3 LF-DPS (proposed),0,0.41834016426125514
7,A3 LF-DPS (proposed),0,0.8721760406750885
7,A3 LF-DPS (proposed),0,0.24194076381619414
7,A3 LF-DPS (proposed),0,0.5752289111006313
7,A3 LF-DPS (proposed),1,0.8668293486968094
7,A3 LF-DPS (proposed),0,0.18776690520623124
7,A3 LF-DPS (proposed),0,0.08072204506151238
7,A3 LF-DPS (proposed),0,0.5171503606926064
7,A3 LF-DPS (proposed),0,0.46003779890438606
7,A3 LF-DPS (proposed),0,0.07253870343730341
7,A3 LF-DPS (proposed),0,0.16818710614625457
7,A3 LF-DPS (proposed),0,0.06873258466586016
7,A3 LF-DPS (proposed),0,0.07751383441734079
7,A3 LF-DPS (proposed),1,0.9150207266395353
7,A3 LF-DPS (proposed),1,0.9116346366976807
7,A3 LF-DPS (proposed),1,0.9119795602858821
7,A3 LF-DPS (proposed),1,0.620236955542349
7,A3 LF-DPS (proposed),1,0.8877419341099062
7,A3 LF-DPS (proposed),1,0.9232250564701684
7,A3 LF-DPS (proposed),0,0.07790369273632174
7,A3 LF-DPS (proposed),1,0.7553653600099784
7,A3 LF-DPS (proposed),0,0.10469400171675952
7,A3 LF-DPS (proposed),1,0.5344138787384538
7,A3 LF-DPS (proposed),0,0.0859840828006391
7,A3 LF-DPS (proposed),1,0.8564287033018889
7,A3 LF-DPS (proposed),1,0.9073115874113244
7,A3 LF-DPS (proposed),0,0.7471911572097812
7,A3 LF-DPS (proposed),0,0.6213410054751319
7,A3 LF-DPS (proposed),1,0.904480187698611
7,A3 LF-DPS (proposed),1,0.7352145848240418
7,A3 LF-DPS (proposed),1,0.8550892613134176
7,A3 LF-DPS (proposed),1,0.5457416859903169
7,A3 LF-DPS (proposed),1,0.9125365479000008
7,A3 LF-DPS (proposed),1,0.9199000190577405
7,A3 LF-DPS (proposed),1,0.8824708054489152
7,A3 LF-DPS (proposed),1,0.793728300182787
7,A3 LF-DPS (proposed),1,0.7857043539597911
7,A3 LF-DPS (proposed),0,0.7468015720588408
7,A3 LF-DPS (proposed),1,0.7264797300574494
7,A3 LF-DPS (proposed),0,0.31404569180675984
7,A3 LF-DPS (proposed),0,0.8081891945080093
7,A3 LF-DPS (proposed),1,0.3531036898781659
7,A3 LF-DPS (proposed),1,0.7845784314900922
7,A3 LF-DPS (proposed),1,0.8612270979007692
7,A3 LF-DPS (proposed),1,0.9114243032859058
7,A3 LF-DPS (proposed),1,0.604831678824092
7,A3 LF-DPS (proposed),1,0.9217689825240966
7,A3 LF-DPS (proposed),1,0.7585464755187413
7,A3 LF-DPS (proposed),1,0.8617371203805917
7,A3 LF-DPS (proposed),0,0.10521484094847017
7,Best single (tuned),0,0.2930070300959395
7,Best single (tuned),1,0.5475364436051929
7,Best single (tuned),0,0.24087069443835463
7,Best single (tuned),1,0.5443323576919888
7,Best single (tuned),0,0.15810074114762457
7,Best single (tuned),0,0.07952724729740637
7,Best single (tuned),1,0.4536598828026471
7,Best single (tuned),0,0.22880005571382944
7,Best single (tuned),0,0.40662289459634016
7,Best single (tuned),0,0.6697902781200581
7,Best single (tuned),0,0.4737563857528888
7,Best single (tuned),0,0.7730986366621123
7,Best single (tuned),0,0.3361673213973944
7,Best single (tuned),0,0.5223476927788739
7,Best single (tuned),1,0.8183000452905864
7,Best single (tuned),0,0.3000126160752793
7,Best single (tuned),0,0.1428177093935975
7,Best single (tuned),0,0.5148072620698907
7,Best single (tuned),0,0.727333117150652
7,Best single (tuned),0,0.09761642107730595
7,Best single (tuned),0,0.3100349284296033
7,Best single (tuned),0,0.0691385141377317
7,Best single (tuned),0,0.09600178654822443
7,Best single (tuned),1,0.9081421689453003
7,Best single (tuned),1,0.8965132539263219
7,Best single (tuned),1,0.888000470450857
7,Best single (tuned),1,0.5524595531602048
7,Best single (tuned),1,0.8294308426590183
7,Best single (tuned),1,0.9257383037736778
7,Best single (tuned),0,0.09706798746885825
7,Best single (tuned),1,0.6252400334497937
7,Best single (tuned),0,0.2594843415323975
7,Best single (tuned),1,0.5174097089799513
7,Best single (tuned),0,0.12607633062773999
7,Best single (tuned),1,0.7579824493969621
7,Best single (tuned),1,0.8843810056601258
7,Best single (tuned),0,0.6433526355745385
7,Best single (tuned),0,0.5554852874362952
7,Best single (tuned),1,0.8684336229903953
7,Best single (tuned),1,0.5824861158045828
7,Best single (tuned),1,0.7524167172933234
7,Best single (tuned),1,0.46724237066193663
7,Best single (tuned),1,0.9076539261069932
7,Best single (tuned),1,0.9054178540568775
7,Best single (tuned),1,0.7913350081422525
7,Best single (tuned),1,0.6882180515206002
7,Best single (tuned),1,0.6651848379193609
7,Best single (tuned),0,0.733744630720672
7,Best single (tuned),1,0.7864873160760395
7,Best single (tuned),0,0.41725381631416064
7,Best single (tuned),0,0.7098095199222836
7,Best single (tuned),1,0.3836981038277693
7,Best single (tuned),1,0.6999786234050359
7,Best single (tuned),1,0.7768031732177444
7,Best single (tuned),1,0.8944123263552222
7,Best single (tuned),1,0.5283799661751936
7,Best single (tuned),1,0.9195516468193743
7,Best single (tuned),1,0.6364150215728337
7,Best single (tuned),1,0.7634641028124197
7,Best single (tuned),0,0.18658059263336013
8,A0 Paper stacking,0,0.43060773630877375
8,A0 Paper stacking,0,0.16905790476332982
8,A0 Paper stacking,0,0.4572151071732789
8,A0 Paper stacking,1,0.8858732843532185
8,A0 Paper stacking,1,0.9281309211978304
8,A0 Paper stacking,0,0.38701561085766967
8,A0 Paper stacking,1,0.9338754152172177
8,A0 Paper stacking,0,0.898125510180116
8,A0 Paper stacking,0,0.06574819265300348
8,A0 Paper stacking,1,0.4604001260883232
8,A0 Paper stacking,1,0.8718099789799678
8,A0 Paper stacking,1,0.07263903391835372
8,A0 Paper stacking,1,0.8745440782982074
8,A0 Paper stacking,1,0.8976198493086534
8,A0 Paper stacking,1,0.8179978787493185
8,A0 Paper stacking,0,0.1192586687224851
8,A0 Paper stacking,0,0.06667168850362402
8,A0 Paper stacking,1,0.8783350339796723
8,A0 Paper stacking,0,0.8419270210330727
8,A0 Paper stacking,0,0.06929317506286503
8,A0 Paper stacking,0,0.2380442460742199
8,A0 Paper stacking,1,0.7708059868063486
8,A0 Paper stacking,1,0.930703638310599
8,A0 Paper stacking,1,0.9222511850344334
8,A0 Paper stacking,1,0.9322337463912459
8,A0 Paper stacking,1,0.9212530321617306
8,A0 Paper stacking,0,0.0595069204080295
8,A0 Paper stacking,0,0.613804430154313
8,A0 Paper stacking,0,0.18580726487301533
8,A0 Paper stacking,1,0.8351310668102984
8,A0 Paper stacking,0,0.09472745543828116
8,A0 Paper stacking,0,0.07199096685986621
8,A0 Paper stacking,0,0.06274027273267664
8,A0 Paper stacking,0,0.12601077283046636
8,A0 Paper stacking,0,0.05816487377254303
8,A0 Paper stacking,1,0.7970116461535309
8,A0 Paper stacking,1,0.9112488230972007
8,A0 Paper stacking,1,0.884508217552431
8,A0 Paper stacking,1,0.8831507790384463
8,A0 Paper stacking,1,0.9004344152252232
8,A0 Paper stacking,1,0.799011198006854
8,A0 Paper stacking,0,0.057625024702931286
8,A0 Paper stacking,1,0.8614945447287125
8,A0 Paper stacking,0,0.16454779806717854
8,A0 Paper stacking,1,0.47826830445744634
8,A0 Paper stacking,1,0.2125291972935765
8,A0 Paper stacking,1,0.12933295084402827
8,A0 Paper stacking,0,0.06520344725248688
8,A0 Paper stacking,0,0.26771755131985164
8,A0 Paper stacking,0,0.12698390586970143
8,A0 Paper stacking,1,0.9300049756696954
8,A0 Paper stacking,0,0.08717021355746984
8,A0 Paper stacking,1,0.8168290038708684
8,A0 Paper stacking,0,0.0576333168200536
8,A0 Paper stacking,0,0.2809944370949241
8,A0 Paper stacking,1,0.9171368492092651
8,A0 Paper stacking,1,0.904189699247292
8,A0 Paper stacking,1,0.4279170000664371
8,A0 Paper stacking,1,0.5214921337162681
8,A0 Paper stacking,1,0.8426936738372148
8,A1 +Typed prep,0,0.2735363326116026
8,A1 +Typed prep,0,0.17314394756029095
8,A1 +Typed prep,0,0.6196251026046861
8,A1 +Typed prep,1,0.8989524522438143
8,A1 +Typed prep,1,0.9338402581331694
8,A1 +Typed prep,0,0.7484622913918196
8,A1 +Typed prep,1,0.9338193299809524
8,A1 +Typed prep,0,0.8354095647283537
8,A1 +Typed prep,0,0.06064510923998171
8,A1 +Typed prep,1,0.3637133479491806
8,A1 +Typed prep,1,0.8617433546540597
8,A1 +Typed prep,1,0.07659973909120019
8,A1 +Typed prep,1,0.8911831493537422
8,A1 +Typed prep,1,0.9253552347696051
8,A1 +Typed prep,1,0.765528926558314
8,A1 +Typed prep,0,0.11451426096980913
8,A1 +Typed prep,0,0.06732871928865901
8,A1 +Typed prep,1,0.8723193417395857
8,A1 +Typed prep,0,0.8024480542728208
8,A1 +Typed prep,0,0.09117208652691099
8,A1 +Typed prep,0,0.22585572414159175
8,A1 +Typed prep,1,0.7969908356540074
8,A1 +Typed prep,1,0.9337441982427279
8,A1 +Typed prep,1,0.9257097381705188
8,A1 +Typed prep,1,0.9340775061560388
8,A1 +Typed prep,1,0.9161985364518903
8,A1 +Typed prep,0,0.05671373159988182
8,A1 +Typed prep,0,0.6253736686422281
8,A1 +Typed prep,0,0.15352213090296962
8,A1 +Typed prep,1,0.828233444650425
8,A1 +Typed prep,0,0.09004106629062476
8,A1 +Typed prep,0,0.06557575880396632
8,A1 +Typed prep,0,0.060534186706094666
8,A1 +Typed prep,0,0.14102791960194608
8,A1 +Typed prep,0,0.05658227157822221
8,A1 +Typed prep,1,0.8815311988919157
8,A1 +Typed prep,1,0.9117655993401418
8,A1 +Typed prep,1,0.891867130457955
8,A1 +Typed prep,1,0.8852963601328275
8,A1 +Typed prep,1,0.8896267204136985
8,A1 +Typed prep,1,0.7730164898207232
8,A1 +Typed prep,0,0.056505032371507606
8,A1 +Typed prep,1,0.8199190521413064
8,A1 +Typed prep,0,0.10226939187950843
8,A1 +Typed prep,1,0.7646552624061689
8,A1 +Typed prep,1,0.18878457080617014
8,A1 +Typed prep,1,0.06276701463790156
8,A1 +Typed prep,0,0.0630668034362527
8,A1 +Typed prep,0,0.16930022378332055
8,A1 +Typed prep,0,0.09178191101589298
8,A1 +Typed prep,1,0.924308296651966
8,A1 +Typed prep,0,0.07342268225860565
8,A1 +Typed prep,1,0.758657388940858
8,A1 +Typed prep,0,0.055575829867467834
8,A1 +Typed prep,0,0.16811869677984373
8,A1 +Typed prep,1,0.8929042474101598
8,A1 +Typed prep,1,0.8226844487444817
8,A1 +Typed prep,1,0.6520900996554909
8,A1 +Typed prep,1,0.695460827982905
8,A1 +Typed prep,1,0.900560183724777
8,A2 +Tuned (6),0,0.39329928214820975
8,A2 +Tuned (6),0,0.12410363259248004
8,A2 +Tuned (6),0,0.657562103227105
8,A2 +Tuned (6),1,0.8901380706539619
8,A2 +Tuned (6),1,0.9295989130699243
8,A2 +Tuned (6),0,0.6146645689677565
8,A2 +Tuned (6),1,0.9391802018003272
8,A2 +Tuned (6),0,0.8735905652889713
8,A2 +Tuned (6),0,0.05607040780281901
8,A2 +Tuned (6),1,0.49052674814017905
8,A2 +Tuned (6),1,0.8650790291792011
8,A2 +Tuned (6),1,0.06445788130655844
8,A2 +Tuned (6),1,0.9070428462835715
8,A2 +Tuned (6),1,0.9231877209387529
8,A2 +Tuned (6),1,0.7779835659543365
8,A2 +Tuned (6),0,0.09837708452478822
8,A2 +Tuned (6),0,0.058148437547729165
8,A2 +Tuned (6),1,0.9063226919786872
8,A2 +Tuned (6),0,0.8610567867330988
8,A2 +Tuned (6),0,0.06262538081887817
8,A2 +Tuned (6),0,0.24378530867864934
8,A2 +Tuned (6),1,0.8429443676535866
8,A2 +Tuned (6),1,0.9389392879584532
8,A2 +Tuned (6),1,0.9319102320020515
8,A2 +Tuned (6),1,0.9300655679553764
8,A2 +Tuned (6),1,0.9122478350769311
8,A2 +Tuned (6),0,0.044622918797074536
8,A2 +Tuned (6),0,0.7152298483619863
8,A2 +Tuned (6),0,0.20601910738563484
8,A2 +Tuned (6),1,0.8758613013610564
8,A2 +Tuned (6),0,0.058138791616559965
8,A2 +Tuned (6),0,0.06725925269098554
8,A2 +Tuned (6),0,0.04780301752852653
8,A2 +Tuned (6),0,0.1409516826691314
8,A2 +Tuned (6),0,0.04622548805078418
8,A2 +Tuned (6),1,0.8990962918236378
8,A2 +Tuned (6),1,0.9381042443676704
8,A2 +Tuned (6),1,0.9002660326909268
8,A2 +Tuned (6),1,0.8689319916795717
8,A2 +Tuned (6),1,0.9214334347989225
8,A2 +Tuned (6),1,0.8137933216643236
8,A2 +Tuned (6),0,0.04518733127878756
8,A2 +Tuned (6),1,0.8675345306116371
8,A2 +Tuned (6),0,0.11426141999335017
8,A2 +Tuned (6),1,0.8674115419300441
8,A2 +Tuned (6),1,0.14517271977605437
8,A2 +Tuned (6),1,0.08138079210595855
8,A2 +Tuned (6),0,0.05399999185281546
8,A2 +Tuned (6),0,0.3209647233366148
8,A2 +Tuned (6),0,0.0968675955235235
8,A2 +Tuned (6),1,0.9299395767000928
8,A2 +Tuned (6),0,0.0768815211109547
8,A2 +Tuned (6),1,0.8068281263568692
8,A2 +Tuned (6),0,0.04086447611259991
8,A2 +Tuned (6),0,0.12132195647567075
8,A2 +Tuned (6),1,0.9094158120014818
8,A2 +Tuned (6),1,0.905039766179463
8,A2 +Tuned (6),1,0.513357229196854
8,A2 +Tuned (6),1,0.5993913528831879
8,A2 +Tuned (6),1,0.826780580305156
8,A2b +Tuned+SVM (7),0,0.38595538425767706
8,A2b +Tuned+SVM (7),0,0.1065142165944691
8,A2b +Tuned+SVM (7),0,0.641423870813871
8,A2b +Tuned+SVM (7),1,0.8709384875393693
8,A2b +Tuned+SVM (7),1,0.9300756360544659
8,A2b +Tuned+SVM (7),0,0.6418892284845502
8,A2b +Tuned+SVM (7),1,0.9396713949121557
8,A2b +Tuned+SVM (7),0,0.8571555951111862
8,A2b +Tuned+SVM (7),0,0.05393715842071429
8,A2b +Tuned+SVM (7),1,0.4258079420163582
8,A2b +Tuned+SVM (7),1,0.8756592018194003
8,A2b +Tuned+SVM (7),1,0.060911283981752815
8,A2b +Tuned+SVM (7),1,0.9093077939037896
8,A2b +Tuned+SVM (7),1,0.9242874543540854
8,A2b +Tuned+SVM (7),1,0.800524277488474
8,A2b +Tuned+SVM (7),0,0.09105428594851654
8,A2b +Tuned+SVM (7),0,0.054743999746775136
8,A2b +Tuned+SVM (7),1,0.9111589973844849
8,A2b +Tuned+SVM (7),0,0.8649485922932081
8,A2b +Tuned+SVM (7),0,0.06077886190920169
8,A2b +Tuned+SVM (7),0,0.24282506635383208
8,A2b +Tuned+SVM (7),1,0.8433734283053038
8,A2b +Tuned+SVM (7),1,0.9389538412729392
8,A2b +Tuned+SVM (7),1,0.9342347923645805
8,A2b +Tuned+SVM (7),1,0.9308945451211118
8,A2b +Tuned+SVM (7),1,0.9163394782845872
8,A2b +Tuned+SVM (7),0,0.043121751298621024
8,A2b +Tuned+SVM (7),0,0.7219971062905424
8,A2b +Tuned+SVM (7),0,0.19796135877099832
8,A2b +Tuned+SVM (7),1,0.8655442519158623
8,A2b +Tuned+SVM (7),0,0.056039533249139434
8,A2b +Tuned+SVM (7),0,0.06441540777403532
8,A2b +Tuned+SVM (7),0,0.045664830170344214
8,A2b +Tuned+SVM (7),0,0.13940844900340138
8,A2b +Tuned+SVM (7),0,0.04478936763283954
8,A2b +Tuned+SVM (7),1,0.8935949958959779
8,A2b +Tuned+SVM (7),1,0.9388157107168892
8,A2b +Tuned+SVM (7),1,0.9038106483077358
8,A2b +Tuned+SVM (7),1,0.8693440259811787
8,A2b +Tuned+SVM (7),1,0.922039951240725
8,A2b +Tuned+SVM (7),1,0.8103293205062889
8,A2b +Tuned+SVM (7),0,0.0435096279415781
8,A2b +Tuned+SVM (7),1,0.8650560025939571
8,A2b +Tuned+SVM (7),0,0.10176472863045787
8,A2b +Tuned+SVM (7),1,0.8624876129050781
8,A2b +Tuned+SVM (7),1,0.13459584044164508
8,A2b +Tuned+SVM (7),1,0.07458062439640488
8,A2b +Tuned+SVM (7),0,0.05113109722140267
8,A2b +Tuned+SVM (7),0,0.3119676422548056
8,A2b +Tuned+SVM (7),0,0.09770113727403675
8,A2b +Tuned+SVM (7),1,0.9336457352543546
8,A2b +Tuned+SVM (7),0,0.07042507743767613
8,A2b +Tuned+SVM (7),1,0.7875205323616713
8,A2b +Tuned+SVM (7),0,0.039737847933243774
8,A2b +Tuned+SVM (7),0,0.11660225092069075
8,A2b +Tuned+SVM (7),1,0.91482367769785
8,A2b +Tuned+SVM (7),1,0.902003113508806
8,A2b +Tuned+SVM (7),1,0.5119580318094837
8,A2b +Tuned+SVM (7),1,0.5889219746702028
8,A2b +Tuned+SVM (7),1,0.8191217805372301
8,A3 LF-DPS (proposed),0,0.5525891772135952
8,A3 LF-DPS (proposed),0,0.1015548215119492
8,A3 LF-DPS (proposed),0,0.6689086300717304
8,A3 LF-DPS (proposed),1,0.8378107218914835
8,A3 LF-DPS (proposed),1,0.8993220183145001
8,A3 LF-DPS (proposed),0,0.6877579860124464
8,A3 LF-DPS (proposed),1,0.9219023570216529
8,A3 LF-DPS (proposed),0,0.7653845593095611
8,A3 LF-DPS (proposed),0,0.07903009628258686
8,A3 LF-DPS (proposed),1,0.37302487888601943
8,A3 LF-DPS (proposed),1,0.8306129501970411
8,A3 LF-DPS (proposed),1,0.0864837165653623
8,A3 LF-DPS (proposed),1,0.8740441806174134
8,A3 LF-DPS (proposed),1,0.8956763241305713
8,A3 LF-DPS (proposed),1,0.7806348326638123
8,A3 LF-DPS (proposed),0,0.1531619750085957
8,A3 LF-DPS (proposed),0,0.06425932943072
8,A3 LF-DPS (proposed),1,0.890133532419899
8,A3 LF-DPS (proposed),0,0.8462819163920049
8,A3 LF-DPS (proposed),0,0.0793994286494982
8,A3 LF-DPS (proposed),0,0.4240274209768994
8,A3 LF-DPS (proposed),1,0.8396677575112098
8,A3 LF-DPS (proposed),1,0.9140151929454964
8,A3 LF-DPS (proposed),1,0.9098776332437942
8,A3 LF-DPS (proposed),1,0.8923991104387806
8,A3 LF-DPS (proposed),1,0.8818281919859092
8,A3 LF-DPS (proposed),0,0.050062663877808625
8,A3 LF-DPS (proposed),0,0.6339398830453732
8,A3 LF-DPS (proposed),0,0.31191336407872555
8,A3 LF-DPS (proposed),1,0.8381564850454262
8,A3 LF-DPS (proposed),0,0.0655566178925478
8,A3 LF-DPS (proposed),0,0.08940365092875086
8,A3 LF-DPS (proposed),0,0.047660825657532976
8,A3 LF-DPS (proposed),0,0.1746658763383826
8,A3 LF-DPS (proposed),0,0.05492531497118131
8,A3 LF-DPS (proposed),1,0.846942737312851
8,A3 LF-DPS (proposed),1,0.9160374435518469
8,A3 LF-DPS (proposed),1,0.8536334495659245
8,A3 LF-DPS (proposed),1,0.8369044730146642
8,A3 LF-DPS (proposed),1,0.892802780497054
8,A3 LF-DPS (proposed),1,0.7467472288295179
8,A3 LF-DPS (proposed),0,0.05083592592977238
8,A3 LF-DPS (proposed),1,0.7867410855882992
8,A3 LF-DPS (proposed),0,0.11954625207671483
8,A3 LF-DPS (proposed),1,0.8590075054660035
8,A3 LF-DPS (proposed),1,0.2106215486530851
8,A3 LF-DPS (proposed),1,0.11319897638758618
8,A3 LF-DPS (proposed),0,0.0661441459675748
8,A3 LF-DPS (proposed),0,0.4730787244263155
8,A3 LF-DPS (proposed),0,0.1790143852241204
8,A3 LF-DPS (proposed),1,0.9179608569095921
8,A3 LF-DPS (proposed),0,0.08006717886329039
8,A3 LF-DPS (proposed),1,0.7655830409516559
8,A3 LF-DPS (proposed),0,0.04095824902050876
8,A3 LF-DPS (proposed),0,0.1684945975284407
8,A3 LF-DPS (proposed),1,0.8865623228523047
8,A3 LF-DPS (proposed),1,0.8690621262703007
8,A3 LF-DPS (proposed),1,0.509609641955667
8,A3 LF-DPS (proposed),1,0.5890937649685828
8,A3 LF-DPS (proposed),1,0.7184276748864247
8,Best single (tuned),0,0.5101543807678601
8,Best single (tuned),0,0.12663612394925247
8,Best single (tuned),0,0.5848400893450273
8,Best single (tuned),1,0.6459576645939802
8,Best single (tuned),1,0.8483626260500027
8,Best single (tuned),0,0.5810449079964827
8,Best single (tuned),1,0.8799293044669951
8,Best single (tuned),0,0.6547443967776645
8,Best single (tuned),0,0.16771947191326544
8,Best single (tuned),1,0.4545900055668685
8,Best single (tuned),1,0.805359059511875
8,Best single (tuned),1,0.1683029641436337
8,Best single (tuned),1,0.7907699143976306
8,Best single (tuned),1,0.8337155959355668
8,Best single (tuned),1,0.6868739389387961
8,Best single (tuned),0,0.2646234762095875
8,Best single (tuned),0,0.08537587375239214
8,Best single (tuned),1,0.8122901334843673
8,Best single (tuned),0,0.7409553584273001
8,Best single (tuned),0,0.16959077113304144
8,Best single (tuned),0,0.4618520959979573
8,Best single (tuned),1,0.7224867206698189
8,Best single (tuned),1,0.8769254260418992
8,Best single (tuned),1,0.893607492222825
8,Best single (tuned),1,0.8566575633282082
8,Best single (tuned),1,0.8533491602490764
8,Best single (tuned),0,0.09473139119053976
8,Best single (tuned),0,0.6708014918775935
8,Best single (tuned),0,0.31836790367076806
8,Best single (tuned),1,0.71835381261516
8,Best single (tuned),0,0.12900263237926518
8,Best single (tuned),0,0.2174851096410523
8,Best single (tuned),0,0.0756282865459813
8,Best single (tuned),0,0.35840945325340395
8,Best single (tuned),0,0.13088617316653015
8,Best single (tuned),1,0.7428359692167692
8,Best single (tuned),1,0.88653768228155
8,Best single (tuned),1,0.8337177375819289
8,Best single (tuned),1,0.786408398195638
8,Best single (tuned),1,0.8224862570512483
8,Best single (tuned),1,0.6888394065190668
8,Best single (tuned),0,0.06496946730338356
8,Best single (tuned),1,0.7001865613223532
8,Best single (tuned),0,0.158661863042767
8,Best single (tuned),1,0.7426790298107843
8,Best single (tuned),1,0.3368662401894242
8,Best single (tuned),1,0.17157266815353653
8,Best single (tuned),0,0.13253240062799124
8,Best single (tuned),0,0.5352004106279148
8,Best single (tuned),0,0.36944981117402803
8,Best single (tuned),1,0.8958772893777904
8,Best single (tuned),0,0.13722648718594926
8,Best single (tuned),1,0.6194255167606191
8,Best single (tuned),0,0.052754038634142485
8,Best single (tuned),0,0.3066352532522095
8,Best single (tuned),1,0.8347103748766819
8,Best single (tuned),1,0.7743213362130118
8,Best single (tuned),1,0.5535152439771067
8,Best single (tuned),1,0.5295225013039114
8,Best single (tuned),1,0.5996497059156931
9,A0 Paper stacking,0,0.06815861858989462
9,A0 Paper stacking,0,0.5343478863621477
9,A0 Paper stacking,1,0.930878683578554
9,A0 Paper stacking,1,0.7388424181306489
9,A0 Paper stacking,0,0.3286871681167276
9,A0 Paper stacking,1,0.6603005180108485
9,A0 Paper stacking,1,0.6277436453188299
9,A0 Paper stacking,0,0.08599165750434044
9,A0 Paper stacking,1,0.8552671467488466
9,A0 Paper stacking,0,0.07859539764774084
9,A0 Paper stacking,0,0.09271331008469423
9,A0 Paper stacking,0,0.13712020297685068
9,A0 Paper stacking,0,0.16369337519103433
9,A0 Paper stacking,1,0.8686317840223672
9,A0 Paper stacking,1,0.8705003451832735
9,A0 Paper stacking,0,0.8698492755771399
9,A0 Paper stacking,1,0.919429347108607
9,A0 Paper stacking,1,0.8109935085498704
9,A0 Paper stacking,1,0.847519538458714
9,A0 Paper stacking,1,0.8319077755195594
9,A0 Paper stacking,0,0.5848066563774849
9,A0 Paper stacking,1,0.7244799627700941
9,A0 Paper stacking,0,0.07935745562243687
9,A0 Paper stacking,1,0.8924511852185417
9,A0 Paper stacking,1,0.9292815123284868
9,A0 Paper stacking,0,0.48507748553902197
9,A0 Paper stacking,1,0.9033473598698213
9,A0 Paper stacking,1,0.8332718961657217
9,A0 Paper stacking,1,0.8732376581292014
9,A0 Paper stacking,0,0.06733672634348044
9,A0 Paper stacking,1,0.7707538385820352
9,A0 Paper stacking,1,0.9275166385386331
9,A0 Paper stacking,1,0.9190937811183308
9,A0 Paper stacking,0,0.10892334795492183
9,A0 Paper stacking,0,0.6363760941352627
9,A0 Paper stacking,1,0.25626200589280496
9,A0 Paper stacking,1,0.2636344836929179
9,A0 Paper stacking,1,0.9176245822804934
9,A0 Paper stacking,1,0.5356760155152304
9,A0 Paper stacking,0,0.09260320857396097
9,A0 Paper stacking,0,0.06370379480650429
9,A0 Paper stacking,0,0.11720831503784492
9,A0 Paper stacking,0,0.8340107275034624
9,A0 Paper stacking,1,0.8968789510230026
9,A0 Paper stacking,1,0.6628254025477938
9,A0 Paper stacking,1,0.12457311090128172
9,A0 Paper stacking,1,0.5907221172057512
9,A0 Paper stacking,0,0.6891846584850679
9,A0 Paper stacking,0,0.2036990593126311
9,A0 Paper stacking,1,0.6291803687095304
9,A0 Paper stacking,1,0.8783778433884757
9,A0 Paper stacking,1,0.8979032048521327
9,A0 Paper stacking,0,0.9229630298906061
9,A0 Paper stacking,1,0.9179396675940269
9,A0 Paper stacking,1,0.9258593075134931
9,A0 Paper stacking,0,0.20174375580275872
9,A0 Paper stacking,0,0.08673260045712106
9,A0 Paper stacking,0,0.8207506380631979
9,A0 Paper stacking,0,0.06868661737552549
9,A0 Paper stacking,0,0.6192414592562332
9,A1 +Typed prep,0,0.06740051046263866
9,A1 +Typed prep,0,0.3871430347916166
9,A1 +Typed prep,1,0.9352799571292775
9,A1 +Typed prep,1,0.6527660721485775
9,A1 +Typed prep,0,0.32531100070467683
9,A1 +Typed prep,1,0.6513492232551602
9,A1 +Typed prep,1,0.6746228705633831
9,A1 +Typed prep,0,0.08419344157798628
9,A1 +Typed prep,1,0.8940111566886614
9,A1 +Typed prep,0,0.07840661075273597
9,A1 +Typed prep,0,0.07905578581605388
9,A1 +Typed prep,0,0.11797206596672506
9,A1 +Typed prep,0,0.1422117803242463
9,A1 +Typed prep,1,0.8699535508897553
9,A1 +Typed prep,1,0.7125232217301138
9,A1 +Typed prep,0,0.8198953773438606
9,A1 +Typed prep,1,0.9227024891749761
9,A1 +Typed prep,1,0.6250833502112255
9,A1 +Typed prep,1,0.8762637428918569
9,A1 +Typed prep,1,0.6678043642368968
9,A1 +Typed prep,0,0.4387183227304788
9,A1 +Typed prep,1,0.8171960052420958
9,A1 +Typed prep,0,0.11152684153200326
9,A1 +Typed prep,1,0.9125765120618105
9,A1 +Typed prep,1,0.9348563747236419
9,A1 +Typed prep,0,0.4235634058388794
9,A1 +Typed prep,1,0.9038089485777858
9,A1 +Typed prep,1,0.6849631790724855
9,A1 +Typed prep,1,0.9100409960038464
9,A1 +Typed prep,0,0.06831494648145417
9,A1 +Typed prep,1,0.8097485654848716
9,A1 +Typed prep,1,0.9309858059605853
9,A1 +Typed prep,1,0.9192510917701296
9,A1 +Typed prep,0,0.09827747946625616
9,A1 +Typed prep,0,0.5962090678734769
9,A1 +Typed prep,1,0.45148020408349476
9,A1 +Typed prep,1,0.44032849270573277
9,A1 +Typed prep,1,0.9135310212157872
9,A1 +Typed prep,1,0.7966876061453777
9,A1 +Typed prep,0,0.08077422859287707
9,A1 +Typed prep,0,0.06381149941221544
9,A1 +Typed prep,0,0.07204931505297792
9,A1 +Typed prep,0,0.9080677886221501
9,A1 +Typed prep,1,0.9112026933780073
9,A1 +Typed prep,1,0.8728232233390427
9,A1 +Typed prep,1,0.09705746447097727
9,A1 +Typed prep,1,0.6830141425459387
9,A1 +Typed prep,0,0.7193798410339604
9,A1 +Typed prep,0,0.16555649591940144
9,A1 +Typed prep,1,0.7666794136925842
9,A1 +Typed prep,1,0.82882861629996
9,A1 +Typed prep,1,0.9142846844749082
9,A1 +Typed prep,0,0.9293012071437897
9,A1 +Typed prep,1,0.906483405395742
9,A1 +Typed prep,1,0.9293266988618937
9,A1 +Typed prep,0,0.31701812822102304
9,A1 +Typed prep,0,0.0723655180743711
9,A1 +Typed prep,0,0.6148126541801106
9,A1 +Typed prep,0,0.07566632357543504
9,A1 +Typed prep,0,0.3053008396531076
9,A2 +Tuned (6),0,0.053444861597017
9,A2 +Tuned (6),0,0.48727136551189104
9,A2 +Tuned (6),1,0.9409234378877878
9,A2 +Tuned (6),1,0.6326165192580012
9,A2 +Tuned (6),0,0.32112554504635193
9,A2 +Tuned (6),1,0.6582713681754089
9,A2 +Tuned (6),1,0.6786399401159545
9,A2 +Tuned (6),0,0.08222257276203136
9,A2 +Tuned (6),1,0.8629649682664632
9,A2 +Tuned (6),0,0.06682969491964966
9,A2 +Tuned (6),0,0.06508824323437756
9,A2 +Tuned (6),0,0.12188798772405805
9,A2 +Tuned (6),0,0.1511111756439556
9,A2 +Tuned (6),1,0.8947748675230743
9,A2 +Tuned (6),1,0.6233467727557235
9,A2 +Tuned (6),0,0.7686068953296677
9,A2 +Tuned (6),1,0.9316379702161324
9,A2 +Tuned (6),1,0.42347721164193025
9,A2 +Tuned (6),1,0.8651515234939745
9,A2 +Tuned (6),1,0.7488790386069057
9,A2 +Tuned (6),0,0.3539819979741768
9,A2 +Tuned (6),1,0.8004624986929233
9,A2 +Tuned (6),0,0.08087104984816729
9,A2 +Tuned (6),1,0.9204933281762991
9,A2 +Tuned (6),1,0.9399772665283517
9,A2 +Tuned (6),0,0.3512787433442515
9,A2 +Tuned (6),1,0.8826040108840201
9,A2 +Tuned (6),1,0.763944378081672
9,A2 +Tuned (6),1,0.9123234960564363
9,A2 +Tuned (6),0,0.05865761147322395
9,A2 +Tuned (6),1,0.779563407388854
9,A2 +Tuned (6),1,0.9382069622333321
9,A2 +Tuned (6),1,0.9104206788521885
9,A2 +Tuned (6),0,0.10441198170939008
9,A2 +Tuned (6),0,0.5096752537607587
9,A2 +Tuned (6),1,0.3737905103460771
9,A2 +Tuned (6),1,0.5046359048419928
9,A2 +Tuned (6),1,0.9323811986755273
9,A2 +Tuned (6),1,0.7746538637390802
9,A2 +Tuned (6),0,0.074891075164471
9,A2 +Tuned (6),0,0.050844360221068204
9,A2 +Tuned (6),0,0.07096752418097466
9,A2 +Tuned (6),0,0.8973241507476387
9,A2 +Tuned (6),1,0.916445700662253
9,A2 +Tuned (6),1,0.885223094110368
9,A2 +Tuned (6),1,0.10028160422646613
9,A2 +Tuned (6),1,0.5367964779358859
9,A2 +Tuned (6),0,0.7416003338888513
9,A2 +Tuned (6),0,0.12459143320057997
9,A2 +Tuned (6),1,0.7837057503654029
9,A2 +Tuned (6),1,0.8268443058546147
9,A2 +Tuned (6),1,0.9101877325942775
9,A2 +Tuned (6),0,0.9304686624110956
9,A2 +Tuned (6),1,0.8945684329919062
9,A2 +Tuned (6),1,0.926053413997865
9,A2 +Tuned (6),0,0.24578104943399634
9,A2 +Tuned (6),0,0.057466373516700496
9,A2 +Tuned (6),0,0.6025956697953477
9,A2 +Tuned (6),0,0.06731804040335171
9,A2 +Tuned (6),0,0.359507909183565
9,A2b +Tuned+SVM (7),0,0.051505007532619204
9,A2b +Tuned+SVM (7),0,0.472900926827672
9,A2b +Tuned+SVM (7),1,0.9413276553454109
9,A2b +Tuned+SVM (7),1,0.6204564487316323
9,A2b +Tuned+SVM (7),0,0.31318298330880323
9,A2b +Tuned+SVM (7),1,0.6593230076851746
9,A2b +Tuned+SVM (7),1,0.6749975847946785
9,A2b +Tuned+SVM (7),0,0.07843761928005791
9,A2b +Tuned+SVM (7),1,0.8689674716007422
9,A2b +Tuned+SVM (7),0,0.06238986510283123
9,A2b +Tuned+SVM (7),0,0.06290314967908764
9,A2b +Tuned+SVM (7),0,0.11050394690877613
9,A2b +Tuned+SVM (7),0,0.14839310845681797
9,A2b +Tuned+SVM (7),1,0.8981475324400815
9,A2b +Tuned+SVM (7),1,0.6131769379041413
9,A2b +Tuned+SVM (7),0,0.757231470161223
9,A2b +Tuned+SVM (7),1,0.9318735121951296
9,A2b +Tuned+SVM (7),1,0.4383209486702307
9,A2b +Tuned+SVM (7),1,0.8665105799558662
9,A2b +Tuned+SVM (7),1,0.7409155100828485
9,A2b +Tuned+SVM (7),0,0.35030230749196833
9,A2b +Tuned+SVM (7),1,0.8070200763828188
9,A2b +Tuned+SVM (7),0,0.07656003188966282
9,A2b +Tuned+SVM (7),1,0.9208260900947558
9,A2b +Tuned+SVM (7),1,0.9403535132056787
9,A2b +Tuned+SVM (7),0,0.36229994612472455
9,A2b +Tuned+SVM (7),1,0.8891813362985216
9,A2b +Tuned+SVM (7),1,0.7409538341642611
9,A2b +Tuned+SVM (7),1,0.9113063813293087
9,A2b +Tuned+SVM (7),0,0.05522665137884278
9,A2b +Tuned+SVM (7),1,0.7722967616140863
9,A2b +Tuned+SVM (7),1,0.9384650501103448
9,A2b +Tuned+SVM (7),1,0.9106505819423425
9,A2b +Tuned+SVM (7),0,0.10196176857407623
9,A2b +Tuned+SVM (7),0,0.5100880494582597
9,A2b +Tuned+SVM (7),1,0.3792629285751096
9,A2b +Tuned+SVM (7),1,0.5238121263073201
9,A2b +Tuned+SVM (7),1,0.9329602159848989
9,A2b +Tuned+SVM (7),1,0.7628836903604882
9,A2b +Tuned+SVM (7),0,0.06907209491905891
9,A2b +Tuned+SVM (7),0,0.048512441524994065
9,A2b +Tuned+SVM (7),0,0.06636278255242399
9,A2b +Tuned+SVM (7),0,0.8935462336008895
9,A2b +Tuned+SVM (7),1,0.9170795225061193
9,A2b +Tuned+SVM (7),1,0.8872245167294613
9,A2b +Tuned+SVM (7),1,0.09968391728939582
9,A2b +Tuned+SVM (7),1,0.5614549624203434
9,A2b +Tuned+SVM (7),0,0.7252208455828585
9,A2b +Tuned+SVM (7),0,0.12635192890159708
9,A2b +Tuned+SVM (7),1,0.7964856966043639
9,A2b +Tuned+SVM (7),1,0.8145970264796298
9,A2b +Tuned+SVM (7),1,0.9102687217415221
9,A2b +Tuned+SVM (7),0,0.9314277151428088
9,A2b +Tuned+SVM (7),1,0.8974957157839477
9,A2b +Tuned+SVM (7),1,0.9264450748914149
9,A2b +Tuned+SVM (7),0,0.2479854020865118
9,A2b +Tuned+SVM (7),0,0.05622692451577732
9,A2b +Tuned+SVM (7),0,0.6092981736068497
9,A2b +Tuned+SVM (7),0,0.06592603837505719
9,A2b +Tuned+SVM (7),0,0.3500521503999378
9,A3 LF-DPS (proposed),0,0.06472861872653426
9,A3 LF-DPS (proposed),0,0.4626125491902189
9,A3 LF-DPS (proposed),1,0.9172275702019381
9,A3 LF-DPS (proposed),1,0.5968394899412162
9,A3 LF-DPS (proposed),0,0.2724726514724508
9,A3 LF-DPS (proposed),1,0.5926955181350388
9,A3 LF-DPS (proposed),1,0.5437244750799266
9,A3 LF-DPS (proposed),0,0.09925412794638333
9,A3 LF-DPS (proposed),1,0.8900162820974543
9,A3 LF-DPS (proposed),0,0.0749848712892813
9,A3 LF-DPS (proposed),0,0.08161673833520819
9,A3 LF-DPS (proposed),0,0.14273971714949626
9,A3 LF-DPS (proposed),0,0.20799680922329847
9,A3 LF-DPS (proposed),1,0.8575492616810364
9,A3 LF-DPS (proposed),1,0.6562876975728149
9,A3 LF-DPS (proposed),0,0.6442524534904026
9,A3 LF-DPS (proposed),1,0.9110431466236052
9,A3 LF-DPS (proposed),1,0.4449044798521427
9,A3 LF-DPS (proposed),1,0.8331119552024024
9,A3 LF-DPS (proposed),1,0.6018792887292713
9,A3 LF-DPS (proposed),0,0.31824289320778376
9,A3 LF-DPS (proposed),1,0.7967951652963818
9,A3 LF-DPS (proposed),0,0.08453124648649109
9,A3 LF-DPS (proposed),1,0.8908219208721436
9,A3 LF-DPS (proposed),1,0.916469492961969
9,A3 LF-DPS (proposed),0,0.45478515990245644
9,A3 LF-DPS (proposed),1,0.8803787093855087
9,A3 LF-DPS (proposed),1,0.704877050535519
9,A3 LF-DPS (proposed),1,0.8841662334051853
9,A3 LF-DPS (proposed),0,0.07174573643360291
9,A3 LF-DPS (proposed),1,0.6264378633408458
9,A3 LF-DPS (proposed),1,0.9149960705981774
9,A3 LF-DPS (proposed),1,0.8715172896193646
9,A3 LF-DPS (proposed),0,0.1385298222263245
9,A3 LF-DPS (proposed),0,0.5044169202786237
9,A3 LF-DPS (proposed),1,0.47052584030038974
9,A3 LF-DPS (proposed),1,0.518644549830858
9,A3 LF-DPS (proposed),1,0.9128124024057847
9,A3 LF-DPS (proposed),1,0.715644624613572
9,A3 LF-DPS (proposed),0,0.07125675334224099
9,A3 LF-DPS (proposed),0,0.061366831388032665
9,A3 LF-DPS (proposed),0,0.08732082313921545
9,A3 LF-DPS (proposed),0,0.8461880737079497
9,A3 LF-DPS (proposed),1,0.8929329810639844
9,A3 LF-DPS (proposed),1,0.8827110113367216
9,A3 LF-DPS (proposed),1,0.1396693512236957
9,A3 LF-DPS (proposed),1,0.6520664060496033
9,A3 LF-DPS (proposed),0,0.5716562016705804
9,A3 LF-DPS (proposed),0,0.1608870088096912
9,A3 LF-DPS (proposed),1,0.8567243241440824
9,A3 LF-DPS (proposed),1,0.7622517315504932
9,A3 LF-DPS (proposed),1,0.8871886899922642
9,A3 LF-DPS (proposed),0,0.8999891047565451
9,A3 LF-DPS (proposed),1,0.8917631971879713
9,A3 LF-DPS (proposed),1,0.8948403123637005
9,A3 LF-DPS (proposed),0,0.30629791405106216
9,A3 LF-DPS (proposed),0,0.06998077721945264
9,A3 LF-DPS (proposed),0,0.6106836489565937
9,A3 LF-DPS (proposed),0,0.08519563863341313
9,A3 LF-DPS (proposed),0,0.3792663674226412
9,Best single (tuned),0,0.0
9,Best single (tuned),0,0.5625
9,Best single (tuned),1,1.0
9,Best single (tuned),1,0.625
9,Best single (tuned),0,0.3125
9,Best single (tuned),1,0.5625
9,Best single (tuned),1,0.5
9,Best single (tuned),0,0.125
9,Best single (tuned),1,0.9375
9,Best single (tuned),0,0.0625
9,Best single (tuned),0,0.0625
9,Best single (tuned),0,0.3125
9,Best single (tuned),0,0.3125
9,Best single (tuned),1,0.8125
9,Best single (tuned),1,0.75
9,Best single (tuned),0,0.625
9,Best single (tuned),1,1.0
9,Best single (tuned),1,0.4375
9,Best single (tuned),1,0.8125
9,Best single (tuned),1,0.5625
9,Best single (tuned),0,0.375
9,Best single (tuned),1,0.75
9,Best single (tuned),0,0.0625
9,Best single (tuned),1,0.9375
9,Best single (tuned),1,1.0
9,Best single (tuned),0,0.5
9,Best single (tuned),1,0.875
9,Best single (tuned),1,0.8125
9,Best single (tuned),1,0.9375
9,Best single (tuned),0,0.0625
9,Best single (tuned),1,0.5625
9,Best single (tuned),1,1.0
9,Best single (tuned),1,0.875
9,Best single (tuned),0,0.1875
9,Best single (tuned),0,0.5625
9,Best single (tuned),1,0.5
9,Best single (tuned),1,0.4375
9,Best single (tuned),1,1.0
9,Best single (tuned),1,0.75
9,Best single (tuned),0,0.0625
9,Best single (tuned),0,0.0
9,Best single (tuned),0,0.125
9,Best single (tuned),0,0.875
9,Best single (tuned),1,0.9375
9,Best single (tuned),1,0.9375
9,Best single (tuned),1,0.1875
9,Best single (tuned),1,0.625
9,Best single (tuned),0,0.5625
9,Best single (tuned),0,0.1875
9,Best single (tuned),1,0.875
9,Best single (tuned),1,0.8125
9,Best single (tuned),1,0.9375
9,Best single (tuned),0,0.9375
9,Best single (tuned),1,0.9375
9,Best single (tuned),1,0.9375
9,Best single (tuned),0,0.375
9,Best single (tuned),0,0.0
9,Best single (tuned),0,0.5625
9,Best single (tuned),0,0.0625
9,Best single (tuned),0,0.5
10,A0 Paper stacking,0,0.2974401739863488
10,A0 Paper stacking,0,0.07340801772076821
10,A0 Paper stacking,1,0.9188984293322401
10,A0 Paper stacking,0,0.19647302645798578
10,A0 Paper stacking,1,0.9067050650039781
10,A0 Paper stacking,1,0.7934903195787392
10,A0 Paper stacking,0,0.11178690659259258
10,A0 Paper stacking,1,0.7244807377005884
10,A0 Paper stacking,1,0.8187530832878548
10,A0 Paper stacking,1,0.9061774287858909
10,A0 Paper stacking,0,0.7363877024559106
10,A0 Paper stacking,0,0.23362333955306122
10,A0 Paper stacking,0,0.17118813303066763
10,A0 Paper stacking,0,0.8150912390868537
10,A0 Paper stacking,1,0.8434961606147561
10,A0 Paper stacking,1,0.6862435380940292
10,A0 Paper stacking,0,0.8590793656121091
10,A0 Paper stacking,0,0.1960976424488251
10,A0 Paper stacking,0,0.6962611365572349
10,A0 Paper stacking,1,0.7594420242797166
10,A0 Paper stacking,1,0.9010031189860167
10,A0 Paper stacking,1,0.8410294299246664
10,A0 Paper stacking,1,0.3310009575371715
10,A0 Paper stacking,0,0.18857447755702655
10,A0 Paper stacking,1,0.8586860045292575
10,A0 Paper stacking,0,0.8589937305693324
10,A0 Paper stacking,0,0.634933901211264
10,A0 Paper stacking,0,0.28917127160512807
10,A0 Paper stacking,0,0.13375360924626695
10,A0 Paper stacking,0,0.12752264219803794
10,A0 Paper stacking,0,0.10648216370962205
10,A0 Paper stacking,1,0.5713401275857508
10,A0 Paper stacking,0,0.08699974984803396
10,A0 Paper stacking,0,0.07558649263742474
10,A0 Paper stacking,1,0.9128887317513896
10,A0 Paper stacking,1,0.9086230021114797
10,A0 Paper stacking,1,0.9146367753155343
10,A0 Paper stacking,0,0.8131897917459381
10,A0 Paper stacking,1,0.9145509974445509
10,A0 Paper stacking,1,0.8955431146079283
10,A0 Paper stacking,1,0.8953725109804908
10,A0 Paper stacking,1,0.3496628830721845
10,A0 Paper stacking,1,0.9146861855731417
10,A0 Paper stacking,0,0.12294068866847264
10,A0 Paper stacking,1,0.914771304595945
10,A0 Paper stacking,1,0.9044707139824153
10,A0 Paper stacking,0,0.17576653198943962
10,A0 Paper stacking,1,0.9101830415091683
10,A0 Paper stacking,1,0.9045014048613724
10,A0 Paper stacking,1,0.8942153738256752
10,A0 Paper stacking,0,0.11352447637912091
10,A0 Paper stacking,0,0.3984167648548086
10,A0 Paper stacking,0,0.07763059431825495
10,A0 Paper stacking,0,0.33888935875896886
10,A0 Paper stacking,1,0.7672319378725367
10,A0 Paper stacking,1,0.8873353738596506
10,A0 Paper stacking,1,0.6424951873061527
10,A0 Paper stacking,0,0.08090152282033507
10,A0 Paper stacking,1,0.8404544717538394
10,A0 Paper stacking,1,0.5120661865718724
10,A0 Paper stacking,1,0.8932781669857338
10,A1 +Typed prep,0,0.23041463791588798
10,A1 +Typed prep,0,0.06087881450292843
10,A1 +Typed prep,1,0.9101727098551142
10,A1 +Typed prep,0,0.18985248757050163
10,A1 +Typed prep,1,0.8990132104686624
10,A1 +Typed prep,1,0.7138106989786186
10,A1 +Typed prep,0,0.171618732299322
10,A1 +Typed prep,1,0.7655753856910376
10,A1 +Typed prep,1,0.9126731470418659
10,A1 +Typed prep,1,0.8540395618736617
10,A1 +Typed prep,0,0.711217691763615
10,A1 +Typed prep,0,0.3407857329731017
10,A1 +Typed prep,0,0.18084796671840123
10,A1 +Typed prep,0,0.7018527161697654
10,A1 +Typed prep,1,0.6992867966345454
10,A1 +Typed prep,1,0.6685283311110997
10,A1 +Typed prep,0,0.843837578333724
10,A1 +Typed prep,0,0.2594622639155369
10,A1 +Typed prep,0,0.729540569775993
10,A1 +Typed prep,1,0.7386177783922074
10,A1 +Typed prep,1,0.8636864092522246
10,A1 +Typed prep,1,0.5787468968203069
10,A1 +Typed prep,1,0.46379244732890557
10,A1 +Typed prep,0,0.32101501104137464
10,A1 +Typed prep,1,0.7496446098808283
10,A1 +Typed prep,0,0.806192474763906
10,A1 +Typed prep,0,0.5270947419646822
10,A1 +Typed prep,0,0.20160112934658253
10,A1 +Typed prep,0,0.24016359582790525
10,A1 +Typed prep,0,0.07831202397234387
10,A1 +Typed prep,0,0.07644992432001409
10,A1 +Typed prep,1,0.6619015522827292
10,A1 +Typed prep,0,0.083939423474017
10,A1 +Typed prep,0,0.05777316201705804
10,A1 +Typed prep,1,0.905308726222902
10,A1 +Typed prep,1,0.9020632350450191
10,A1 +Typed prep,1,0.9115387785833793
10,A1 +Typed prep,0,0.7999594354218834
10,A1 +Typed prep,1,0.9028272029183775
10,A1 +Typed prep,1,0.8839745996866144
10,A1 +Typed prep,1,0.8145854300003704
10,A1 +Typed prep,1,0.23743185424137744
10,A1 +Typed prep,1,0.9072001142080129
10,A1 +Typed prep,0,0.18900653311593882
10,A1 +Typed prep,1,0.9069229642408277
10,A1 +Typed prep,1,0.863806671805295
10,A1 +Typed prep,0,0.06479812971168351
10,A1 +Typed prep,1,0.9068857981457515
10,A1 +Typed prep,1,0.8494875727657072
10,A1 +Typed prep,1,0.8893019846502418
10,A1 +Typed prep,0,0.3051585498091806
10,A1 +Typed prep,0,0.41460496298697974
10,A1 +Typed prep,0,0.06489169580106219
10,A1 +Typed prep,0,0.3678555334160367
10,A1 +Typed prep,1,0.74626877003118
10,A1 +Typed prep,1,0.8989087231263142
10,A1 +Typed prep,1,0.5261497344205531
10,A1 +Typed prep,0,0.05736436373827701
10,A1 +Typed prep,1,0.7587503724860025
10,A1 +Typed prep,1,0.6171505133690242
10,A1 +Typed prep,1,0.8957055810543547
10,A2 +Tuned (6),0,0.19781480206595167
10,A2 +Tuned (6),0,0.1350313410650273
10,A2 +Tuned (6),1,0.921822331839721
10,A2 +Tuned (6),0,0.1625792635587307
10,A2 +Tuned (6),1,0.8757718818206148
10,A2 +Tuned (6),1,0.7179853142665027
10,A2 +Tuned (6),0,0.10652437415762772
10,A2 +Tuned (6),1,0.8488817012675567
10,A2 +Tuned (6),1,0.9214011074652858
10,A2 +Tuned (6),1,0.8977267821375925
10,A2 +Tuned (6),0,0.6304605360616607
10,A2 +Tuned (6),0,0.34527675371627536
10,A2 +Tuned (6),0,0.13324800368418177
10,A2 +Tuned (6),0,0.6458191112455027
10,A2 +Tuned (6),1,0.8176969596236977
10,A2 +Tuned (6),1,0.7975891556623309
10,A2 +Tuned (6),0,0.8240399518341704
10,A2 +Tuned (6),0,0.24682955137961918
10,A2 +Tuned (6),0,0.868792324554126
10,A2 +Tuned (6),1,0.8709146513152646
10,A2 +Tuned (6),1,0.8645263085401443
10,A2 +Tuned (6),1,0.4566253155691971
10,A2 +Tuned (6),1,0.6830033036679863
10,A2 +Tuned (6),0,0.16351926324874694
10,A2 +Tuned (6),1,0.843733651598009
10,A2 +Tuned (6),0,0.7858025991847539
10,A2 +Tuned (6),0,0.6862193298331064
10,A2 +Tuned (6),0,0.16840866223496073
10,A2 +Tuned (6),0,0.23217627204097557
10,A2 +Tuned (6),0,0.09029639132243886
10,A2 +Tuned (6),0,0.07574160625639878
10,A2 +Tuned (6),1,0.5027196426991241
10,A2 +Tuned (6),0,0.08610857142569331
10,A2 +Tuned (6),0,0.12758756968015283
10,A2 +Tuned (6),1,0.913580486118559
10,A2 +Tuned (6),1,0.876571143325744
10,A2 +Tuned (6),1,0.9208324156320997
10,A2 +Tuned (6),0,0.7554210880260012
10,A2 +Tuned (6),1,0.9116117810071909
10,A2 +Tuned (6),1,0.9188352013845262
10,A2 +Tuned (6),1,0.8508819062962149
10,A2 +Tuned (6),1,0.19859860725627412
10,A2 +Tuned (6),1,0.9170142965609263
10,A2 +Tuned (6),0,0.12049876694419472
10,A2 +Tuned (6),1,0.9220209690528537
10,A2 +Tuned (6),1,0.9149484763646454
10,A2 +Tuned (6),0,0.09922339370512831
10,A2 +Tuned (6),1,0.9037403412813256
10,A2 +Tuned (6),1,0.8972330479500262
10,A2 +Tuned (6),1,0.8894340223236394
10,A2 +Tuned (6),0,0.15593092446523418
10,A2 +Tuned (6),0,0.21514724052188822
10,A2 +Tuned (6),0,0.08268647178054139
10,A2 +Tuned (6),0,0.23457878122777026
10,A2 +Tuned (6),1,0.8234247670391432
10,A2 +Tuned (6),1,0.8977352324318204
10,A2 +Tuned (6),1,0.673657244478527
10,A2 +Tuned (6),0,0.09200389083130572
10,A2 +Tuned (6),1,0.7146555464546571
10,A2 +Tuned (6),1,0.483371524589024
10,A2 +Tuned (6),1,0.905375545508815
10,A2b +Tuned+SVM (7),0,0.21876329593685728
10,A2b +Tuned+SVM (7),0,0.12193969538668048
10,A2b +Tuned+SVM (7),1,0.9241246073682842
10,A2b +Tuned+SVM (7),0,0.16606331413603917
10,A2b +Tuned+SVM (7),1,0.8787628936990333
10,A2b +Tuned+SVM (7),1,0.7188859104274103
10,A2b +Tuned+SVM (7),0,0.11144151903547055
10,A2b +Tuned+SVM (7),1,0.8539820962106267
10,A2b +Tuned+SVM (7),1,0.9244444169612812
10,A2b +Tuned+SVM (7),1,0.9028343318400179
10,A2b +Tuned+SVM (7),0,0.619767499601976
10,A2b +Tuned+SVM (7),0,0.3844305465663458
10,A2b +Tuned+SVM (7),0,0.14450008969207692
10,A2b +Tuned+SVM (7),0,0.6450652881521497
10,A2b +Tuned+SVM (7),1,0.7808570076637369
10,A2b +Tuned+SVM (7),1,0.8113064896158653
10,A2b +Tuned+SVM (7),0,0.8384123713643484
10,A2b +Tuned+SVM (7),0,0.23959889938970425
10,A2b +Tuned+SVM (7),0,0.8794198099078416
10,A2b +Tuned+SVM (7),1,0.8645520368831998
10,A2b +Tuned+SVM (7),1,0.8714618348749782
10,A2b +Tuned+SVM (7),1,0.47986041333022755
10,A2b +Tuned+SVM (7),1,0.6989997978126224
10,A2b +Tuned+SVM (7),0,0.15432950427613218
10,A2b +Tuned+SVM (7),1,0.8501171774190909
10,A2b +Tuned+SVM (7),0,0.8018359479448901
10,A2b +Tuned+SVM (7),0,0.7232220160474717
10,A2b +Tuned+SVM (7),0,0.20336319870674172
10,A2b +Tuned+SVM (7),0,0.23954475049869323
10,A2b +Tuned+SVM (7),0,0.0851771187273454
10,A2b +Tuned+SVM (7),0,0.07328469137325258
10,A2b +Tuned+SVM (7),1,0.48977496058500924
10,A2b +Tuned+SVM (7),0,0.09000910233944946
10,A2b +Tuned+SVM (7),0,0.11531325447224369
10,A2b +Tuned+SVM (7),1,0.916132170392685
10,A2b +Tuned+SVM (7),1,0.8837704955825006
10,A2b +Tuned+SVM (7),1,0.9232260848280727
10,A2b +Tuned+SVM (7),0,0.754409802940223
10,A2b +Tuned+SVM (7),1,0.9130544000468521
10,A2b +Tuned+SVM (7),1,0.922067045399703
10,A2b +Tuned+SVM (7),1,0.8617760542041756
10,A2b +Tuned+SVM (7),1,0.19431408964159178
10,A2b +Tuned+SVM (7),1,0.9187272523534895
10,A2b +Tuned+SVM (7),0,0.11754107355419864
10,A2b +Tuned+SVM (7),1,0.9251620667326884
10,A2b +Tuned+SVM (7),1,0.9155249962819639
10,A2b +Tuned+SVM (7),0,0.09495409520196431
10,A2b +Tuned+SVM (7),1,0.900824177380148
10,A2b +Tuned+SVM (7),1,0.8961186281130673
10,A2b +Tuned+SVM (7),1,0.8869044941964794
10,A2b +Tuned+SVM (7),0,0.17586409971391478
10,A2b +Tuned+SVM (7),0,0.187995156556007
10,A2b +Tuned+SVM (7),0,0.07808063402623916
10,A2b +Tuned+SVM (7),0,0.2244898806959214
10,A2b +Tuned+SVM (7),1,0.828976271635747
10,A2b +Tuned+SVM (7),1,0.9006543355240658
10,A2b +Tuned+SVM (7),1,0.6606985770283021
10,A2b +Tuned+SVM (7),0,0.08778808979165313
10,A2b +Tuned+SVM (7),1,0.673806602346455
10,A2b +Tuned+SVM (7),1,0.426682303509483
10,A2b +Tuned+SVM (7),1,0.896990847395969
10,A3 LF-DPS (proposed),0,0.31048310107058713
10,A3 LF-DPS (proposed),0,0.11653297531094294
10,A3 LF-DPS (proposed),1,0.8879534391429991
10,A3 LF-DPS (proposed),0,0.18681879541947533
10,A3 LF-DPS (proposed),1,0.8740189655544027
10,A3 LF-DPS (proposed),1,0.7868951571289681
10,A3 LF-DPS (proposed),0,0.16905783031487734
10,A3 LF-DPS (proposed),1,0.8679020647286447
10,A3 LF-DPS (proposed),1,0.8902621509585257
10,A3 LF-DPS (proposed),1,0.8793298359691185
10,A3 LF-DPS (proposed),0,0.46165276844809605
10,A3 LF-DPS (proposed),0,0.366546252206842
10,A3 LF-DPS (proposed),0,0.19520745835349332
10,A3 LF-DPS (proposed),0,0.6854416671265677
10,A3 LF-DPS (proposed),1,0.61257039129949
10,A3 LF-DPS (proposed),1,0.8601465404920938
10,A3 LF-DPS (proposed),0,0.852911402777233
10,A3 LF-DPS (proposed),0,0.18376172684318043
10,A3 LF-DPS (proposed),0,0.8751867111687701
10,A3 LF-DPS (proposed),1,0.8378664392849279
10,A3 LF-DPS (proposed),1,0.8789184644166286
10,A3 LF-DPS (proposed),1,0.32280678556593495
10,A3 LF-DPS (proposed),1,0.7597390262787685
10,A3 LF-DPS (proposed),0,0.1892047946867706
10,A3 LF-DPS (proposed),1,0.864933476043238
10,A3 LF-DPS (proposed),0,0.8293721444912378
10,A3 LF-DPS (proposed),0,0.8134937285226499
10,A3 LF-DPS (proposed),0,0.30844021383768677
10,A3 LF-DPS (proposed),0,0.2064394071031193
10,A3 LF-DPS (proposed),0,0.12046736721413945
10,A3 LF-DPS (proposed),0,0.12309733743061009
10,A3 LF-DPS (proposed),1,0.5085054509961039
10,A3 LF-DPS (proposed),0,0.1532511875439979
10,A3 LF-DPS (proposed),0,0.11463394529354637
10,A3 LF-DPS (proposed),1,0.8825424109128179
10,A3 LF-DPS (proposed),1,0.8843427983212172
10,A3 LF-DPS (proposed),1,0.887378644130333
10,A3 LF-DPS (proposed),0,0.8252471736387292
10,A3 LF-DPS (proposed),1,0.8789140902070322
10,A3 LF-DPS (proposed),1,0.8892507789930058
10,A3 LF-DPS (proposed),1,0.8776710892071926
10,A3 LF-DPS (proposed),1,0.18383143572670177
10,A3 LF-DPS (proposed),1,0.8825789367226606
10,A3 LF-DPS (proposed),0,0.15226514951307915
10,A3 LF-DPS (proposed),1,0.8912183905451267
10,A3 LF-DPS (proposed),1,0.8782296423846468
10,A3 LF-DPS (proposed),0,0.12930807098006566
10,A3 LF-DPS (proposed),1,0.8611585100119616
10,A3 LF-DPS (proposed),1,0.8656336180516631
10,A3 LF-DPS (proposed),1,0.8454144825271183
10,A3 LF-DPS (proposed),0,0.23015984477702567
10,A3 LF-DPS (proposed),0,0.15909680624762693
10,A3 LF-DPS (proposed),0,0.12060427441492907
10,A3 LF-DPS (proposed),0,0.17122670748167682
10,A3 LF-DPS (proposed),1,0.8557852551905273
10,A3 LF-DPS (proposed),1,0.8738809166623256
10,A3 LF-DPS (proposed),1,0.7494168089892436
10,A3 LF-DPS (proposed),0,0.12468577864190071
10,A3 LF-DPS (proposed),1,0.7319876021487669
10,A3 LF-DPS (proposed),1,0.39869543107845146
10,A3 LF-DPS (proposed),1,0.8471814879057764
10,Best single (tuned),0,0.42988363569418087
10,Best single (tuned),0,0.02472236701339291
10,Best single (tuned),1,0.9637254997218255
10,Best single (tuned),0,0.2791444440670459
10,Best single (tuned),1,0.9023948350401909
10,Best single (tuned),1,0.7099761911799974
10,Best single (tuned),0,0.21800252029052797
10,Best single (tuned),1,0.878165860621357
10,Best single (tuned),1,0.9744171511879086
10,Best single (tuned),1,0.9256980907881741
10,Best single (tuned),0,0.5212532461541093
10,Best single (tuned),0,0.5458463841754019
10,Best single (tuned),0,0.29613518110326736
10,Best single (tuned),0,0.6001086382623113
10,Best single (tuned),1,0.5196675321895701
10,Best single (tuned),1,0.8507891020077604
10,Best single (tuned),0,0.8723018754734021
10,Best single (tuned),0,0.25152062469369685
10,Best single (tuned),0,0.9106005615835849
10,Best single (tuned),1,0.7672269381967476
10,Best single (tuned),1,0.9234107003470071
10,Best single (tuned),1,0.5664509890090997
10,Best single (tuned),1,0.7280395086347367
10,Best single (tuned),0,0.19066494677409843
10,Best single (tuned),1,0.8696015706978042
10,Best single (tuned),0,0.829233933993563
10,Best single (tuned),0,0.8137189451182776
10,Best single (tuned),0,0.49483902617814474
10,Best single (tuned),0,0.315996768603446
10,Best single (tuned),0,0.042075399844613934
10,Best single (tuned),0,0.05324379998807823
10,Best single (tuned),1,0.4925351818760057
10,Best single (tuned),0,0.1690381519917551
10,Best single (tuned),0,0.016187180555683946
10,Best single (tuned),1,0.9391212168495855
10,Best single (tuned),1,0.9471786854266735
10,Best single (tuned),1,0.9609745197482877
10,Best single (tuned),0,0.7355821497394103
10,Best single (tuned),1,0.9234350730145131
10,Best single (tuned),1,0.9696817706733917
10,Best single (tuned),1,0.9186055563443328
10,Best single (tuned),1,0.2637741111185385
10,Best single (tuned),1,0.9392674288235957
10,Best single (tuned),0,0.16251929775102814
10,Best single (tuned),1,0.9789377458614726
10,Best single (tuned),1,0.920291345030583
10,Best single (tuned),0,0.07928492346557085
10,Best single (tuned),1,0.8528574104539537
10,Best single (tuned),1,0.8685550387611306
10,Best single (tuned),1,0.8217049026817668
10,Best single (tuned),0,0.39173715261298425
10,Best single (tuned),0,0.13421256772666604
10,Best single (tuned),0,0.04247508087667774
10,Best single (tuned),0,0.22721246289291872
10,Best single (tuned),1,0.8313706973056664
10,Best single (tuned),1,0.9051239410825087
10,Best single (tuned),1,0.5704658741316894
10,Best single (tuned),0,0.06011152778020155
10,Best single (tuned),1,0.5
10,Best single (tuned),1,0.33686108235966844
10,Best single (tuned),1,0.8004998628847584
11,A0 Paper stacking,0,0.12410173342835266
11,A0 Paper stacking,0,0.2444207935859853
11,A0 Paper stacking,0,0.17042384228341656
11,A0 Paper stacking,1,0.9016440778177813
11,A0 Paper stacking,1,0.927543677850424
11,A0 Paper stacking,0,0.05668404799447154
11,A0 Paper stacking,0,0.5347308673774094
11,A0 Paper stacking,1,0.053835856518519895
11,A0 Paper stacking,1,0.47988728677149095
11,A0 Paper stacking,0,0.9268472691800486
11,A0 Paper stacking,1,0.8810538120209511
11,A0 Paper stacking,0,0.785552643608122
11,A0 Paper stacking,1,0.9015447353264721
11,A0 Paper stacking,0,0.2088740522199308
11,A0 Paper stacking,0,0.05384222651461723
11,A0 Paper stacking,0,0.05959009442175199
11,A0 Paper stacking,0,0.09091214680841908
11,A0 Paper stacking,1,0.9113624122456799
11,A0 Paper stacking,0,0.1596914252503152
11,A0 Paper stacking,0,0.04863991854987222
11,A0 Paper stacking,1,0.9410572957005997
11,A0 Paper stacking,1,0.9210816639418158
11,A0 Paper stacking,0,0.5777311252952394
11,A0 Paper stacking,0,0.0613079235849655
11,A0 Paper stacking,0,0.04799729887486012
11,A0 Paper stacking,1,0.9390640773131564
11,A0 Paper stacking,1,0.6880708074532217
11,A0 Paper stacking,1,0.933882570295492
11,A0 Paper stacking,1,0.9253947706369464
11,A0 Paper stacking,1,0.8421776098733
11,A0 Paper stacking,0,0.051918191233617905
11,A0 Paper stacking,1,0.9284936451283277
11,A0 Paper stacking,0,0.05076425124442015
11,A0 Paper stacking,1,0.9078499191144571
11,A0 Paper stacking,1,0.7185506594132078
11,A0 Paper stacking,1,0.739160947497391
11,A0 Paper stacking,0,0.37153073461665886
11,A0 Paper stacking,1,0.7670634265128903
11,A0 Paper stacking,0,0.5457267432270825
11,A0 Paper stacking,0,0.21272377171135246
11,A0 Paper stacking,1,0.9380788712673666
11,A0 Paper stacking,1,0.889869967207452
11,A0 Paper stacking,1,0.9243949378782065
11,A0 Paper stacking,0,0.047993596101119085
11,A0 Paper stacking,0,0.059058916767151914
11,A0 Paper stacking,0,0.11405204927763193
11,A0 Paper stacking,1,0.5777154906581689
11,A0 Paper stacking,1,0.7987492868209242
11,A0 Paper stacking,1,0.9311279979363613
11,A0 Paper stacking,1,0.8283598154499624
11,A0 Paper stacking,0,0.04790671855433413
11,A0 Paper stacking,1,0.25102040125229486
11,A0 Paper stacking,0,0.38337119015836096
11,A0 Paper stacking,1,0.15421841167252984
11,A0 Paper stacking,1,0.10584720806042897
11,A0 Paper stacking,1,0.933413395612899
11,A0 Paper stacking,1,0.9159654549734418
11,A0 Paper stacking,0,0.06078106248367581
11,A0 Paper stacking,1,0.8754471512065585
11,A0 Paper stacking,0,0.8406001909660937
11,A0 Paper stacking,1,0.9040485951017907
11,A1 +Typed prep,0,0.17365578989067337
11,A1 +Typed prep,0,0.19590262490351595
11,A1 +Typed prep,0,0.17921208115929158
11,A1 +Typed prep,1,0.9264831890289923
11,A1 +Typed prep,1,0.9195388816980506
11,A1 +Typed prep,0,0.08096888652657848
11,A1 +Typed prep,0,0.603108477351433
11,A1 +Typed prep,1,0.06844586181749877
11,A1 +Typed prep,1,0.3312455763215021
11,A1 +Typed prep,0,0.9191483673698947
11,A1 +Typed prep,1,0.8840527966496091
11,A1 +Typed prep,0,0.7833833304163372
11,A1 +Typed prep,1,0.9033771377773993
11,A1 +Typed prep,0,0.13541709471521285
11,A1 +Typed prep,0,0.06918816429145065
11,A1 +Typed prep,0,0.08856682033658994
11,A1 +Typed prep,0,0.13737288380515317
11,A1 +Typed prep,1,0.827703931495577
11,A1 +Typed prep,0,0.18767172774445817
11,A1 +Typed prep,0,0.06506680565981668
11,A1 +Typed prep,1,0.9307374914027711
11,A1 +Typed prep,1,0.8989014916750062
11,A1 +Typed prep,0,0.4368244380640682
11,A1 +Typed prep,0,0.07806856077080819
11,A1 +Typed prep,0,0.06685608159409237
11,A1 +Typed prep,1,0.9274967068115708
11,A1 +Typed prep,1,0.40601009863342236
11,A1 +Typed prep,1,0.9262638378416748
11,A1 +Typed prep,1,0.9106569069230356
11,A1 +Typed prep,1,0.855675772829553
11,A1 +Typed prep,0,0.09226120876097287
11,A1 +Typed prep,1,0.9177876982081012
11,A1 +Typed prep,0,0.06828181643117148
11,A1 +Typed prep,1,0.8964690286582115
11,A1 +Typed prep,1,0.5088146830027892
11,A1 +Typed prep,1,0.7988549842925193
11,A1 +Typed prep,0,0.5480543481261847
11,A1 +Typed prep,1,0.8172173911011714
11,A1 +Typed prep,0,0.4591969553323607
11,A1 +Typed prep,0,0.2295032292954375
11,A1 +Typed prep,1,0.9265139155582351
11,A1 +Typed prep,1,0.8061004504943765
11,A1 +Typed prep,1,0.9210514785555397
11,A1 +Typed prep,0,0.06689980651727276
11,A1 +Typed prep,0,0.07462239553538834
11,A1 +Typed prep,0,0.1315582497086593
11,A1 +Typed prep,1,0.8622244810231126
11,A1 +Typed prep,1,0.8956534964959972
11,A1 +Typed prep,1,0.920238698999763
11,A1 +Typed prep,1,0.7743965936749534
11,A1 +Typed prep,0,0.06578765548758943
11,A1 +Typed prep,1,0.24547948350876414
11,A1 +Typed prep,0,0.5244961849632792
11,A1 +Typed prep,1,0.43709624019820587
11,A1 +Typed prep,1,0.17782586444778598
11,A1 +Typed prep,1,0.9227068751679001
11,A1 +Typed prep,1,0.914398714270672
11,A1 +Typed prep,0,0.07596209913168234
11,A1 +Typed prep,1,0.7971772632105396
11,A1 +Typed prep,0,0.6638729599564818
11,A1 +Typed prep,1,0.8481591162644435
11,A2 +Tuned (6),0,0.12745987580190385
11,A2 +Tuned (6),0,0.2732295721255142
11,A2 +Tuned (6),0,0.167676385272062
11,A2 +Tuned (6),1,0.9425069840684082
11,A2 +Tuned (6),1,0.9302050697368687
11,A2 +Tuned (6),0,0.08341804021024815
11,A2 +Tuned (6),0,0.783336069316608
11,A2 +Tuned (6),1,0.05858524523531585
11,A2 +Tuned (6),1,0.4391653463284554
11,A2 +Tuned (6),0,0.9304400891999698
11,A2 +Tuned (6),1,0.9007331322986974
11,A2 +Tuned (6),0,0.8091177316702699
11,A2 +Tuned (6),1,0.907451530899504
11,A2 +Tuned (6),0,0.1279938878252554
11,A2 +Tuned (6),0,0.066252105251604
11,A2 +Tuned (6),0,0.07960285037044552
11,A2 +Tuned (6),0,0.13343670779326292
11,A2 +Tuned (6),1,0.8508277084750188
11,A2 +Tuned (6),0,0.2582587520401285
11,A2 +Tuned (6),0,0.050937754405960725
11,A2 +Tuned (6),1,0.9396693217627546
11,A2 +Tuned (6),1,0.8679497554273771
11,A2 +Tuned (6),0,0.31840658014472556
11,A2 +Tuned (6),0,0.06295589105569584
11,A2 +Tuned (6),0,0.05446606725183679
11,A2 +Tuned (6),1,0.9396033846911446
11,A2 +Tuned (6),1,0.47586529403721123
11,A2 +Tuned (6),1,0.9405898918875034
11,A2 +Tuned (6),1,0.9166731678052845
11,A2 +Tuned (6),1,0.864293518999194
11,A2 +Tuned (6),0,0.08960233627193519
11,A2 +Tuned (6),1,0.9268045453639463
11,A2 +Tuned (6),0,0.05201793001186028
11,A2 +Tuned (6),1,0.9307870809502717
11,A2 +Tuned (6),1,0.5267416834393716
11,A2 +Tuned (6),1,0.7720736494904473
11,A2 +Tuned (6),0,0.6096380681054333
11,A2 +Tuned (6),1,0.8803821103263721
11,A2 +Tuned (6),0,0.3450044540752682
11,A2 +Tuned (6),0,0.26887232570775915
11,A2 +Tuned (6),1,0.9386076938899193
11,A2 +Tuned (6),1,0.8307560885854892
11,A2 +Tuned (6),1,0.9302184358330345
11,A2 +Tuned (6),0,0.05205301212283597
11,A2 +Tuned (6),0,0.06071844698551666
11,A2 +Tuned (6),0,0.12079382757988338
11,A2 +Tuned (6),1,0.915822248381418
11,A2 +Tuned (6),1,0.9160299724160578
11,A2 +Tuned (6),1,0.9357977544476823
11,A2 +Tuned (6),1,0.7873779185831206
11,A2 +Tuned (6),0,0.05177495845982136
11,A2 +Tuned (6),1,0.23638459560861663
11,A2 +Tuned (6),0,0.5767484860059687
11,A2 +Tuned (6),1,0.42218249727782226
11,A2 +Tuned (6),1,0.2008358126608705
11,A2 +Tuned (6),1,0.9303964501755871
11,A2 +Tuned (6),1,0.9400683466042731
11,A2 +Tuned (6),0,0.06526237447685758
11,A2 +Tuned (6),1,0.8140894409437813
11,A2 +Tuned (6),0,0.643184950443681
11,A2 +Tuned (6),1,0.8950245134941996
11,A2b +Tuned+SVM (7),0,0.12325821536805154
11,A2b +Tuned+SVM (7),0,0.2543245657907188
11,A2b +Tuned+SVM (7),0,0.14186813601137835
11,A2b +Tuned+SVM (7),1,0.9454019779165854
11,A2b +Tuned+SVM (7),1,0.9322389131265948
11,A2b +Tuned+SVM (7),0,0.07610221214138031
11,A2b +Tuned+SVM (7),0,0.7950816058536175
11,A2b +Tuned+SVM (7),1,0.055432930868072126
11,A2b +Tuned+SVM (7),1,0.46339046222966673
11,A2b +Tuned+SVM (7),0,0.931773447992097
11,A2b +Tuned+SVM (7),1,0.9013305170702102
11,A2b +Tuned+SVM (7),0,0.8134958500501888
11,A2b +Tuned+SVM (7),1,0.914632653283708
11,A2b +Tuned+SVM (7),0,0.12051158618109221
11,A2b +Tuned+SVM (7),0,0.06284634963165767
11,A2b +Tuned+SVM (7),0,0.07565282497882811
11,A2b +Tuned+SVM (7),0,0.13829005776098355
11,A2b +Tuned+SVM (7),1,0.8587136705167472
11,A2b +Tuned+SVM (7),0,0.270191425243659
11,A2b +Tuned+SVM (7),0,0.048154284754046296
11,A2b +Tuned+SVM (7),1,0.9415917189053706
11,A2b +Tuned+SVM (7),1,0.8882723389223827
11,A2b +Tuned+SVM (7),0,0.3736919851284161
11,A2b +Tuned+SVM (7),0,0.06273455730516075
11,A2b +Tuned+SVM (7),0,0.0527535274098471
11,A2b +Tuned+SVM (7),1,0.9423441613789829
11,A2b +Tuned+SVM (7),1,0.46745236955940095
11,A2b +Tuned+SVM (7),1,0.9431970343965699
11,A2b +Tuned+SVM (7),1,0.9210468780746314
11,A2b +Tuned+SVM (7),1,0.8586846741963379
11,A2b +Tuned+SVM (7),0,0.09097107527070777
11,A2b +Tuned+SVM (7),1,0.9294900183291949
11,A2b +Tuned+SVM (7),0,0.048953234732214385
11,A2b +Tuned+SVM (7),1,0.9356392700027347
11,A2b +Tuned+SVM (7),1,0.5039771920073498
11,A2b +Tuned+SVM (7),1,0.763748672736225
11,A2b +Tuned+SVM (7),0,0.6141792461834149
11,A2b +Tuned+SVM (7),1,0.8829727748793817
11,A2b +Tuned+SVM (7),0,0.35953855471136037
11,A2b +Tuned+SVM (7),0,0.2676874841357974
11,A2b +Tuned+SVM (7),1,0.9408320079107525
11,A2b +Tuned+SVM (7),1,0.8247910662304168
11,A2b +Tuned+SVM (7),1,0.9336305031125809
11,A2b +Tuned+SVM (7),0,0.049165823061913236
11,A2b +Tuned+SVM (7),0,0.05586309581533568
11,A2b +Tuned+SVM (7),0,0.103132769384188
11,A2b +Tuned+SVM (7),1,0.9210666459618272
11,A2b +Tuned+SVM (7),1,0.9165643104077758
11,A2b +Tuned+SVM (7),1,0.9392373179496926
11,A2b +Tuned+SVM (7),1,0.7897072464586303
11,A2b +Tuned+SVM (7),0,0.048662926288566666
11,A2b +Tuned+SVM (7),1,0.23576995905767947
11,A2b +Tuned+SVM (7),0,0.5917474392651274
11,A2b +Tuned+SVM (7),1,0.4074013107738342
11,A2b +Tuned+SVM (7),1,0.19456946254260082
11,A2b +Tuned+SVM (7),1,0.9333831465565102
11,A2b +Tuned+SVM (7),1,0.9435172530499266
11,A2b +Tuned+SVM (7),0,0.06278934979702863
11,A2b +Tuned+SVM (7),1,0.8141179613204448
11,A2b +Tuned+SVM (7),0,0.6683220380872196
11,A2b +Tuned+SVM (7),1,0.9011618101275205
11,A3 LF-DPS (proposed),0,0.14690683350440675
11,A3 LF-DPS (proposed),0,0.24756679577756893
11,A3 LF-DPS (proposed),0,0.14957173029050674
11,A3 LF-DPS (proposed),1,0.9292519500338692
11,A3 LF-DPS (proposed),1,0.9171408258586141
11,A3 LF-DPS (proposed),0,0.09325397468116263
11,A3 LF-DPS (proposed),0,0.7714470497559995
11,A3 LF-DPS (proposed),1,0.0787521305619372
11,A3 LF-DPS (proposed),1,0.48675697876424995
11,A3 LF-DPS (proposed),0,0.9116026019171684
11,A3 LF-DPS (proposed),1,0.8866302539185723
11,A3 LF-DPS (proposed),0,0.7242369028353592
11,A3 LF-DPS (proposed),1,0.8978199408152404
11,A3 LF-DPS (proposed),0,0.1506916830506487
11,A3 LF-DPS (proposed),0,0.08522504241782691
11,A3 LF-DPS (proposed),0,0.10103786841548136
11,A3 LF-DPS (proposed),0,0.14732577439956157
11,A3 LF-DPS (proposed),1,0.8244858861588273
11,A3 LF-DPS (proposed),0,0.2379711786522694
11,A3 LF-DPS (proposed),0,0.07180723514042901
11,A3 LF-DPS (proposed),1,0.9232902979034168
11,A3 LF-DPS (proposed),1,0.8920040228413236
11,A3 LF-DPS (proposed),0,0.41659254470687784
11,A3 LF-DPS (proposed),0,0.09065839405237038
11,A3 LF-DPS (proposed),0,0.07831214568132083
11,A3 LF-DPS (proposed),1,0.9262797645976848
11,A3 LF-DPS (proposed),1,0.47643006734472154
11,A3 LF-DPS (proposed),1,0.9224974911920331
11,A3 LF-DPS (proposed),1,0.9031428093123394
11,A3 LF-DPS (proposed),1,0.8207505031949619
11,A3 LF-DPS (proposed),0,0.1130369258009172
11,A3 LF-DPS (proposed),1,0.8980632291985425
11,A3 LF-DPS (proposed),0,0.07183951884340442
11,A3 LF-DPS (proposed),1,0.9190247236856735
11,A3 LF-DPS (proposed),1,0.378044438887784
11,A3 LF-DPS (proposed),1,0.7948104210937369
11,A3 LF-DPS (proposed),0,0.6519102916904198
11,A3 LF-DPS (proposed),1,0.880614507992683
11,A3 LF-DPS (proposed),0,0.401583452478679
11,A3 LF-DPS (proposed),0,0.2686979020000407
11,A3 LF-DPS (proposed),1,0.918319718291288
11,A3 LF-DPS (proposed),1,0.8170923575830097
11,A3 LF-DPS (proposed),1,0.9055031376437778
11,A3 LF-DPS (proposed),0,0.07216023815823572
11,A3 LF-DPS (proposed),0,0.07381721202575679
11,A3 LF-DPS (proposed),0,0.11386459387321093
11,A3 LF-DPS (proposed),1,0.8973958899749647
11,A3 LF-DPS (proposed),1,0.8915428525583619
11,A3 LF-DPS (proposed),1,0.9281657037646366
11,A3 LF-DPS (proposed),1,0.809974395149341
11,A3 LF-DPS (proposed),0,0.07051355662985954
11,A3 LF-DPS (proposed),1,0.29833712371705956
11,A3 LF-DPS (proposed),0,0.48450243987911074
11,A3 LF-DPS (proposed),1,0.3535221973565327
11,A3 LF-DPS (proposed),1,0.1600196026584975
11,A3 LF-DPS (proposed),1,0.9139444752496411
11,A3 LF-DPS (proposed),1,0.9309131618407396
11,A3 LF-DPS (proposed),0,0.0934421484462194
11,A3 LF-DPS (proposed),1,0.776737229743517
11,A3 LF-DPS (proposed),0,0.5342625931653474
11,A3 LF-DPS (proposed),1,0.8977409160528063
11,Best single (tuned),0,0.14144007919005763
11,Best single (tuned),0,0.27240611150578314
11,Best single (tuned),0,0.058726437705549195
11,Best single (tuned),1,0.9868705893979541
11,Best single (tuned),1,0.9412911359941003
11,Best single (tuned),0,0.04264086942367222
11,Best single (tuned),0,0.658628810007402
11,Best single (tuned),1,0.02599190182440915
11,Best single (tuned),1,0.5331251491366036
11,Best single (tuned),0,0.9349844626183258
11,Best single (tuned),1,0.856392633379946
11,Best single (tuned),0,0.7050497431315305
11,Best single (tuned),1,0.9427651268069956
11,Best single (tuned),0,0.1483349949255306
11,Best single (tuned),0,0.034963181069290666
11,Best single (tuned),0,0.07985634927375315
11,Best single (tuned),0,0.19860112800980434
11,Best single (tuned),1,0.8390514737778163
11,Best single (tuned),0,0.2793987307908797
11,Best single (tuned),0,0.005043144553141493
11,Best single (tuned),1,0.9664966565792922
11,Best single (tuned),1,0.9164066237363505
11,Best single (tuned),0,0.5773640504672678
11,Best single (tuned),0,0.06978498507126972
11,Best single (tuned),0,0.032864142766580694
11,Best single (tuned),1,0.975632840188763
11,Best single (tuned),1,0.5195841472955255
11,Best single (tuned),1,0.9596925325230261
11,Best single (tuned),1,0.9238603130604758
11,Best single (tuned),1,0.753879583416231
11,Best single (tuned),0,0.09578261297445426
11,Best single (tuned),1,0.8973800385757595
11,Best single (tuned),0,0.0034440605165300263
11,Best single (tuned),1,0.9760002570368147
11,Best single (tuned),1,0.45918576174033965
11,Best single (tuned),1,0.7054573122950539
11,Best single (tuned),0,0.617289060917496
11,Best single (tuned),1,0.8592879739999605
11,Best single (tuned),0,0.37664778687881173
11,Best single (tuned),0,0.29099389798619074
11,Best single (tuned),1,0.9419368004309432
11,Best single (tuned),1,0.7108851819062568
11,Best single (tuned),1,0.9279760950831711
11,Best single (tuned),0,0.007020818103630709
11,Best single (tuned),0,0.0036412786984713484
11,Best single (tuned),0,0.02012142280325682
11,Best single (tuned),1,0.8935766156008007
11,Best single (tuned),1,0.8625799089231362
11,Best single (tuned),1,0.979494642284239
11,Best single (tuned),1,0.7721413994561314
11,Best single (tuned),0,0.0035600476201708936
11,Best single (tuned),1,0.269466670037407
11,Best single (tuned),0,0.6043948295980741
11,Best single (tuned),1,0.40275690410300197
11,Best single (tuned),1,0.1735902104749484
11,Best single (tuned),1,0.9555397451643323
11,Best single (tuned),1,0.9886353385938579
11,Best single (tuned),0,0.0856531901045156
11,Best single (tuned),1,0.6916173684732843
11,Best single (tuned),0,0.6764724626073252
11,Best single (tuned),1,0.8732443536720877
12,A0 Paper stacking,1,0.6141612905801255
12,A0 Paper stacking,0,0.07570959259378908
12,A0 Paper stacking,1,0.8531383605870854
12,A0 Paper stacking,0,0.0509016509782383
12,A0 Paper stacking,1,0.8004874259362025
12,A0 Paper stacking,0,0.09906552807134973
12,A0 Paper stacking,0,0.10948912644075948
12,A0 Paper stacking,0,0.07181361620793932
12,A0 Paper stacking,0,0.09065658915407522
12,A0 Paper stacking,1,0.7830390246309754
12,A0 Paper stacking,0,0.22687438335631702
12,A0 Paper stacking,1,0.9351271216690226
12,A0 Paper stacking,1,0.796626817837258
12,A0 Paper stacking,0,0.696933223876477
12,A0 Paper stacking,0,0.0711454578689729
12,A0 Paper stacking,1,0.9322427094017552
12,A0 Paper stacking,1,0.9056436211168031
12,A0 Paper stacking,1,0.09467689497209363
12,A0 Paper stacking,0,0.06780826832248069
12,A0 Paper stacking,1,0.931480929876641
12,A0 Paper stacking,0,0.07426412070395855
12,A0 Paper stacking,0,0.7185124644628212
12,A0 Paper stacking,1,0.9234626114666243
12,A0 Paper stacking,0,0.5874359664605631
12,A0 Paper stacking,0,0.5346841900152948
12,A0 Paper stacking,1,0.7824606857893356
12,A0 Paper stacking,0,0.05091037151979387
12,A0 Paper stacking,0,0.04914395946556524
12,A0 Paper stacking,1,0.6366954393580323
12,A0 Paper stacking,1,0.9020762745455437
12,A0 Paper stacking,1,0.883035184070353
12,A0 Paper stacking,1,0.9053489592602004
12,A0 Paper stacking,1,0.9257421373628683
12,A0 Paper stacking,1,0.9167526213098308
12,A0 Paper stacking,1,0.8344988909749248
12,A0 Paper stacking,1,0.5440088905443645
12,A0 Paper stacking,1,0.7549278346471802
12,A0 Paper stacking,0,0.05536369692589374
12,A0 Paper stacking,0,0.1582788189522645
12,A0 Paper stacking,0,0.07395202925779866
12,A0 Paper stacking,1,0.20341914249224968
12,A0 Paper stacking,0,0.7895276773135238
12,A0 Paper stacking,1,0.09488266250866347
12,A0 Paper stacking,0,0.06807008443042797
12,A0 Paper stacking,1,0.49579772081356593
12,A0 Paper stacking,1,0.7748073603112052
12,A0 Paper stacking,1,0.8860033449788459
12,A0 Paper stacking,0,0.9325490869747591
12,A0 Paper stacking,0,0.059737540183887855
12,A0 Paper stacking,1,0.9285291163292408
12,A0 Paper stacking,0,0.31940193329833616
12,A0 Paper stacking,1,0.9188478817644888
12,A0 Paper stacking,1,0.9198978739896846
12,A0 Paper stacking,1,0.8155615254092581
12,A0 Paper stacking,0,0.1637592095944795
12,A0 Paper stacking,0,0.05648964675837205
12,A0 Paper stacking,0,0.8866613613793852
12,A0 Paper stacking,1,0.8487910953743052
12,A0 Paper stacking,1,0.9311631818484033
12,A0 Paper stacking,0,0.09506353274365781
12,A1 +Typed prep,1,0.6271812244395328
12,A1 +Typed prep,0,0.06076628577440206
12,A1 +Typed prep,1,0.8861412642959572
12,A1 +Typed prep,0,0.0570166423129282
12,A1 +Typed prep,1,0.5642178905175472
12,A1 +Typed prep,0,0.07200748128050127
12,A1 +Typed prep,0,0.16161182997199516
12,A1 +Typed prep,0,0.06177844798650817
12,A1 +Typed prep,0,0.11540712754825129
12,A1 +Typed prep,1,0.7364274750604044
12,A1 +Typed prep,0,0.21030952910775016
12,A1 +Typed prep,1,0.937168824998916
12,A1 +Typed prep,1,0.8400018754977638
12,A1 +Typed prep,0,0.6491225258874658
12,A1 +Typed prep,0,0.07404302629045213
12,A1 +Typed prep,1,0.9362288710146183
12,A1 +Typed prep,1,0.89631571839569
12,A1 +Typed prep,1,0.08258737343179992
12,A1 +Typed prep,0,0.07562359260223109
12,A1 +Typed prep,1,0.9280598941594613
12,A1 +Typed prep,0,0.06220930355006498
12,A1 +Typed prep,0,0.6323454533528348
12,A1 +Typed prep,1,0.9009199755742018
12,A1 +Typed prep,0,0.3127591719851414
12,A1 +Typed prep,0,0.5604567210368039
12,A1 +Typed prep,1,0.6771727246297716
12,A1 +Typed prep,0,0.054509528796666845
12,A1 +Typed prep,0,0.055125705197848214
12,A1 +Typed prep,1,0.47907472615974067
12,A1 +Typed prep,1,0.9143337815294313
12,A1 +Typed prep,1,0.9059476728302406
12,A1 +Typed prep,1,0.893084862222156
12,A1 +Typed prep,1,0.8928439638064727
12,A1 +Typed prep,1,0.909176119237409
12,A1 +Typed prep,1,0.6824722116840544
12,A1 +Typed prep,1,0.7578190411935485
12,A1 +Typed prep,1,0.8181367842083712
12,A1 +Typed prep,0,0.06424918122624902
12,A1 +Typed prep,0,0.1434275083213299
12,A1 +Typed prep,0,0.08840299662111718
12,A1 +Typed prep,1,0.2307427855262765
12,A1 +Typed prep,0,0.8925313243039017
12,A1 +Typed prep,1,0.11958275412769254
12,A1 +Typed prep,0,0.07442769565756331
12,A1 +Typed prep,1,0.7712322131648287
12,A1 +Typed prep,1,0.6075279232707389
12,A1 +Typed prep,1,0.9190631095325217
12,A1 +Typed prep,0,0.9320874207810503
12,A1 +Typed prep,0,0.06090383191687475
12,A1 +Typed prep,1,0.9181622507075546
12,A1 +Typed prep,0,0.18137113239204788
12,A1 +Typed prep,1,0.9162990315490412
12,A1 +Typed prep,1,0.9097947238373678
12,A1 +Typed prep,1,0.6518147706801708
12,A1 +Typed prep,0,0.3504299783545166
12,A1 +Typed prep,0,0.0638575820703659
12,A1 +Typed prep,0,0.889269563987652
12,A1 +Typed prep,1,0.8971578829329057
12,A1 +Typed prep,1,0.9368685695806674
12,A1 +Typed prep,0,0.09462600228570754
12,A2 +Tuned (6),1,0.5281700945744434
12,A2 +Tuned (6),0,0.0601398914709358
12,A2 +Tuned (6),1,0.8535837731177848
12,A2 +Tuned (6),0,0.04329907063577852
12,A2 +Tuned (6),1,0.6518372280390093
12,A2 +Tuned (6),0,0.08329047755319155
12,A2 +Tuned (6),0,0.17962275828482469
12,A2 +Tuned (6),0,0.05669942777156469
12,A2 +Tuned (6),0,0.06760686997195818
12,A2 +Tuned (6),1,0.7493286031233077
12,A2 +Tuned (6),0,0.11596454150559336
12,A2 +Tuned (6),1,0.9501996759136737
12,A2 +Tuned (6),1,0.8380246505997851
12,A2 +Tuned (6),0,0.6279250693724493
12,A2 +Tuned (6),0,0.05484114173063243
12,A2 +Tuned (6),1,0.940874136294845
12,A2 +Tuned (6),1,0.9094864151730779
12,A2 +Tuned (6),1,0.13575444736951628
12,A2 +Tuned (6),0,0.06007592786299491
12,A2 +Tuned (6),1,0.9402935223553184
12,A2 +Tuned (6),0,0.05075614672287875
12,A2 +Tuned (6),0,0.6760163252771523
12,A2 +Tuned (6),1,0.9309974588439701
12,A2 +Tuned (6),0,0.29396915333073564
12,A2 +Tuned (6),0,0.3744536572945593
12,A2 +Tuned (6),1,0.7610864247125746
12,A2 +Tuned (6),0,0.04414191174675811
12,A2 +Tuned (6),0,0.04010477081860455
12,A2 +Tuned (6),1,0.6346862709757939
12,A2 +Tuned (6),1,0.9192227526490673
12,A2 +Tuned (6),1,0.8782500830041976
12,A2 +Tuned (6),1,0.9188427679615134
12,A2 +Tuned (6),1,0.9334148617675642
12,A2 +Tuned (6),1,0.9279297408066084
12,A2 +Tuned (6),1,0.8377513637833736
12,A2 +Tuned (6),1,0.7235764397715465
12,A2 +Tuned (6),1,0.8086548838983276
12,A2 +Tuned (6),0,0.057644232534974214
12,A2 +Tuned (6),0,0.13593739247035105
12,A2 +Tuned (6),0,0.08570256673278162
12,A2 +Tuned (6),1,0.12825557219785425
12,A2 +Tuned (6),0,0.859590379827997
12,A2 +Tuned (6),1,0.10788110635480923
12,A2 +Tuned (6),0,0.0493792892421543
12,A2 +Tuned (6),1,0.545623776887779
12,A2 +Tuned (6),1,0.7715538181765788
12,A2 +Tuned (6),1,0.9131933690010984
12,A2 +Tuned (6),0,0.9409453786414647
12,A2 +Tuned (6),0,0.04522625548341658
12,A2 +Tuned (6),1,0.9280182984580884
12,A2 +Tuned (6),0,0.16297201583684218
12,A2 +Tuned (6),1,0.8812532306981262
12,A2 +Tuned (6),1,0.9279764138766209
12,A2 +Tuned (6),1,0.8352129265591565
12,A2 +Tuned (6),0,0.25403996594425915
12,A2 +Tuned (6),0,0.05961082055497331
12,A2 +Tuned (6),0,0.9299635891356625
12,A2 +Tuned (6),1,0.8531702287876414
12,A2 +Tuned (6),1,0.944891390407225
12,A2 +Tuned (6),0,0.08286512042471754
12,A2b +Tuned+SVM (7),1,0.5263959509297063
12,A2b +Tuned+SVM (7),0,0.060739646407617004
12,A2b +Tuned+SVM (7),1,0.839653764905613
12,A2b +Tuned+SVM (7),0,0.042871741068921804
12,A2b +Tuned+SVM (7),1,0.6258886100280802
12,A2b +Tuned+SVM (7),0,0.08730101934332608
12,A2b +Tuned+SVM (7),0,0.16658619803055266
12,A2b +Tuned+SVM (7),0,0.056565926212187104
12,A2b +Tuned+SVM (7),0,0.06708279812516436
12,A2b +Tuned+SVM (7),1,0.7434236044931704
12,A2b +Tuned+SVM (7),0,0.10928761148496265
12,A2b +Tuned+SVM (7),1,0.953822095229997
12,A2b +Tuned+SVM (7),1,0.847082090765778
12,A2b +Tuned+SVM (7),0,0.5837768394511522
12,A2b +Tuned+SVM (7),0,0.05324865066157594
12,A2b +Tuned+SVM (7),1,0.9451674557517367
12,A2b +Tuned+SVM (7),1,0.9163673520894878
12,A2b +Tuned+SVM (7),1,0.14192070317338643
12,A2b +Tuned+SVM (7),0,0.06075817501784306
12,A2b +Tuned+SVM (7),1,0.9445955952254799
12,A2b +Tuned+SVM (7),0,0.04982596161370528
12,A2b +Tuned+SVM (7),0,0.6873368391510029
12,A2b +Tuned+SVM (7),1,0.9373409572834045
12,A2b +Tuned+SVM (7),0,0.3357646088222719
12,A2b +Tuned+SVM (7),0,0.40699417974752544
12,A2b +Tuned+SVM (7),1,0.7652667410193709
12,A2b +Tuned+SVM (7),0,0.043663480196673765
12,A2b +Tuned+SVM (7),0,0.040300844202139925
12,A2b +Tuned+SVM (7),1,0.6234358640984451
12,A2b +Tuned+SVM (7),1,0.9263419245805958
12,A2b +Tuned+SVM (7),1,0.8702155949050271
12,A2b +Tuned+SVM (7),1,0.924883087212857
12,A2b +Tuned+SVM (7),1,0.9385625201803532
12,A2b +Tuned+SVM (7),1,0.9328056621475079
12,A2b +Tuned+SVM (7),1,0.8362128259532053
12,A2b +Tuned+SVM (7),1,0.6868201864385522
12,A2b +Tuned+SVM (7),1,0.8085941041100333
12,A2b +Tuned+SVM (7),0,0.05554569187615575
12,A2b +Tuned+SVM (7),0,0.13720818449647984
12,A2b +Tuned+SVM (7),0,0.08793198752485383
12,A2b +Tuned+SVM (7),1,0.1321237581310004
12,A2b +Tuned+SVM (7),0,0.8677461614181784
12,A2b +Tuned+SVM (7),1,0.10120146656134758
12,A2b +Tuned+SVM (7),0,0.05069687926346984
12,A2b +Tuned+SVM (7),1,0.5344867062000838
12,A2b +Tuned+SVM (7),1,0.7686348264653045
12,A2b +Tuned+SVM (7),1,0.9179804806661624
12,A2b +Tuned+SVM (7),0,0.9450741381994704
12,A2b +Tuned+SVM (7),0,0.044418790347528755
12,A2b +Tuned+SVM (7),1,0.9326454812600794
12,A2b +Tuned+SVM (7),0,0.15959639021212219
12,A2b +Tuned+SVM (7),1,0.8918029436340863
12,A2b +Tuned+SVM (7),1,0.9329297844261647
12,A2b +Tuned+SVM (7),1,0.8451182901536334
12,A2b +Tuned+SVM (7),0,0.26206577447739
12,A2b +Tuned+SVM (7),0,0.058226748212414775
12,A2b +Tuned+SVM (7),0,0.9331700377079306
12,A2b +Tuned+SVM (7),1,0.8243216044492395
12,A2b +Tuned+SVM (7),1,0.9486488203630712
12,A2b +Tuned+SVM (7),0,0.0806604132323967
12,A3 LF-DPS (proposed),1,0.5892235336101268
12,A3 LF-DPS (proposed),0,0.07917481605865401
12,A3 LF-DPS (proposed),1,0.8413056397737089
12,A3 LF-DPS (proposed),0,0.052159947375856344
12,A3 LF-DPS (proposed),1,0.6901076920777042
12,A3 LF-DPS (proposed),0,0.11044412619973025
12,A3 LF-DPS (proposed),0,0.23204450663830076
12,A3 LF-DPS (proposed),0,0.07494051691187163
12,A3 LF-DPS (proposed),0,0.09622181301795883
12,A3 LF-DPS (proposed),1,0.7172024405785768
12,A3 LF-DPS (proposed),0,0.16140596791402775
12,A3 LF-DPS (proposed),1,0.9431671462459104
12,A3 LF-DPS (proposed),1,0.8166182031387861
12,A3 LF-DPS (proposed),0,0.7958263829026704
12,A3 LF-DPS (proposed),0,0.07572806509817692
12,A3 LF-DPS (proposed),1,0.9208183157159531
12,A3 LF-DPS (proposed),1,0.8795169164111905
12,A3 LF-DPS (proposed),1,0.17260517312098553
12,A3 LF-DPS (proposed),0,0.08336530290669153
12,A3 LF-DPS (proposed),1,0.9331238434329919
12,A3 LF-DPS (proposed),0,0.07238602867444072
12,A3 LF-DPS (proposed),0,0.6049206013093423
12,A3 LF-DPS (proposed),1,0.9038070523787349
12,A3 LF-DPS (proposed),0,0.3082214978277165
12,A3 LF-DPS (proposed),0,0.4115219654341281
12,A3 LF-DPS (proposed),1,0.7960761170826222
12,A3 LF-DPS (proposed),0,0.055196076641819455
12,A3 LF-DPS (proposed),0,0.04306570789530461
12,A3 LF-DPS (proposed),1,0.6150658175763155
12,A3 LF-DPS (proposed),1,0.8977087373720792
12,A3 LF-DPS (proposed),1,0.8473330078723468
12,A3 LF-DPS (proposed),1,0.8876639930114252
12,A3 LF-DPS (proposed),1,0.9165822366965547
12,A3 LF-DPS (proposed),1,0.8978178946136145
12,A3 LF-DPS (proposed),1,0.7921572835324922
12,A3 LF-DPS (proposed),1,0.6066306290281718
12,A3 LF-DPS (proposed),1,0.7864799391206725
12,A3 LF-DPS (proposed),0,0.08258639273007483
12,A3 LF-DPS (proposed),0,0.21383130809849524
12,A3 LF-DPS (proposed),0,0.1299028954744512
12,A3 LF-DPS (proposed),1,0.19172662429719275
12,A3 LF-DPS (proposed),0,0.7945111815522332
12,A3 LF-DPS (proposed),1,0.18249490897027879
12,A3 LF-DPS (proposed),0,0.05623946386570384
12,A3 LF-DPS (proposed),1,0.6312597619877025
12,A3 LF-DPS (proposed),1,0.7205128471969695
12,A3 LF-DPS (proposed),1,0.8967367239893864
12,A3 LF-DPS (proposed),0,0.9265920928091447
12,A3 LF-DPS (proposed),0,0.05874524557139155
12,A3 LF-DPS (proposed),1,0.9061604330300308
12,A3 LF-DPS (proposed),0,0.22261602198383634
12,A3 LF-DPS (proposed),1,0.8459810151986169
12,A3 LF-DPS (proposed),1,0.9131796677417116
12,A3 LF-DPS (proposed),1,0.7960386103731568
12,A3 LF-DPS (proposed),0,0.30727470396058915
12,A3 LF-DPS (proposed),0,0.08887318062307098
12,A3 LF-DPS (proposed),0,0.9244144148098614
12,A3 LF-DPS (proposed),1,0.8074238446728865
12,A3 LF-DPS (proposed),1,0.9338069031218255
12,A3 LF-DPS (proposed),0,0.14867279389936117
12,Best single (tuned),1,0.5510725414134083
12,Best single (tuned),0,0.12527801632749985
12,Best single (tuned),1,0.6573255334850232
12,Best single (tuned),0,0.03862535853804036
12,Best single (tuned),1,0.5641944190834534
12,Best single (tuned),0,0.18402400481613537
12,Best single (tuned),0,0.4274981184178789
12,Best single (tuned),0,0.10420407568154076
12,Best single (tuned),0,0.2721647237203075
12,Best single (tuned),1,0.6101999956049383
12,Best single (tuned),0,0.3391672012877811
12,Best single (tuned),1,0.9898863471165358
12,Best single (tuned),1,0.7381557506930986
12,Best single (tuned),0,0.6910223676112252
12,Best single (tuned),0,0.17947356995489339
12,Best single (tuned),1,0.9353119282581683
12,Best single (tuned),1,0.8417956722079595
12,Best single (tuned),1,0.2963959565336711
12,Best single (tuned),0,0.14514299981322637
12,Best single (tuned),1,0.9285120237472079
12,Best single (tuned),0,0.16222383051470687
12,Best single (tuned),0,0.6454331109812399
12,Best single (tuned),1,0.9311132354052184
12,Best single (tuned),0,0.42239140226439775
12,Best single (tuned),0,0.36810321134579
12,Best single (tuned),1,0.6915665084321588
12,Best single (tuned),0,0.05978207263298974
12,Best single (tuned),0,0.03871603991548644
12,Best single (tuned),1,0.5892561585787104
12,Best single (tuned),1,0.8356965438380499
12,Best single (tuned),1,0.673554320483025
12,Best single (tuned),1,0.8698353457692761
12,Best single (tuned),1,0.9152374079064509
12,Best single (tuned),1,0.9073860043342331
12,Best single (tuned),1,0.6830841689939109
12,Best single (tuned),1,0.5766984841218918
12,Best single (tuned),1,0.6710020933315052
12,Best single (tuned),0,0.2127890742468659
12,Best single (tuned),0,0.39027673236606086
12,Best single (tuned),0,0.17800874421229446
12,Best single (tuned),1,0.34184998456958016
12,Best single (tuned),0,0.6881648318817025
12,Best single (tuned),1,0.3203677998041518
12,Best single (tuned),0,0.06680010944073242
12,Best single (tuned),1,0.542393855810786
12,Best single (tuned),1,0.6159965467796739
12,Best single (tuned),1,0.8319663491803477
12,Best single (tuned),0,0.964317209331906
12,Best single (tuned),0,0.15443562264060334
12,Best single (tuned),1,0.8695302517428678
12,Best single (tuned),0,0.33723213565962445
12,Best single (tuned),1,0.7411377385756319
12,Best single (tuned),1,0.8997733937396388
12,Best single (tuned),1,0.762753354680846
12,Best single (tuned),0,0.42081868794236826
12,Best single (tuned),0,0.24118489149472735
12,Best single (tuned),0,0.8818706956311323
12,Best single (tuned),1,0.7168366067641847
12,Best single (tuned),1,0.9324039980645814
12,Best single (tuned),0,0.16221723556860543
13,A0 Paper stacking,0,0.07654983473831516
13,A0 Paper stacking,0,0.10120033102190504
13,A0 Paper stacking,0,0.07449032059948686
13,A0 Paper stacking,1,0.8063521353527697
13,A0 Paper stacking,1,0.10289453998852267
13,A0 Paper stacking,0,0.3618482411036169
13,A0 Paper stacking,1,0.9025400404802737
13,A0 Paper stacking,1,0.8297874642083141
13,A0 Paper stacking,0,0.46133212842041876
13,A0 Paper stacking,1,0.91381826131928
13,A0 Paper stacking,0,0.2548399605308845
13,A0 Paper stacking,0,0.07798174423167795
13,A0 Paper stacking,1,0.6922341567210591
13,A0 Paper stacking,1,0.914965712584232
13,A0 Paper stacking,0,0.8120077317882374
13,A0 Paper stacking,1,0.7738818562790697
13,A0 Paper stacking,1,0.8869634570857251
13,A0 Paper stacking,0,0.07296982496318774
13,A0 Paper stacking,1,0.9156029549346658
13,A0 Paper stacking,0,0.6451197203357766
13,A0 Paper stacking,0,0.26664641879703377
13,A0 Paper stacking,0,0.10987253166728658
13,A0 Paper stacking,1,0.4510110747399434
13,A0 Paper stacking,1,0.8660214236237442
13,A0 Paper stacking,0,0.08918490952807025
13,A0 Paper stacking,0,0.09081166956383785
13,A0 Paper stacking,1,0.9214123569034205
13,A0 Paper stacking,0,0.07288830768467908
13,A0 Paper stacking,1,0.441790137496962
13,A0 Paper stacking,1,0.7835028595327215
13,A0 Paper stacking,0,0.07927086777035076
13,A0 Paper stacking,1,0.8720594776110795
13,A0 Paper stacking,0,0.07444415421127558
13,A0 Paper stacking,1,0.8871251040288117
13,A0 Paper stacking,1,0.7452926076679511
13,A0 Paper stacking,1,0.9054458234620449
13,A0 Paper stacking,0,0.9038234473927054
13,A0 Paper stacking,1,0.9133897019071805
13,A0 Paper stacking,1,0.9119642755556128
13,A0 Paper stacking,0,0.08676644546061506
13,A0 Paper stacking,0,0.10376862464065663
13,A0 Paper stacking,1,0.7102841821285205
13,A0 Paper stacking,1,0.254021147758955
13,A0 Paper stacking,1,0.8514918411421074
13,A0 Paper stacking,0,0.8642960781819098
13,A0 Paper stacking,1,0.11497063293505436
13,A0 Paper stacking,1,0.49484087231299834
13,A0 Paper stacking,1,0.866307247980842
13,A0 Paper stacking,0,0.36934236905944573
13,A0 Paper stacking,1,0.9158679841675166
13,A0 Paper stacking,0,0.7754642690232458
13,A0 Paper stacking,0,0.08253428694383012
13,A0 Paper stacking,1,0.8007039501119642
13,A0 Paper stacking,0,0.08341199834652033
13,A0 Paper stacking,1,0.9185977081573325
13,A0 Paper stacking,1,0.8846065761773468
13,A0 Paper stacking,1,0.44700417345256876
13,A0 Paper stacking,0,0.3609510404734786
13,A0 Paper stacking,1,0.1086890630539183
13,A0 Paper stacking,0,0.15752633676307234
13,A1 +Typed prep,0,0.10355809147895763
13,A1 +Typed prep,0,0.06549452165597427
13,A1 +Typed prep,0,0.06159664699185987
13,A1 +Typed prep,1,0.8231348502544353
13,A1 +Typed prep,1,0.17012646661599337
13,A1 +Typed prep,0,0.3103672927563146
13,A1 +Typed prep,1,0.9098082312068235
13,A1 +Typed prep,1,0.8581468645331053
13,A1 +Typed prep,0,0.21490682092141258
13,A1 +Typed prep,1,0.8868661709393172
13,A1 +Typed prep,0,0.204537525698843
13,A1 +Typed prep,0,0.07669266841464922
13,A1 +Typed prep,1,0.6092485443773865
13,A1 +Typed prep,1,0.920660198798592
13,A1 +Typed prep,0,0.6900214268837704
13,A1 +Typed prep,1,0.8948984452021274
13,A1 +Typed prep,1,0.9039808412965409
13,A1 +Typed prep,0,0.06060990950813079
13,A1 +Typed prep,1,0.9235724235279585
13,A1 +Typed prep,0,0.6599518357557311
13,A1 +Typed prep,0,0.1534953264402055
13,A1 +Typed prep,0,0.09021883922280628
13,A1 +Typed prep,1,0.9260137034018296
13,A1 +Typed prep,1,0.8619891096471156
13,A1 +Typed prep,0,0.07910026707368947
13,A1 +Typed prep,0,0.07570428923313259
13,A1 +Typed prep,1,0.9270947753077871
13,A1 +Typed prep,0,0.06330519271931727
13,A1 +Typed prep,1,0.4701959358515225
13,A1 +Typed prep,1,0.8398233896205601
13,A1 +Typed prep,0,0.08823731029582796
13,A1 +Typed prep,1,0.8848937712125785
13,A1 +Typed prep,0,0.06944213823466065
13,A1 +Typed prep,1,0.8779645581990094
13,A1 +Typed prep,1,0.7868094331636186
13,A1 +Typed prep,1,0.9321583673035301
13,A1 +Typed prep,0,0.9106240934103949
13,A1 +Typed prep,1,0.9262368151448261
13,A1 +Typed prep,1,0.9195739887048308
13,A1 +Typed prep,0,0.06216262765870026
13,A1 +Typed prep,0,0.09276626372502375
13,A1 +Typed prep,1,0.577645917277703
13,A1 +Typed prep,1,0.298978988486521
13,A1 +Typed prep,1,0.9212103085574642
13,A1 +Typed prep,0,0.7989195648509627
13,A1 +Typed prep,1,0.049333134911931247
13,A1 +Typed prep,1,0.3712765736344588
13,A1 +Typed prep,1,0.8385189881840895
13,A1 +Typed prep,0,0.17821662588422135
13,A1 +Typed prep,1,0.9263562239711448
13,A1 +Typed prep,0,0.7020872329866537
13,A1 +Typed prep,0,0.0702015798350826
13,A1 +Typed prep,1,0.832459694418926
13,A1 +Typed prep,0,0.062411495262861244
13,A1 +Typed prep,1,0.9238763385791052
13,A1 +Typed prep,1,0.870851154850142
13,A1 +Typed prep,1,0.30565363951486835
13,A1 +Typed prep,0,0.14985650872219414
13,A1 +Typed prep,1,0.07333547529869433
13,A1 +Typed prep,0,0.10721893527653954
13,A2 +Tuned (6),0,0.09667669843525949
13,A2 +Tuned (6),0,0.0698497538597008
13,A2 +Tuned (6),0,0.07192081584243804
13,A2 +Tuned (6),1,0.7390852801626626
13,A2 +Tuned (6),1,0.14081743148351333
13,A2 +Tuned (6),0,0.24374357326399418
13,A2 +Tuned (6),1,0.9249689723433182
13,A2 +Tuned (6),1,0.8501556650140492
13,A2 +Tuned (6),0,0.244520798761729
13,A2 +Tuned (6),1,0.9071594567373044
13,A2 +Tuned (6),0,0.23958038163777098
13,A2 +Tuned (6),0,0.07922117766748966
13,A2 +Tuned (6),1,0.4268752391318905
13,A2 +Tuned (6),1,0.9206080318805719
13,A2 +Tuned (6),0,0.5134669178631013
13,A2 +Tuned (6),1,0.8968863670248771
13,A2 +Tuned (6),1,0.8945746991322802
13,A2 +Tuned (6),0,0.061901311019588935
13,A2 +Tuned (6),1,0.9209060402303674
13,A2 +Tuned (6),0,0.6681778428729228
13,A2 +Tuned (6),0,0.15821108144926144
13,A2 +Tuned (6),0,0.09431476949778551
13,A2 +Tuned (6),1,0.923132100503452
13,A2 +Tuned (6),1,0.9071631379106554
13,A2 +Tuned (6),0,0.0629984606421092
13,A2 +Tuned (6),0,0.08024288894942737
13,A2 +Tuned (6),1,0.9211010047448001
13,A2 +Tuned (6),0,0.05816825523008646
13,A2 +Tuned (6),1,0.38128418521711915
13,A2 +Tuned (6),1,0.8614044905434597
13,A2 +Tuned (6),0,0.08015473357092208
13,A2 +Tuned (6),1,0.9109732098407818
13,A2 +Tuned (6),0,0.05926586008134827
13,A2 +Tuned (6),1,0.9186835238769911
13,A2 +Tuned (6),1,0.8334711044202433
13,A2 +Tuned (6),1,0.9037698221264828
13,A2 +Tuned (6),0,0.8833629287289257
13,A2 +Tuned (6),1,0.9238699490608956
13,A2 +Tuned (6),1,0.9062831794426786
13,A2 +Tuned (6),0,0.06541530240562443
13,A2 +Tuned (6),0,0.09421901726498423
13,A2 +Tuned (6),1,0.6069553648325322
13,A2 +Tuned (6),1,0.343051363065159
13,A2 +Tuned (6),1,0.9201194452482442
13,A2 +Tuned (6),0,0.790780125558391
13,A2 +Tuned (6),1,0.07864685384004226
13,A2 +Tuned (6),1,0.3998827875295623
13,A2 +Tuned (6),1,0.9143101662443945
13,A2 +Tuned (6),0,0.22408821535252296
13,A2 +Tuned (6),1,0.9235284810158012
13,A2 +Tuned (6),0,0.7547860989914886
13,A2 +Tuned (6),0,0.07691155829463973
13,A2 +Tuned (6),1,0.8208510724660985
13,A2 +Tuned (6),0,0.0686475129365366
13,A2 +Tuned (6),1,0.9173148551298338
13,A2 +Tuned (6),1,0.8896907777977386
13,A2 +Tuned (6),1,0.43209331979680193
13,A2 +Tuned (6),0,0.1451566772387337
13,A2 +Tuned (6),1,0.1057112349531236
13,A2 +Tuned (6),0,0.14312829483897896
13,A2b +Tuned+SVM (7),0,0.08856569588308642
13,A2b +Tuned+SVM (7),0,0.06307004541019488
13,A2b +Tuned+SVM (7),0,0.06926085220728123
13,A2b +Tuned+SVM (7),1,0.7037053660928575
13,A2b +Tuned+SVM (7),1,0.13449100446967815
13,A2b +Tuned+SVM (7),0,0.24566682239547877
13,A2b +Tuned+SVM (7),1,0.9300514398458181
13,A2b +Tuned+SVM (7),1,0.866211831913838
13,A2b +Tuned+SVM (7),0,0.2513522798075588
13,A2b +Tuned+SVM (7),1,0.9105016759835358
13,A2b +Tuned+SVM (7),0,0.23777810555206974
13,A2b +Tuned+SVM (7),0,0.06991789158114686
13,A2b +Tuned+SVM (7),1,0.42433873015502477
13,A2b +Tuned+SVM (7),1,0.9263707476712061
13,A2b +Tuned+SVM (7),0,0.5459034528071456
13,A2b +Tuned+SVM (7),1,0.8987031939928699
13,A2b +Tuned+SVM (7),1,0.9051811479207178
13,A2b +Tuned+SVM (7),0,0.057315943165198155
13,A2b +Tuned+SVM (7),1,0.9253391017525445
13,A2b +Tuned+SVM (7),0,0.6903950192042415
13,A2b +Tuned+SVM (7),0,0.15328999478697425
13,A2b +Tuned+SVM (7),0,0.08562308073300391
13,A2b +Tuned+SVM (7),1,0.9271850809552777
13,A2b +Tuned+SVM (7),1,0.9151156162264394
13,A2b +Tuned+SVM (7),0,0.05869724717725764
13,A2b +Tuned+SVM (7),0,0.07485530712189754
13,A2b +Tuned+SVM (7),1,0.924097093196476
13,A2b +Tuned+SVM (7),0,0.05432554057377371
13,A2b +Tuned+SVM (7),1,0.4133561617929393
13,A2b +Tuned+SVM (7),1,0.865049190863196
13,A2b +Tuned+SVM (7),0,0.07578966123090365
13,A2b +Tuned+SVM (7),1,0.9163487806612118
13,A2b +Tuned+SVM (7),0,0.05505009665629532
13,A2b +Tuned+SVM (7),1,0.9243861162777074
13,A2b +Tuned+SVM (7),1,0.8402234550845901
13,A2b +Tuned+SVM (7),1,0.9080996464095754
13,A2b +Tuned+SVM (7),0,0.8861640981269845
13,A2b +Tuned+SVM (7),1,0.9283737905701489
13,A2b +Tuned+SVM (7),1,0.9120124693720137
13,A2b +Tuned+SVM (7),0,0.06297922648951713
13,A2b +Tuned+SVM (7),0,0.0928998599805742
13,A2b +Tuned+SVM (7),1,0.6502673064816326
13,A2b +Tuned+SVM (7),1,0.40299293130105357
13,A2b +Tuned+SVM (7),1,0.920434450696009
13,A2b +Tuned+SVM (7),0,0.7681163041846815
13,A2b +Tuned+SVM (7),1,0.07071260493240332
13,A2b +Tuned+SVM (7),1,0.42147583105423025
13,A2b +Tuned+SVM (7),1,0.9144061471851429
13,A2b +Tuned+SVM (7),0,0.26644077048117465
13,A2b +Tuned+SVM (7),1,0.9280912634999395
13,A2b +Tuned+SVM (7),0,0.7703659882318978
13,A2b +Tuned+SVM (7),0,0.06828675147118989
13,A2b +Tuned+SVM (7),1,0.8243197011299623
13,A2b +Tuned+SVM (7),0,0.06432264668986776
13,A2b +Tuned+SVM (7),1,0.9229260500502154
13,A2b +Tuned+SVM (7),1,0.8973085551038601
13,A2b +Tuned+SVM (7),1,0.4501604980958798
13,A2b +Tuned+SVM (7),0,0.15635042117706102
13,A2b +Tuned+SVM (7),1,0.09456302877917498
13,A2b +Tuned+SVM (7),0,0.15743168508442165
13,A3 LF-DPS (proposed),0,0.11734381344252046
13,A3 LF-DPS (proposed),0,0.08764150740968155
13,A3 LF-DPS (proposed),0,0.09476996892986338
13,A3 LF-DPS (proposed),1,0.7434021475636405
13,A3 LF-DPS (proposed),1,0.1420120976262484
13,A3 LF-DPS (proposed),0,0.24837747776675934
13,A3 LF-DPS (proposed),1,0.9022036224582363
13,A3 LF-DPS (proposed),1,0.8531846546447324
13,A3 LF-DPS (proposed),0,0.25429130184227994
13,A3 LF-DPS (proposed),1,0.8970389953442717
13,A3 LF-DPS (proposed),0,0.22396472795060912
13,A3 LF-DPS (proposed),0,0.0903674446924827
13,A3 LF-DPS (proposed),1,0.4337848842338578
13,A3 LF-DPS (proposed),1,0.8979732702857175
13,A3 LF-DPS (proposed),0,0.5263350765000293
13,A3 LF-DPS (proposed),1,0.8794380832231773
13,A3 LF-DPS (proposed),1,0.8932816591521167
13,A3 LF-DPS (proposed),0,0.08763197569512912
13,A3 LF-DPS (proposed),1,0.8978968308782865
13,A3 LF-DPS (proposed),0,0.6333564644392801
13,A3 LF-DPS (proposed),0,0.14374496403684342
13,A3 LF-DPS (proposed),0,0.10941053579896483
13,A3 LF-DPS (proposed),1,0.9019093773767215
13,A3 LF-DPS (proposed),1,0.8941778712106638
13,A3 LF-DPS (proposed),0,0.0911058099952539
13,A3 LF-DPS (proposed),0,0.1015813574621815
13,A3 LF-DPS (proposed),1,0.9026213330541865
13,A3 LF-DPS (proposed),0,0.08705378641787993
13,A3 LF-DPS (proposed),1,0.3035432939445614
13,A3 LF-DPS (proposed),1,0.8598598687726007
13,A3 LF-DPS (proposed),0,0.10496587073776345
13,A3 LF-DPS (proposed),1,0.8969473205364784
13,A3 LF-DPS (proposed),0,0.0879330893172241
13,A3 LF-DPS (proposed),1,0.9005145548024514
13,A3 LF-DPS (proposed),1,0.8270756049904319
13,A3 LF-DPS (proposed),1,0.899444723530049
13,A3 LF-DPS (proposed),0,0.8766300698650692
13,A3 LF-DPS (proposed),1,0.9004609967863073
13,A3 LF-DPS (proposed),1,0.8946486713598096
13,A3 LF-DPS (proposed),0,0.0939399969135632
13,A3 LF-DPS (proposed),0,0.11631663865436251
13,A3 LF-DPS (proposed),1,0.6809741584080929
13,A3 LF-DPS (proposed),1,0.3232069888417143
13,A3 LF-DPS (proposed),1,0.9021609511516298
13,A3 LF-DPS (proposed),0,0.8061390175228217
13,A3 LF-DPS (proposed),1,0.09398829981019519
13,A3 LF-DPS (proposed),1,0.2501352346038983
13,A3 LF-DPS (proposed),1,0.8930851511181043
13,A3 LF-DPS (proposed),0,0.24092633684088754
13,A3 LF-DPS (proposed),1,0.9024038476011853
13,A3 LF-DPS (proposed),0,0.7877408534359795
13,A3 LF-DPS (proposed),0,0.0906921754582344
13,A3 LF-DPS (proposed),1,0.8193149328177939
13,A3 LF-DPS (proposed),0,0.09333434162636361
13,A3 LF-DPS (proposed),1,0.8988287344908349
13,A3 LF-DPS (proposed),1,0.8891370082506318
13,A3 LF-DPS (proposed),1,0.39334448560641383
13,A3 LF-DPS (proposed),0,0.16852550369459693
13,A3 LF-DPS (proposed),1,0.09469628926035391
13,A3 LF-DPS (proposed),0,0.14978442725889685
13,Best single (tuned),0,0.1237644505056803
13,Best single (tuned),0,0.006420537072849265
13,Best single (tuned),0,0.037423948615012234
13,Best single (tuned),1,0.7787077710223097
13,Best single (tuned),1,0.19826745216308764
13,Best single (tuned),0,0.43032650245077103
13,Best single (tuned),1,0.9637767834125733
13,Best single (tuned),1,0.8169585958653113
13,Best single (tuned),0,0.34099603923532706
13,Best single (tuned),1,0.9436590925609031
13,Best single (tuned),0,0.3997953231740147
13,Best single (tuned),0,0.018571837062241057
13,Best single (tuned),1,0.5405754897529711
13,Best single (tuned),1,0.9467057485402414
13,Best single (tuned),0,0.6252047820163404
13,Best single (tuned),1,0.885167299253085
13,Best single (tuned),1,0.9288317874627893
13,Best single (tuned),0,0.0063773689889434805
13,Best single (tuned),1,0.9464120856648471
13,Best single (tuned),0,0.7692113570070552
13,Best single (tuned),0,0.20501923063605393
13,Best single (tuned),0,0.08337230399898743
13,Best single (tuned),1,0.962581979754611
13,Best single (tuned),1,0.9319839884531581
13,Best single (tuned),0,0.021798707530247614
13,Best single (tuned),0,0.06517607451811522
13,Best single (tuned),1,0.965511820178385
13,Best single (tuned),0,0.003755976544971175
13,Best single (tuned),1,0.5250826201752508
13,Best single (tuned),1,0.8426700509513569
13,Best single (tuned),0,0.0784980601494257
13,Best single (tuned),1,0.9428455438866948
13,Best single (tuned),0,0.007736475001612354
13,Best single (tuned),1,0.9568891037689922
13,Best single (tuned),1,0.7361063786891391
13,Best single (tuned),1,0.9526856210450396
13,Best single (tuned),0,0.8702745676227319
13,Best single (tuned),1,0.9566443592250047
13,Best single (tuned),1,0.9348121539950661
13,Best single (tuned),0,0.03389428583113945
13,Best single (tuned),0,0.1154510499066273
13,Best single (tuned),1,0.5981166044895513
13,Best single (tuned),1,0.49832847889793974
13,Best single (tuned),1,0.9640282663874185
13,Best single (tuned),0,0.6871201397837894
13,Best single (tuned),1,0.03419685435413796
13,Best single (tuned),1,0.3828555153559587
13,Best single (tuned),1,0.9282929973331603
13,Best single (tuned),0,0.29605208660690896
13,Best single (tuned),1,0.9645684233942586
13,Best single (tuned),0,0.6555832465458462
13,Best single (tuned),0,0.01999435785644308
13,Best single (tuned),1,0.723998486117282
13,Best single (tuned),0,0.03141147160964198
13,Best single (tuned),1,0.9501869470415157
13,Best single (tuned),1,0.9165229012797659
13,Best single (tuned),1,0.5171315407610445
13,Best single (tuned),0,0.2264768052455244
13,Best single (tuned),1,0.037185532352680885
13,Best single (tuned),0,0.1999830304883509
14,A0 Paper stacking,0,0.374950916246798
14,A0 Paper stacking,1,0.9343314640263121
14,A0 Paper stacking,0,0.06745494809260447
14,A0 Paper stacking,0,0.5659997545834466
14,A0 Paper stacking,1,0.9306476848101062
14,A0 Paper stacking,1,0.9173780597415555
14,A0 Paper stacking,0,0.6984961770346646
14,A0 Paper stacking,0,0.8810625274570426
14,A0 Paper stacking,1,0.4117806610943498
14,A0 Paper stacking,0,0.10014653732141802
14,A0 Paper stacking,0,0.07979137591477606
14,A0 Paper stacking,1,0.8902466578037095
14,A0 Paper stacking,1,0.3123794739173107
14,A0 Paper stacking,1,0.43395299877634536
14,A0 Paper stacking,1,0.4186550157218658
14,A0 Paper stacking,0,0.07649276036516961
14,A0 Paper stacking,0,0.26272260355956567
14,A0 Paper stacking,0,0.07128346354183673
14,A0 Paper stacking,0,0.06137994906587842
14,A0 Paper stacking,1,0.7748500708171462
14,A0 Paper stacking,1,0.9201246049859966
14,A0 Paper stacking,1,0.6436035403527429
14,A0 Paper stacking,1,0.7367898604068301
14,A0 Paper stacking,1,0.864394355648949
14,A0 Paper stacking,1,0.9325811092331523
14,A0 Paper stacking,0,0.07298376425659772
14,A0 Paper stacking,0,0.14337197103912494
14,A0 Paper stacking,1,0.8984319823733993
14,A0 Paper stacking,0,0.08092739346930239
14,A0 Paper stacking,1,0.41926466691437775
14,A0 Paper stacking,1,0.7393232306154005
14,A0 Paper stacking,0,0.1765739488543252
14,A0 Paper stacking,0,0.07197436698933725
14,A0 Paper stacking,1,0.7254941687887553
14,A0 Paper stacking,1,0.8096327478076478
14,A0 Paper stacking,1,0.8594679866877936
14,A0 Paper stacking,1,0.9252721341158341
14,A0 Paper stacking,1,0.9018957528572508
14,A0 Paper stacking,0,0.6804540723616944
14,A0 Paper stacking,1,0.9057043171143864
14,A0 Paper stacking,1,0.7903048681993232
14,A0 Paper stacking,0,0.06226414472263293
14,A0 Paper stacking,1,0.19231310618462333
14,A0 Paper stacking,1,0.3919518475813498
14,A0 Paper stacking,0,0.06150747223515823
14,A0 Paper stacking,1,0.48339820859671256
14,A0 Paper stacking,1,0.29294793378191936
14,A0 Paper stacking,0,0.0920075015928629
14,A0 Paper stacking,0,0.12777893365295095
14,A0 Paper stacking,1,0.35663001756833523
14,A0 Paper stacking,0,0.8319172584024928
14,A0 Paper stacking,1,0.625779516998891
14,A0 Paper stacking,0,0.5777368859755897
14,A0 Paper stacking,0,0.10855464612121814
14,A0 Paper stacking,1,0.9126214956465423
14,A0 Paper stacking,0,0.10226154106164448
14,A0 Paper stacking,0,0.06866194510145449
14,A0 Paper stacking,1,0.8853451340849352
14,A0 Paper stacking,1,0.9085947653853743
14,A0 Paper stacking,0,0.8405961938523917
14,A1 +Typed prep,0,0.2551007913514589
14,A1 +Typed prep,1,0.9383463742630911
14,A1 +Typed prep,0,0.05614518374206366
14,A1 +Typed prep,0,0.5892234802337174
14,A1 +Typed prep,1,0.9393533094045875
14,A1 +Typed prep,1,0.9281126870293335
14,A1 +Typed prep,0,0.7660196502352501
14,A1 +Typed prep,0,0.864854580231542
14,A1 +Typed prep,1,0.41196812050012394
14,A1 +Typed prep,0,0.14876222679851744
14,A1 +Typed prep,0,0.0641271810137102
14,A1 +Typed prep,1,0.9190580039459539
14,A1 +Typed prep,1,0.5759432512563586
14,A1 +Typed prep,1,0.4937359046441611
14,A1 +Typed prep,1,0.5152382672013317
14,A1 +Typed prep,0,0.10856756810473189
14,A1 +Typed prep,0,0.25988204729471753
14,A1 +Typed prep,0,0.06610896435580667
14,A1 +Typed prep,0,0.05384760838669494
14,A1 +Typed prep,1,0.6185247070393503
14,A1 +Typed prep,1,0.9241437429251326
14,A1 +Typed prep,1,0.6448776124652632
14,A1 +Typed prep,1,0.8404439108214896
14,A1 +Typed prep,1,0.8748872479863716
14,A1 +Typed prep,1,0.9345072621299522
14,A1 +Typed prep,0,0.06521024787212186
14,A1 +Typed prep,0,0.1607337646431062
14,A1 +Typed prep,1,0.8820120093195263
14,A1 +Typed prep,0,0.07866724373905813
14,A1 +Typed prep,1,0.434095716780857
14,A1 +Typed prep,1,0.6265592938291832
14,A1 +Typed prep,0,0.1426460751842072
14,A1 +Typed prep,0,0.06705136922021353
14,A1 +Typed prep,1,0.7979496794747807
14,A1 +Typed prep,1,0.8324819053802515
14,A1 +Typed prep,1,0.8807376758908975
14,A1 +Typed prep,1,0.9325055782055156
14,A1 +Typed prep,1,0.8956052262690649
14,A1 +Typed prep,0,0.674632414688561
14,A1 +Typed prep,1,0.8732366690949724
14,A1 +Typed prep,1,0.7678038688312138
14,A1 +Typed prep,0,0.05394964776216032
14,A1 +Typed prep,1,0.49583555403204227
14,A1 +Typed prep,1,0.5080696425865007
14,A1 +Typed prep,0,0.05400710575790486
14,A1 +Typed prep,1,0.633318879880392
14,A1 +Typed prep,1,0.4969812530100642
14,A1 +Typed prep,0,0.07252835774243557
14,A1 +Typed prep,0,0.13947819254812854
14,A1 +Typed prep,1,0.3409336304782573
14,A1 +Typed prep,0,0.8933453075876182
14,A1 +Typed prep,1,0.8246110287009805
14,A1 +Typed prep,0,0.6773215313147279
14,A1 +Typed prep,0,0.09917576399561825
14,A1 +Typed prep,1,0.9228012381789784
14,A1 +Typed prep,0,0.07504699748903818
14,A1 +Typed prep,0,0.059837581979853484
14,A1 +Typed prep,1,0.9008780870031029
14,A1 +Typed prep,1,0.9085853996295163
14,A1 +Typed prep,0,0.8595242822366587
14,A2 +Tuned (6),0,0.43899222489367207
14,A2 +Tuned (6),1,0.9486217228090724
14,A2 +Tuned (6),0,0.04774105866475568
14,A2 +Tuned (6),0,0.5497628409545152
14,A2 +Tuned (6),1,0.9443140939082421
14,A2 +Tuned (6),1,0.9311209660597505
14,A2 +Tuned (6),0,0.8321895620257748
14,A2 +Tuned (6),0,0.8353673115840592
14,A2 +Tuned (6),1,0.6396603246630914
14,A2 +Tuned (6),0,0.10339727191221604
14,A2 +Tuned (6),0,0.05994179180477808
14,A2 +Tuned (6),1,0.9228549284715418
14,A2 +Tuned (6),1,0.5934760489719068
14,A2 +Tuned (6),1,0.5654535679269169
14,A2 +Tuned (6),1,0.4840423083644153
14,A2 +Tuned (6),0,0.11482138330156999
14,A2 +Tuned (6),0,0.20116420535706034
14,A2 +Tuned (6),0,0.07634697040689106
14,A2 +Tuned (6),0,0.043102513912380326
14,A2 +Tuned (6),1,0.7866105371727061
14,A2 +Tuned (6),1,0.9300920776324387
14,A2 +Tuned (6),1,0.5238407749351465
14,A2 +Tuned (6),1,0.7999402010522532
14,A2 +Tuned (6),1,0.8206737324859074
14,A2 +Tuned (6),1,0.9478394945180568
14,A2 +Tuned (6),0,0.07727063092891974
14,A2 +Tuned (6),0,0.15304503097987074
14,A2 +Tuned (6),1,0.8943167979514892
14,A2 +Tuned (6),0,0.08823692353219853
14,A2 +Tuned (6),1,0.4829545928898496
14,A2 +Tuned (6),1,0.8024274807621681
14,A2 +Tuned (6),0,0.21805027258267476
14,A2 +Tuned (6),0,0.05816186242833276
14,A2 +Tuned (6),1,0.7579813706248424
14,A2 +Tuned (6),1,0.8393233221841169
14,A2 +Tuned (6),1,0.8843163984969293
14,A2 +Tuned (6),1,0.9382573600306487
14,A2 +Tuned (6),1,0.9011035588719027
14,A2 +Tuned (6),0,0.6698100013907939
14,A2 +Tuned (6),1,0.8896902230930744
14,A2 +Tuned (6),1,0.8343034713026177
14,A2 +Tuned (6),0,0.0446211082265615
14,A2 +Tuned (6),1,0.6826637134680553
14,A2 +Tuned (6),1,0.4534640851619659
14,A2 +Tuned (6),0,0.04523656305420943
14,A2 +Tuned (6),1,0.7814974346395757
14,A2 +Tuned (6),1,0.5826770533928227
14,A2 +Tuned (6),0,0.06954690382847109
14,A2 +Tuned (6),0,0.1856257601577158
14,A2 +Tuned (6),1,0.22939231572707783
14,A2 +Tuned (6),0,0.8948387907339866
14,A2 +Tuned (6),1,0.8481263538527988
14,A2 +Tuned (6),0,0.6031378254479985
14,A2 +Tuned (6),0,0.11501693945209078
14,A2 +Tuned (6),1,0.9294101995084011
14,A2 +Tuned (6),0,0.06234722257863675
14,A2 +Tuned (6),0,0.04837563204526581
14,A2 +Tuned (6),1,0.9022280527939222
14,A2 +Tuned (6),1,0.8837997904648044
14,A2 +Tuned (6),0,0.9079002016831763
14,A2b +Tuned+SVM (7),0,0.41685459667294145
14,A2b +Tuned+SVM (7),1,0.9499010843776495
14,A2b +Tuned+SVM (7),0,0.0442810657438946
14,A2b +Tuned+SVM (7),0,0.5741062218733604
14,A2b +Tuned+SVM (7),1,0.9472263361150441
14,A2b +Tuned+SVM (7),1,0.9345834311621386
14,A2b +Tuned+SVM (7),0,0.8329430574819826
14,A2b +Tuned+SVM (7),0,0.8405831821276385
14,A2b +Tuned+SVM (7),1,0.5768256762758278
14,A2b +Tuned+SVM (7),0,0.0941907766580253
14,A2b +Tuned+SVM (7),0,0.05348251398580112
14,A2b +Tuned+SVM (7),1,0.9299551118045095
14,A2b +Tuned+SVM (7),1,0.5445654361561489
14,A2b +Tuned+SVM (7),1,0.6294135858757759
14,A2b +Tuned+SVM (7),1,0.49447903824047584
14,A2b +Tuned+SVM (7),0,0.10350388281306301
14,A2b +Tuned+SVM (7),0,0.21422571873738167
14,A2b +Tuned+SVM (7),0,0.0721448757933508
14,A2b +Tuned+SVM (7),0,0.041394454454702245
14,A2b +Tuned+SVM (7),1,0.8140346679824947
14,A2b +Tuned+SVM (7),1,0.9299177003724078
14,A2b +Tuned+SVM (7),1,0.4956625532812801
14,A2b +Tuned+SVM (7),1,0.7950157704943882
14,A2b +Tuned+SVM (7),1,0.8255082518937203
14,A2b +Tuned+SVM (7),1,0.9496767432814234
14,A2b +Tuned+SVM (7),0,0.06976169506730265
14,A2b +Tuned+SVM (7),0,0.18500022001897093
14,A2b +Tuned+SVM (7),1,0.8975475872781218
14,A2b +Tuned+SVM (7),0,0.07746808521451978
14,A2b +Tuned+SVM (7),1,0.5102989436064771
14,A2b +Tuned+SVM (7),1,0.8127993976603413
14,A2b +Tuned+SVM (7),0,0.18071555259491554
14,A2b +Tuned+SVM (7),0,0.058196502782094435
14,A2b +Tuned+SVM (7),1,0.7468570918320077
14,A2b +Tuned+SVM (7),1,0.8368704658556327
14,A2b +Tuned+SVM (7),1,0.8872007351193415
14,A2b +Tuned+SVM (7),1,0.9389821465234813
14,A2b +Tuned+SVM (7),1,0.9016289451492027
14,A2b +Tuned+SVM (7),0,0.710153778021868
14,A2b +Tuned+SVM (7),1,0.9011291376865292
14,A2b +Tuned+SVM (7),1,0.8562675584533939
14,A2b +Tuned+SVM (7),0,0.042423163512959876
14,A2b +Tuned+SVM (7),1,0.7168813812484868
14,A2b +Tuned+SVM (7),1,0.400267511690509
14,A2b +Tuned+SVM (7),0,0.04288948843392307
14,A2b +Tuned+SVM (7),1,0.7665519029278488
14,A2b +Tuned+SVM (7),1,0.5451104147567014
14,A2b +Tuned+SVM (7),0,0.0630347925732427
14,A2b +Tuned+SVM (7),0,0.18281311615984194
14,A2b +Tuned+SVM (7),1,0.23680918269280166
14,A2b +Tuned+SVM (7),0,0.900579799826731
14,A2b +Tuned+SVM (7),1,0.8152715246474076
14,A2b +Tuned+SVM (7),0,0.6187267279745507
14,A2b +Tuned+SVM (7),0,0.125966069312701
14,A2b +Tuned+SVM (7),1,0.9323692054323897
14,A2b +Tuned+SVM (7),0,0.055561583832685946
14,A2b +Tuned+SVM (7),0,0.04550341848211344
14,A2b +Tuned+SVM (7),1,0.8800226229599475
14,A2b +Tuned+SVM (7),1,0.9004615019382637
14,A2b +Tuned+SVM (7),0,0.91348648452785
14,A3 LF-DPS (proposed),0,0.3475756676567719
14,A3 LF-DPS (proposed),1,0.928336999623825
14,A3 LF-DPS (proposed),0,0.061811536601297276
14,A3 LF-DPS (proposed),0,0.6324014089430376
14,A3 LF-DPS (proposed),1,0.9256449673572728
14,A3 LF-DPS (proposed),1,0.9077393032852145
14,A3 LF-DPS (proposed),0,0.7623533851363044
14,A3 LF-DPS (proposed),0,0.8284170839181372
14,A3 LF-DPS (proposed),1,0.4231743626317071
14,A3 LF-DPS (proposed),0,0.12090219048337321
14,A3 LF-DPS (proposed),0,0.06370132091853703
14,A3 LF-DPS (proposed),1,0.8982540409034176
14,A3 LF-DPS (proposed),1,0.5280732772388035
14,A3 LF-DPS (proposed),1,0.7780396486084962
14,A3 LF-DPS (proposed),1,0.6142510338176129
14,A3 LF-DPS (proposed),0,0.12801038932320385
14,A3 LF-DPS (proposed),0,0.35421870671682776
14,A3 LF-DPS (proposed),0,0.07786985269026132
14,A3 LF-DPS (proposed),0,0.05354642395454111
14,A3 LF-DPS (proposed),1,0.7305373082648381
14,A3 LF-DPS (proposed),1,0.8926169025141235
14,A3 LF-DPS (proposed),1,0.5885603191972127
14,A3 LF-DPS (proposed),1,0.7765552629035659
14,A3 LF-DPS (proposed),1,0.8512532623404178
14,A3 LF-DPS (proposed),1,0.9245922385603387
14,A3 LF-DPS (proposed),0,0.07594146906570834
14,A3 LF-DPS (proposed),0,0.23903605187764115
14,A3 LF-DPS (proposed),1,0.8374772143040083
14,A3 LF-DPS (proposed),0,0.09314243410287507
14,A3 LF-DPS (proposed),1,0.5034242217364249
14,A3 LF-DPS (proposed),1,0.8194955937107246
14,A3 LF-DPS (proposed),0,0.11881949458597324
14,A3 LF-DPS (proposed),0,0.07452071501289007
14,A3 LF-DPS (proposed),1,0.7427541108305541
14,A3 LF-DPS (proposed),1,0.8274530809129407
14,A3 LF-DPS (proposed),1,0.8374930586879188
14,A3 LF-DPS (proposed),1,0.9098889044433837
14,A3 LF-DPS (proposed),1,0.8520392393074836
14,A3 LF-DPS (proposed),0,0.6554898905222111
14,A3 LF-DPS (proposed),1,0.9026627064424683
14,A3 LF-DPS (proposed),1,0.8539103731066866
14,A3 LF-DPS (proposed),0,0.05594908292993707
14,A3 LF-DPS (proposed),1,0.6864271105631576
14,A3 LF-DPS (proposed),1,0.4215260114766819
14,A3 LF-DPS (proposed),0,0.05587439289418801
14,A3 LF-DPS (proposed),1,0.7432315345986676
14,A3 LF-DPS (proposed),1,0.5309894257574451
14,A3 LF-DPS (proposed),0,0.07495372587373006
14,A3 LF-DPS (proposed),0,0.22541761266023969
14,A3 LF-DPS (proposed),1,0.308201598912943
14,A3 LF-DPS (proposed),0,0.8577465397977886
14,A3 LF-DPS (proposed),1,0.8006992880302646
14,A3 LF-DPS (proposed),0,0.5417114299963928
14,A3 LF-DPS (proposed),0,0.17384863914568896
14,A3 LF-DPS (proposed),1,0.9008367797285307
14,A3 LF-DPS (proposed),0,0.06419918994129656
14,A3 LF-DPS (proposed),0,0.05702299319062636
14,A3 LF-DPS (proposed),1,0.8196816463581634
14,A3 LF-DPS (proposed),1,0.9071207907761072
14,A3 LF-DPS (proposed),0,0.8778255013191062
14,Best single (tuned),0,0.3934649890648593
14,Best single (tuned),1,0.966234883014328
14,Best single (tuned),0,0.0030847411949104274
14,Best single (tuned),0,0.5689002352534707
14,Best single (tuned),1,0.9703251259240402
14,Best single (tuned),1,0.9361875027856139
14,Best single (tuned),0,0.7274524834274143
14,Best single (tuned),0,0.7904760345284297
14,Best single (tuned),1,0.4460304661142803
14,Best single (tuned),0,0.10941667117039253
14,Best single (tuned),0,0.009536439173297297
14,Best single (tuned),1,0.9454367457369737
14,Best single (tuned),1,0.4456291423634515
14,Best single (tuned),1,0.7696594786795381
14,Best single (tuned),1,0.5930014745527569
14,Best single (tuned),0,0.12454648732556055
14,Best single (tuned),0,0.34140004178651967
14,Best single (tuned),0,0.07630379929323747
14,Best single (tuned),0,0.010299502745932344
14,Best single (tuned),1,0.7792528894693288
14,Best single (tuned),1,0.9000770871853254
14,Best single (tuned),1,0.5109283405855459
14,Best single (tuned),1,0.7219564004766151
14,Best single (tuned),1,0.7819034275236177
14,Best single (tuned),1,0.9715486703173455
14,Best single (tuned),0,0.04987781185122626
14,Best single (tuned),0,0.3752611738745463
14,Best single (tuned),1,0.8546577163436656
14,Best single (tuned),0,0.06318758348854023
14,Best single (tuned),1,0.5201518452815312
14,Best single (tuned),1,0.7781908052290738
14,Best single (tuned),0,0.12398952657170781
14,Best single (tuned),0,0.08249517404849434
14,Best single (tuned),1,0.6602844782356616
14,Best single (tuned),1,0.7733097780140346
14,Best single (tuned),1,0.8244802653772554
14,Best single (tuned),1,0.927898979689265
14,Best single (tuned),1,0.8486176042746091
14,Best single (tuned),0,0.647193846093905
14,Best single (tuned),1,0.9192894946338526
14,Best single (tuned),1,0.8729312616041411
14,Best single (tuned),0,0.00943538551059083
14,Best single (tuned),1,0.7206655460627307
14,Best single (tuned),1,0.3829211630731773
14,Best single (tuned),0,0.010057950336636359
14,Best single (tuned),1,0.6717938087386128
14,Best single (tuned),1,0.4659105863786635
14,Best single (tuned),0,0.044151948676054424
14,Best single (tuned),0,0.260422702838258
14,Best single (tuned),1,0.35112844908566065
14,Best single (tuned),0,0.8651525531833003
14,Best single (tuned),1,0.6546740760135755
14,Best single (tuned),0,0.6044791860024513
14,Best single (tuned),0,0.2573788660893542
14,Best single (tuned),1,0.925051400918559
14,Best single (tuned),0,0.016295413845128302
14,Best single (tuned),0,0.01415441352987631
14,Best single (tuned),1,0.7108426038584111
14,Best single (tuned),1,0.9383922796698725
14,Best single (tuned),0,0.8921480111074412
15,A0 Paper stacking,0,0.45694956993949454
15,A0 Paper stacking,0,0.062040445894437676
15,A0 Paper stacking,1,0.9060941325705593
15,A0 Paper stacking,0,0.8561327774540793
15,A0 Paper stacking,0,0.21806640761793802
15,A0 Paper stacking,0,0.5973644577038377
15,A0 Paper stacking,1,0.12864522994945712
15,A0 Paper stacking,1,0.8820038296972136
15,A0 Paper stacking,1,0.8834537592460477
15,A0 Paper stacking,1,0.8720021611380209
15,A0 Paper stacking,1,0.9062689200338924
15,A0 Paper stacking,0,0.30257839107218565
15,A0 Paper stacking,1,0.7528550144341132
15,A0 Paper stacking,0,0.10436038198664048
15,A0 Paper stacking,1,0.8728732886041004
15,A0 Paper stacking,1,0.9296522395051738
15,A0 Paper stacking,1,0.780157087072967
15,A0 Paper stacking,0,0.06650663380059949
15,A0 Paper stacking,0,0.09418456150950542
15,A0 Paper stacking,1,0.8538022093546506
15,A0 Paper stacking,1,0.8683452598264848
15,A0 Paper stacking,0,0.11558683651820569
15,A0 Paper stacking,0,0.6678442182980918
15,A0 Paper stacking,1,0.6298710096943401
15,A0 Paper stacking,1,0.9104223080525373
15,A0 Paper stacking,0,0.06435410967424764
15,A0 Paper stacking,1,0.6521126421586002
15,A0 Paper stacking,0,0.6011772929913103
15,A0 Paper stacking,1,0.8125271756918809
15,A0 Paper stacking,0,0.06570079332461162
15,A0 Paper stacking,0,0.1117909619512318
15,A0 Paper stacking,0,0.0680352128925565
15,A0 Paper stacking,0,0.10975018623522774
15,A0 Paper stacking,0,0.10187060060435599
15,A0 Paper stacking,0,0.06149291628098296
15,A0 Paper stacking,1,0.9259085899317859
15,A0 Paper stacking,1,0.9265947475876346
15,A0 Paper stacking,0,0.557694567347754
15,A0 Paper stacking,1,0.9085840398214877
15,A0 Paper stacking,1,0.8994765084084336
15,A0 Paper stacking,0,0.2601865690321588
15,A0 Paper stacking,1,0.8859047499680585
15,A0 Paper stacking,1,0.9168062054300413
15,A0 Paper stacking,1,0.58140976660518
15,A0 Paper stacking,1,0.9243454302395697
15,A0 Paper stacking,1,0.9128145864563222
15,A0 Paper stacking,1,0.09150958864714591
15,A0 Paper stacking,1,0.7781798317252364
15,A0 Paper stacking,0,0.30484086342595573
15,A0 Paper stacking,1,0.8684241435322578
15,A0 Paper stacking,1,0.7756919119948313
15,A0 Paper stacking,0,0.1396427462715407
15,A0 Paper stacking,0,0.08976710144662213
15,A0 Paper stacking,0,0.6506032716131728
15,A0 Paper stacking,1,0.9229427596411636
15,A0 Paper stacking,1,0.35215441692744626
15,A0 Paper stacking,0,0.10296474693282755
15,A0 Paper stacking,1,0.809770761171744
15,A0 Paper stacking,0,0.786054914599669
15,A0 Paper stacking,1,0.8971194665701459
15,A0 Paper stacking,0,0.09052012069244296
15,A1 +Typed prep,0,0.1756438689105668
15,A1 +Typed prep,0,0.058183791502523376
15,A1 +Typed prep,1,0.9073196191295436
15,A1 +Typed prep,0,0.7856713440322475
15,A1 +Typed prep,0,0.26867899098226716
15,A1 +Typed prep,0,0.7272961547820515
15,A1 +Typed prep,1,0.06630462794582509
15,A1 +Typed prep,1,0.8637821588120793
15,A1 +Typed prep,1,0.881662283296391
15,A1 +Typed prep,1,0.6014518814935962
15,A1 +Typed prep,1,0.8979773940234064
15,A1 +Typed prep,0,0.22326378472161965
15,A1 +Typed prep,1,0.6009797191171842
15,A1 +Typed prep,0,0.1029007580867699
15,A1 +Typed prep,1,0.9003871427729587
15,A1 +Typed prep,1,0.9313648768405127
15,A1 +Typed prep,1,0.7383013146425318
15,A1 +Typed prep,0,0.06457300191765566
15,A1 +Typed prep,0,0.0865549533158041
15,A1 +Typed prep,1,0.6161767859971854
15,A1 +Typed prep,1,0.878796339128113
15,A1 +Typed prep,0,0.10518547410653485
15,A1 +Typed prep,0,0.6842372209288219
15,A1 +Typed prep,1,0.5088870713095335
15,A1 +Typed prep,1,0.9111542362577886
15,A1 +Typed prep,0,0.05963350448990345
15,A1 +Typed prep,1,0.7038251803992118
15,A1 +Typed prep,0,0.2786478423186767
15,A1 +Typed prep,1,0.8445084049881836
15,A1 +Typed prep,0,0.08881798463936412
15,A1 +Typed prep,0,0.13916573135299326
15,A1 +Typed prep,0,0.06875570706209275
15,A1 +Typed prep,0,0.10083358059205487
15,A1 +Typed prep,0,0.09232050139539258
15,A1 +Typed prep,0,0.06036107702774497
15,A1 +Typed prep,1,0.9280756283040171
15,A1 +Typed prep,1,0.9314154111492153
15,A1 +Typed prep,0,0.6168264576751405
15,A1 +Typed prep,1,0.900482761103848
15,A1 +Typed prep,1,0.9000670801591169
15,A1 +Typed prep,0,0.15506662698559845
15,A1 +Typed prep,1,0.8928158659333889
15,A1 +Typed prep,1,0.9163878618682928
15,A1 +Typed prep,1,0.7585809659171505
15,A1 +Typed prep,1,0.9244166336444698
15,A1 +Typed prep,1,0.9079908534235684
15,A1 +Typed prep,1,0.0659325367609032
15,A1 +Typed prep,1,0.5756359145217405
15,A1 +Typed prep,0,0.14417344151831768
15,A1 +Typed prep,1,0.8802075685496108
15,A1 +Typed prep,1,0.8883285873831553
15,A1 +Typed prep,0,0.12984928219894573
15,A1 +Typed prep,0,0.06254869812283999
15,A1 +Typed prep,0,0.663084347205197
15,A1 +Typed prep,1,0.9235119410738001
15,A1 +Typed prep,1,0.4635126425937241
15,A1 +Typed prep,0,0.08170656158132111
15,A1 +Typed prep,1,0.7857494503752642
15,A1 +Typed prep,0,0.6397829217211565
15,A1 +Typed prep,1,0.8803590853249534
15,A1 +Typed prep,0,0.07706415602491917
15,A2 +Tuned (6),0,0.23411851228946232
15,A2 +Tuned (6),0,0.047081483089048526
15,A2 +Tuned (6),1,0.912969260278768
15,A2 +Tuned (6),0,0.826597425141633
15,A2 +Tuned (6),0,0.26912974746688534
15,A2 +Tuned (6),0,0.8059593542299367
15,A2 +Tuned (6),1,0.06622224488005483
15,A2 +Tuned (6),1,0.918038232642696
15,A2 +Tuned (6),1,0.9053924282238998
15,A2 +Tuned (6),1,0.7181676605205811
15,A2 +Tuned (6),1,0.9133328163479763
15,A2 +Tuned (6),0,0.18917514699219914
15,A2 +Tuned (6),1,0.4171930797450276
15,A2 +Tuned (6),0,0.14061721424414791
15,A2 +Tuned (6),1,0.914855694041338
15,A2 +Tuned (6),1,0.9302091753869759
15,A2 +Tuned (6),1,0.8123491376904198
15,A2 +Tuned (6),0,0.051872469420909985
15,A2 +Tuned (6),0,0.10178494079009338
15,A2 +Tuned (6),1,0.4453449229875328
15,A2 +Tuned (6),1,0.9229762612348769
15,A2 +Tuned (6),0,0.10933968669417478
15,A2 +Tuned (6),0,0.6635807715138045
15,A2 +Tuned (6),1,0.5187434322585964
15,A2 +Tuned (6),1,0.9189823868163374
15,A2 +Tuned (6),0,0.051733337289805496
15,A2 +Tuned (6),1,0.7167196056023936
15,A2 +Tuned (6),0,0.3010100845462072
15,A2 +Tuned (6),1,0.8256652197962093
15,A2 +Tuned (6),0,0.10593674196344871
15,A2 +Tuned (6),0,0.164020574950372
15,A2 +Tuned (6),0,0.07262403784361184
15,A2 +Tuned (6),0,0.10086978731822861
15,A2 +Tuned (6),0,0.11159110400459397
15,A2 +Tuned (6),0,0.04747551171928699
15,A2 +Tuned (6),1,0.9387971185073201
15,A2 +Tuned (6),1,0.9349362749222607
15,A2 +Tuned (6),0,0.6129813724315124
15,A2 +Tuned (6),1,0.9181301360530055
15,A2 +Tuned (6),1,0.9051539113461408
15,A2 +Tuned (6),0,0.16779120729526015
15,A2 +Tuned (6),1,0.8757908343560856
15,A2 +Tuned (6),1,0.9259595838790744
15,A2 +Tuned (6),1,0.7909437924459877
15,A2 +Tuned (6),1,0.912641275669822
15,A2 +Tuned (6),1,0.923124895093552
15,A2 +Tuned (6),1,0.0865403550448204
15,A2 +Tuned (6),1,0.6144750190761024
15,A2 +Tuned (6),0,0.16437953136965286
15,A2 +Tuned (6),1,0.9226860915915028
15,A2 +Tuned (6),1,0.8935390545552238
15,A2 +Tuned (6),0,0.13747069345727675
15,A2 +Tuned (6),0,0.06195418855125912
15,A2 +Tuned (6),0,0.7720349444609016
15,A2 +Tuned (6),1,0.9291511575655428
15,A2 +Tuned (6),1,0.5350805904751551
15,A2 +Tuned (6),0,0.07015898287083068
15,A2 +Tuned (6),1,0.8273359931449074
15,A2 +Tuned (6),0,0.6351661326303024
15,A2 +Tuned (6),1,0.9051109946408022
15,A2 +Tuned (6),0,0.07409993849820501
15,A2b +Tuned+SVM (7),0,0.23297840268600506
15,A2b +Tuned+SVM (7),0,0.04524706976762761
15,A2b +Tuned+SVM (7),1,0.9200507602202732
15,A2b +Tuned+SVM (7),0,0.7985664806123567
15,A2b +Tuned+SVM (7),0,0.2724095812981351
15,A2b +Tuned+SVM (7),0,0.7939721352945509
15,A2b +Tuned+SVM (7),1,0.06283055205385182
15,A2b +Tuned+SVM (7),1,0.9228254475150828
15,A2b +Tuned+SVM (7),1,0.9099585798032738
15,A2b +Tuned+SVM (7),1,0.7374612396220542
15,A2b +Tuned+SVM (7),1,0.9173934251781626
15,A2b +Tuned+SVM (7),0,0.1793450381057971
15,A2b +Tuned+SVM (7),1,0.4334355803871812
15,A2b +Tuned+SVM (7),0,0.14340419172045116
15,A2b +Tuned+SVM (7),1,0.9202900391418465
15,A2b +Tuned+SVM (7),1,0.9336357254223957
15,A2b +Tuned+SVM (7),1,0.8190240484223684
15,A2b +Tuned+SVM (7),0,0.05079510180670401
15,A2b +Tuned+SVM (7),0,0.09617526566412239
15,A2b +Tuned+SVM (7),1,0.48186253557458913
15,A2b +Tuned+SVM (7),1,0.9271839986934672
15,A2b +Tuned+SVM (7),0,0.10422515510139407
15,A2b +Tuned+SVM (7),0,0.6840762510885452
15,A2b +Tuned+SVM (7),1,0.5426841717726122
15,A2b +Tuned+SVM (7),1,0.9243881691733464
15,A2b +Tuned+SVM (7),0,0.04940588867915603
15,A2b +Tuned+SVM (7),1,0.7144175012869532
15,A2b +Tuned+SVM (7),0,0.3297524671918296
15,A2b +Tuned+SVM (7),1,0.8297548306713304
15,A2b +Tuned+SVM (7),0,0.09787237274738725
15,A2b +Tuned+SVM (7),0,0.16761218010319412
15,A2b +Tuned+SVM (7),0,0.06678047367174511
15,A2b +Tuned+SVM (7),0,0.09514880913088151
15,A2b +Tuned+SVM (7),0,0.09940926291897287
15,A2b +Tuned+SVM (7),0,0.04589270222839254
15,A2b +Tuned+SVM (7),1,0.9410946246365359
15,A2b +Tuned+SVM (7),1,0.9373159820955842
15,A2b +Tuned+SVM (7),0,0.6086839937929958
15,A2b +Tuned+SVM (7),1,0.9207421557282426
15,A2b +Tuned+SVM (7),1,0.9108318641846733
15,A2b +Tuned+SVM (7),0,0.1594018399934135
15,A2b +Tuned+SVM (7),1,0.8748017258962079
15,A2b +Tuned+SVM (7),1,0.9298388585370507
15,A2b +Tuned+SVM (7),1,0.7481943770186874
15,A2b +Tuned+SVM (7),1,0.9168186441315951
15,A2b +Tuned+SVM (7),1,0.9258163474402122
15,A2b +Tuned+SVM (7),1,0.07977180022793373
15,A2b +Tuned+SVM (7),1,0.5904959336800796
15,A2b +Tuned+SVM (7),0,0.17778708712551963
15,A2b +Tuned+SVM (7),1,0.9238564221481893
15,A2b +Tuned+SVM (7),1,0.8990607426258534
15,A2b +Tuned+SVM (7),0,0.13599800191272554
15,A2b +Tuned+SVM (7),0,0.05800986283151939
15,A2b +Tuned+SVM (7),0,0.7862244415614482
15,A2b +Tuned+SVM (7),1,0.9330919579541485
15,A2b +Tuned+SVM (7),1,0.5147861321989589
15,A2b +Tuned+SVM (7),0,0.06632544456546732
15,A2b +Tuned+SVM (7),1,0.7680158001914644
15,A2b +Tuned+SVM (7),0,0.6304174968919541
15,A2b +Tuned+SVM (7),1,0.9074612022218741
15,A2b +Tuned+SVM (7),0,0.07165123836211199
15,A3 LF-DPS (proposed),0,0.23003677310640022
15,A3 LF-DPS (proposed),0,0.06281905416267168
15,A3 LF-DPS (proposed),1,0.8880951339351042
15,A3 LF-DPS (proposed),0,0.8140909334306649
15,A3 LF-DPS (proposed),0,0.31547884846464413
15,A3 LF-DPS (proposed),0,0.8315737796301457
15,A3 LF-DPS (proposed),1,0.08250980511739611
15,A3 LF-DPS (proposed),1,0.876426862786641
15,A3 LF-DPS (proposed),1,0.8798304389628545
15,A3 LF-DPS (proposed),1,0.751736068987631
15,A3 LF-DPS (proposed),1,0.885958895741479
15,A3 LF-DPS (proposed),0,0.3553396830976519
15,A3 LF-DPS (proposed),1,0.4634769667503705
15,A3 LF-DPS (proposed),0,0.1759180462637878
15,A3 LF-DPS (proposed),1,0.901345160893382
15,A3 LF-DPS (proposed),1,0.9204725955676102
15,A3 LF-DPS (proposed),1,0.6923783515658803
15,A3 LF-DPS (proposed),0,0.06416914702340556
15,A3 LF-DPS (proposed),0,0.17001998793903383
15,A3 LF-DPS (proposed),1,0.6495101367188364
15,A3 LF-DPS (proposed),1,0.9062020553438851
15,A3 LF-DPS (proposed),0,0.17649865791917319
15,A3 LF-DPS (proposed),0,0.6157473967789351
15,A3 LF-DPS (proposed),1,0.4832023227978843
15,A3 LF-DPS (proposed),1,0.9062693371506719
15,A3 LF-DPS (proposed),0,0.07671354855327575
15,A3 LF-DPS (proposed),1,0.5937713648594269
15,A3 LF-DPS (proposed),0,0.5106781200413989
15,A3 LF-DPS (proposed),1,0.6495408219023087
15,A3 LF-DPS (proposed),0,0.159751513853422
15,A3 LF-DPS (proposed),0,0.23814370345529104
15,A3 LF-DPS (proposed),0,0.1437846523592541
15,A3 LF-DPS (proposed),0,0.1863052583861712
15,A3 LF-DPS (proposed),0,0.26843730231323143
15,A3 LF-DPS (proposed),0,0.0629906129413468
15,A3 LF-DPS (proposed),1,0.9248404711955931
15,A3 LF-DPS (proposed),1,0.9206964427844386
15,A3 LF-DPS (proposed),0,0.548320169599945
15,A3 LF-DPS (proposed),1,0.8724930021313516
15,A3 LF-DPS (proposed),1,0.876859914343478
15,A3 LF-DPS (proposed),0,0.29303402339334467
15,A3 LF-DPS (proposed),1,0.8105742613342812
15,A3 LF-DPS (proposed),1,0.9177043991962269
15,A3 LF-DPS (proposed),1,0.7504949147221035
15,A3 LF-DPS (proposed),1,0.8963366687188921
15,A3 LF-DPS (proposed),1,0.8838946350319844
15,A3 LF-DPS (proposed),1,0.14356853819460222
15,A3 LF-DPS (proposed),1,0.7884193567934962
15,A3 LF-DPS (proposed),0,0.17755080746105387
15,A3 LF-DPS (proposed),1,0.8945918017673903
15,A3 LF-DPS (proposed),1,0.8618714501082559
15,A3 LF-DPS (proposed),0,0.16558599858765327
15,A3 LF-DPS (proposed),0,0.09759331426559457
15,A3 LF-DPS (proposed),0,0.5203271649235596
15,A3 LF-DPS (proposed),1,0.9217254044996236
15,A3 LF-DPS (proposed),1,0.2675731789867626
15,A3 LF-DPS (proposed),0,0.11001116411423384
15,A3 LF-DPS (proposed),1,0.8048055620241572
15,A3 LF-DPS (proposed),0,0.4578961757377634
15,A3 LF-DPS (proposed),1,0.8751127031320451
15,A3 LF-DPS (proposed),0,0.09260628773329149
15,Best single (tuned),0,0.3454659845829523
15,Best single (tuned),0,0.08244451139507777
15,Best single (tuned),1,0.8264978926639476
15,Best single (tuned),0,0.695179633375968
15,Best single (tuned),0,0.3896558683364119
15,Best single (tuned),0,0.7031629907128149
15,Best single (tuned),1,0.13506095448608754
15,Best single (tuned),1,0.7845650056757107
15,Best single (tuned),1,0.7856422205095497
15,Best single (tuned),1,0.6310242989715563
15,Best single (tuned),1,0.7928450283397638
15,Best single (tuned),0,0.34547672212676345
15,Best single (tuned),1,0.5210670656474417
15,Best single (tuned),0,0.3284341980892759
15,Best single (tuned),1,0.8530351999958857
15,Best single (tuned),1,0.8810864888772311
15,Best single (tuned),1,0.6324393797336849
15,Best single (tuned),0,0.08973686923751636
15,Best single (tuned),0,0.24668518542540588
15,Best single (tuned),1,0.5295583690383682
15,Best single (tuned),1,0.8495632469804365
15,Best single (tuned),0,0.26121282515069427
15,Best single (tuned),0,0.530595824054221
15,Best single (tuned),1,0.5002199159764794
15,Best single (tuned),1,0.856723425092917
15,Best single (tuned),0,0.13034482991718888
15,Best single (tuned),1,0.5554841183768376
15,Best single (tuned),0,0.453169581853998
15,Best single (tuned),1,0.6520193167451948
15,Best single (tuned),0,0.3058815323509393
15,Best single (tuned),0,0.3452042887473069
15,Best single (tuned),0,0.26601581813736747
15,Best single (tuned),0,0.28242700554501654
15,Best single (tuned),0,0.3018058982022213
15,Best single (tuned),0,0.08337922459854095
15,Best single (tuned),1,0.89194143254833
15,Best single (tuned),1,0.8837894775386693
15,Best single (tuned),0,0.5705720284056058
15,Best single (tuned),1,0.797306812117056
15,Best single (tuned),1,0.7736785372848907
15,Best single (tuned),0,0.4698497048740639
15,Best single (tuned),1,0.6877707544637852
15,Best single (tuned),1,0.8665094006434901
15,Best single (tuned),1,0.590573591092442
15,Best single (tuned),1,0.8284771656433818
15,Best single (tuned),1,0.8073100577795921
15,Best single (tuned),1,0.2927922978196131
15,Best single (tuned),1,0.745533047282757
15,Best single (tuned),0,0.37312976736211856
15,Best single (tuned),1,0.8079423047557295
15,Best single (tuned),1,0.7681410812410763
15,Best single (tuned),0,0.2711472743332528
15,Best single (tuned),0,0.17116221786560945
15,Best single (tuned),0,0.5889017661407523
15,Best single (tuned),1,0.8760506197211547
15,Best single (tuned),1,0.4326402659675163
15,Best single (tuned),0,0.21090072645113633
15,Best single (tuned),1,0.6718964604515861
15,Best single (tuned),0,0.5563642675338438
15,Best single (tuned),1,0.7885171432632188
15,Best single (tuned),0,0.16634227995405937
16,A0 Paper stacking,0,0.05715012061420973
16,A0 Paper stacking,1,0.6757884829152248
16,A0 Paper stacking,0,0.08521657067389592
16,A0 Paper stacking,0,0.5915042892815723
16,A0 Paper stacking,1,0.9308760588011366
16,A0 Paper stacking,0,0.6296060211797286
16,A0 Paper stacking,1,0.7015597872633665
16,A0 Paper stacking,1,0.9361212409650101
16,A0 Paper stacking,0,0.1129517400906907
16,A0 Paper stacking,1,0.7219413271048156
16,A0 Paper stacking,0,0.08684011198367031
16,A0 Paper stacking,0,0.7043559790687125
16,A0 Paper stacking,0,0.28660716443308176
16,A0 Paper stacking,0,0.0783084629578779
16,A0 Paper stacking,0,0.11420967861851947
16,A0 Paper stacking,0,0.0627452308067458
16,A0 Paper stacking,0,0.7142607781231691
16,A0 Paper stacking,0,0.11095557611472838
16,A0 Paper stacking,1,0.42885259859159347
16,A0 Paper stacking,1,0.9217546587579861
16,A0 Paper stacking,0,0.08872445013038557
16,A0 Paper stacking,0,0.0956398359553073
16,A0 Paper stacking,0,0.8164220184802874
16,A0 Paper stacking,1,0.8569479656713455
16,A0 Paper stacking,1,0.5497516634000552
16,A0 Paper stacking,1,0.6957982178493854
16,A0 Paper stacking,1,0.9323912076168318
16,A0 Paper stacking,1,0.9286127517627812
16,A0 Paper stacking,1,0.8441697483612304
16,A0 Paper stacking,0,0.09585002094181716
16,A0 Paper stacking,1,0.8633517172214816
16,A0 Paper stacking,0,0.08247768816126443
16,A0 Paper stacking,0,0.0584313954831976
16,A0 Paper stacking,1,0.901471798749584
16,A0 Paper stacking,1,0.9091073238006722
16,A0 Paper stacking,0,0.4801484298274622
16,A0 Paper stacking,1,0.6424034801048485
16,A0 Paper stacking,1,0.7584576689276656
16,A0 Paper stacking,1,0.8599117518250274
16,A0 Paper stacking,1,0.7681574155983004
16,A0 Paper stacking,1,0.928643597322485
16,A0 Paper stacking,1,0.9294985941584688
16,A0 Paper stacking,0,0.06696724342981462
16,A0 Paper stacking,0,0.08563455365488919
16,A0 Paper stacking,1,0.9138281041828009
16,A0 Paper stacking,1,0.35668314802296947
16,A0 Paper stacking,1,0.8173191842432804
16,A0 Paper stacking,1,0.9337231246246985
16,A0 Paper stacking,1,0.8740201069319199
16,A0 Paper stacking,0,0.07411914472510929
16,A0 Paper stacking,1,0.8940963522215243
16,A0 Paper stacking,1,0.09361775205969186
16,A0 Paper stacking,0,0.079703951915
16,A0 Paper stacking,0,0.3420135372165794
16,A0 Paper stacking,0,0.6078736704752081
16,A0 Paper stacking,0,0.05334022776259913
16,A0 Paper stacking,1,0.2932992321236386
16,A0 Paper stacking,1,0.8784494534845849
16,A0 Paper stacking,1,0.8659518333889267
16,A0 Paper stacking,0,0.05479998286885004
16,A0 Paper stacking,1,0.9046088450055043
16,A1 +Typed prep,0,0.060680670850920285
16,A1 +Typed prep,1,0.7240992605949411
16,A1 +Typed prep,0,0.07570969537322432
16,A1 +Typed prep,0,0.6738186739437227
16,A1 +Typed prep,1,0.9303063674292312
16,A1 +Typed prep,0,0.8025198490508498
16,A1 +Typed prep,1,0.4442983601473855
16,A1 +Typed prep,1,0.930266948197889
16,A1 +Typed prep,0,0.115875318992422
16,A1 +Typed prep,1,0.7134977817397633
16,A1 +Typed prep,0,0.10402848247949534
16,A1 +Typed prep,0,0.5811745103788137
16,A1 +Typed prep,0,0.12590599806560906
16,A1 +Typed prep,0,0.07427799474461402
16,A1 +Typed prep,0,0.10765465836239896
16,A1 +Typed prep,0,0.06766874503796645
16,A1 +Typed prep,0,0.7035821123099608
16,A1 +Typed prep,0,0.09034787538573615
16,A1 +Typed prep,1,0.48340371709239094
16,A1 +Typed prep,1,0.8359102734834091
16,A1 +Typed prep,0,0.13274721231963943
16,A1 +Typed prep,0,0.08784992032398244
16,A1 +Typed prep,0,0.8281235850980312
16,A1 +Typed prep,1,0.8055867323658941
16,A1 +Typed prep,1,0.4369726858012375
16,A1 +Typed prep,1,0.9304005990728329
16,A1 +Typed prep,1,0.9306797784708157
16,A1 +Typed prep,1,0.875828095297586
16,A1 +Typed prep,1,0.8171619701183791
16,A1 +Typed prep,0,0.1160313843756065
16,A1 +Typed prep,1,0.8811971069562635
16,A1 +Typed prep,0,0.08146778036065469
16,A1 +Typed prep,0,0.06237581698556115
16,A1 +Typed prep,1,0.901456038973156
16,A1 +Typed prep,1,0.9033391874418456
16,A1 +Typed prep,0,0.33633643934955093
16,A1 +Typed prep,1,0.4778923509825898
16,A1 +Typed prep,1,0.7924809459368597
16,A1 +Typed prep,1,0.8744257337848232
16,A1 +Typed prep,1,0.8163798036878169
16,A1 +Typed prep,1,0.9284412003939012
16,A1 +Typed prep,1,0.9270090553306976
16,A1 +Typed prep,0,0.08165894900880684
16,A1 +Typed prep,0,0.08262761178346296
16,A1 +Typed prep,1,0.9098268336835326
16,A1 +Typed prep,1,0.18836809957066347
16,A1 +Typed prep,1,0.759708809723496
16,A1 +Typed prep,1,0.9308614476864426
16,A1 +Typed prep,1,0.8666165347681477
16,A1 +Typed prep,0,0.0882930868186078
16,A1 +Typed prep,1,0.9206047911941851
16,A1 +Typed prep,1,0.08111090328737343
16,A1 +Typed prep,0,0.08541253924601984
16,A1 +Typed prep,0,0.26482623004893846
16,A1 +Typed prep,0,0.5553494754629615
16,A1 +Typed prep,0,0.06166180946662123
16,A1 +Typed prep,1,0.29961793112368956
16,A1 +Typed prep,1,0.8787035021368432
16,A1 +Typed prep,1,0.747876023400221
16,A1 +Typed prep,0,0.0708290759462697
16,A1 +Typed prep,1,0.924289241415459
16,A2 +Tuned (6),0,0.060157077263786655
16,A2 +Tuned (6),1,0.6757005822159426
16,A2 +Tuned (6),0,0.07483362013194697
16,A2 +Tuned (6),0,0.7198330714859261
16,A2 +Tuned (6),1,0.9358902007252714
16,A2 +Tuned (6),0,0.7813482718878302
16,A2 +Tuned (6),1,0.515574240739987
16,A2 +Tuned (6),1,0.9396240078333258
16,A2 +Tuned (6),0,0.1122769586873083
16,A2 +Tuned (6),1,0.7391499502874983
16,A2 +Tuned (6),0,0.08921598933433073
16,A2 +Tuned (6),0,0.606465085183194
16,A2 +Tuned (6),0,0.13634558525025461
16,A2 +Tuned (6),0,0.06844862102082011
16,A2 +Tuned (6),0,0.10423968615511275
16,A2 +Tuned (6),0,0.05992364047602517
16,A2 +Tuned (6),0,0.7098499506042789
16,A2 +Tuned (6),0,0.09267625624403368
16,A2 +Tuned (6),1,0.502783327528908
16,A2 +Tuned (6),1,0.8670229425387802
16,A2 +Tuned (6),0,0.11213694960121551
16,A2 +Tuned (6),0,0.1061182051449989
16,A2 +Tuned (6),0,0.7436501454211617
16,A2 +Tuned (6),1,0.8838814777496223
16,A2 +Tuned (6),1,0.5445768851380749
16,A2 +Tuned (6),1,0.9361798518998968
16,A2 +Tuned (6),1,0.9332016875674348
16,A2 +Tuned (6),1,0.9326239866502689
16,A2 +Tuned (6),1,0.871593133426349
16,A2 +Tuned (6),0,0.06431431553074843
16,A2 +Tuned (6),1,0.8657420246696698
16,A2 +Tuned (6),0,0.05884591673029044
16,A2 +Tuned (6),0,0.05980088792033606
16,A2 +Tuned (6),1,0.9294072741549753
16,A2 +Tuned (6),1,0.9330686744819031
16,A2 +Tuned (6),0,0.24069783316075735
16,A2 +Tuned (6),1,0.5227622334752612
16,A2 +Tuned (6),1,0.8520710629030567
16,A2 +Tuned (6),1,0.8562816299313937
16,A2 +Tuned (6),1,0.7978403361706233
16,A2 +Tuned (6),1,0.9352582150534129
16,A2 +Tuned (6),1,0.9270654724603101
16,A2 +Tuned (6),0,0.06037957260883911
16,A2 +Tuned (6),0,0.11779328306556915
16,A2 +Tuned (6),1,0.9367167517980423
16,A2 +Tuned (6),1,0.18295317043291454
16,A2 +Tuned (6),1,0.8175608581540798
16,A2 +Tuned (6),1,0.9390005984072446
16,A2 +Tuned (6),1,0.7825341796815299
16,A2 +Tuned (6),0,0.07091211122413837
16,A2 +Tuned (6),1,0.9296645588396422
16,A2 +Tuned (6),1,0.07998546065265925
16,A2 +Tuned (6),0,0.06205049365222934
16,A2 +Tuned (6),0,0.36554939241957385
16,A2 +Tuned (6),0,0.4805073787128082
16,A2 +Tuned (6),0,0.05179944259640005
16,A2 +Tuned (6),1,0.2971503416712753
16,A2 +Tuned (6),1,0.8843969444415092
16,A2 +Tuned (6),1,0.8649887012260052
16,A2 +Tuned (6),0,0.0714587390004632
16,A2 +Tuned (6),1,0.913371219441141
16,A2b +Tuned+SVM (7),0,0.058512780337659935
16,A2b +Tuned+SVM (7),1,0.6803786227116121
16,A2b +Tuned+SVM (7),0,0.07542892911737095
16,A2b +Tuned+SVM (7),0,0.7083526277543917
16,A2b +Tuned+SVM (7),1,0.937053511263045
16,A2b +Tuned+SVM (7),0,0.7830797467395239
16,A2b +Tuned+SVM (7),1,0.514889525467594
16,A2b +Tuned+SVM (7),1,0.9408676142081006
16,A2b +Tuned+SVM (7),0,0.11162950646928756
16,A2b +Tuned+SVM (7),1,0.7518191648908269
16,A2b +Tuned+SVM (7),0,0.08480211721253304
16,A2b +Tuned+SVM (7),0,0.6036691083700678
16,A2b +Tuned+SVM (7),0,0.13179457743958672
16,A2b +Tuned+SVM (7),0,0.0661763635029924
16,A2b +Tuned+SVM (7),0,0.09811355719591965
16,A2b +Tuned+SVM (7),0,0.05716204689084183
16,A2b +Tuned+SVM (7),0,0.67726371703952
16,A2b +Tuned+SVM (7),0,0.09148686236966472
16,A2b +Tuned+SVM (7),1,0.5290928538937573
16,A2b +Tuned+SVM (7),1,0.8752794828452198
16,A2b +Tuned+SVM (7),0,0.11295384342865145
16,A2b +Tuned+SVM (7),0,0.10519849568460768
16,A2b +Tuned+SVM (7),0,0.7313045543851275
16,A2b +Tuned+SVM (7),1,0.888990050363214
16,A2b +Tuned+SVM (7),1,0.5607473283478782
16,A2b +Tuned+SVM (7),1,0.93745330080077
16,A2b +Tuned+SVM (7),1,0.9350118081367191
16,A2b +Tuned+SVM (7),1,0.9344045555364069
16,A2b +Tuned+SVM (7),1,0.8724817882972598
16,A2b +Tuned+SVM (7),0,0.06217725773380771
16,A2b +Tuned+SVM (7),1,0.8585500937019928
16,A2b +Tuned+SVM (7),0,0.057149408493921736
16,A2b +Tuned+SVM (7),0,0.05828079958947054
16,A2b +Tuned+SVM (7),1,0.9315981627384696
16,A2b +Tuned+SVM (7),1,0.9351779887832644
16,A2b +Tuned+SVM (7),0,0.2447429360365523
16,A2b +Tuned+SVM (7),1,0.5224102068699663
16,A2b +Tuned+SVM (7),1,0.8593157371261156
16,A2b +Tuned+SVM (7),1,0.8508871232011271
16,A2b +Tuned+SVM (7),1,0.7910760569583141
16,A2b +Tuned+SVM (7),1,0.9362228889948759
16,A2b +Tuned+SVM (7),1,0.9296010905642932
16,A2b +Tuned+SVM (7),0,0.05924675602985531
16,A2b +Tuned+SVM (7),0,0.11533210602586842
16,A2b +Tuned+SVM (7),1,0.9382397488375629
16,A2b +Tuned+SVM (7),1,0.1793044090490955
16,A2b +Tuned+SVM (7),1,0.8266353831836928
16,A2b +Tuned+SVM (7),1,0.9405654211857126
16,A2b +Tuned+SVM (7),1,0.78372168589098
16,A2b +Tuned+SVM (7),0,0.06891662096538687
16,A2b +Tuned+SVM (7),1,0.9282671192413615
16,A2b +Tuned+SVM (7),1,0.08161448084146451
16,A2b +Tuned+SVM (7),0,0.06012223326954173
16,A2b +Tuned+SVM (7),0,0.3576656710950801
16,A2b +Tuned+SVM (7),0,0.5007880344906542
16,A2b +Tuned+SVM (7),0,0.050079087711322655
16,A2b +Tuned+SVM (7),1,0.29602859712111573
16,A2b +Tuned+SVM (7),1,0.8884732670875998
16,A2b +Tuned+SVM (7),1,0.8663314466897343
16,A2b +Tuned+SVM (7),0,0.06892989342897232
16,A2b +Tuned+SVM (7),1,0.9182982865833365
16,A3 LF-DPS (proposed),0,0.07535574327947944
16,A3 LF-DPS (proposed),1,0.6814731435059057
16,A3 LF-DPS (proposed),0,0.08388610950847383
16,A3 LF-DPS (proposed),0,0.7229989729672935
16,A3 LF-DPS (proposed),1,0.9284616663653901
16,A3 LF-DPS (proposed),0,0.7816415889258258
16,A3 LF-DPS (proposed),1,0.5119610737251301
16,A3 LF-DPS (proposed),1,0.928692759453167
16,A3 LF-DPS (proposed),0,0.11842023865286354
16,A3 LF-DPS (proposed),1,0.710443269565662
16,A3 LF-DPS (proposed),0,0.09566503556162767
16,A3 LF-DPS (proposed),0,0.6336449281479611
16,A3 LF-DPS (proposed),0,0.12725149280473097
16,A3 LF-DPS (proposed),0,0.08140110226548097
16,A3 LF-DPS (proposed),0,0.11800010576663127
16,A3 LF-DPS (proposed),0,0.08044999306599038
16,A3 LF-DPS (proposed),0,0.7592539626291943
16,A3 LF-DPS (proposed),0,0.1012021263277157
16,A3 LF-DPS (proposed),1,0.4448123111018022
16,A3 LF-DPS (proposed),1,0.8659993558517317
16,A3 LF-DPS (proposed),0,0.11150224337059789
16,A3 LF-DPS (proposed),0,0.11875752750876242
16,A3 LF-DPS (proposed),0,0.7565516696476593
16,A3 LF-DPS (proposed),1,0.8803675438852488
16,A3 LF-DPS (proposed),1,0.5675296680309527
16,A3 LF-DPS (proposed),1,0.9300187437962512
16,A3 LF-DPS (proposed),1,0.9247299810241849
16,A3 LF-DPS (proposed),1,0.9267921972215597
16,A3 LF-DPS (proposed),1,0.86654483839174
16,A3 LF-DPS (proposed),0,0.07628187148180209
16,A3 LF-DPS (proposed),1,0.8625305486946792
16,A3 LF-DPS (proposed),0,0.07671337696631765
16,A3 LF-DPS (proposed),0,0.07563063796619775
16,A3 LF-DPS (proposed),1,0.921137216665836
16,A3 LF-DPS (proposed),1,0.9223567632303272
16,A3 LF-DPS (proposed),0,0.20218214439216087
16,A3 LF-DPS (proposed),1,0.5679121985670198
16,A3 LF-DPS (proposed),1,0.8233410663345616
16,A3 LF-DPS (proposed),1,0.8710942009327204
16,A3 LF-DPS (proposed),1,0.819813741317796
16,A3 LF-DPS (proposed),1,0.9293453593490879
16,A3 LF-DPS (proposed),1,0.9219272222834141
16,A3 LF-DPS (proposed),0,0.07210241607757256
16,A3 LF-DPS (proposed),0,0.11826771406458225
16,A3 LF-DPS (proposed),1,0.9286289763468396
16,A3 LF-DPS (proposed),1,0.16639312653130311
16,A3 LF-DPS (proposed),1,0.8111622382997984
16,A3 LF-DPS (proposed),1,0.9284148707708911
16,A3 LF-DPS (proposed),1,0.7932839164023047
16,A3 LF-DPS (proposed),0,0.0855972507764588
16,A3 LF-DPS (proposed),1,0.9214790520426401
16,A3 LF-DPS (proposed),1,0.09118275918385182
16,A3 LF-DPS (proposed),0,0.0729245655558594
16,A3 LF-DPS (proposed),0,0.35314934016317423
16,A3 LF-DPS (proposed),0,0.4640681400049586
16,A3 LF-DPS (proposed),0,0.0704535953369062
16,A3 LF-DPS (proposed),1,0.31774643183378554
16,A3 LF-DPS (proposed),1,0.8815906382197415
16,A3 LF-DPS (proposed),1,0.8618466694162559
16,A3 LF-DPS (proposed),0,0.0841509658611235
16,A3 LF-DPS (proposed),1,0.9032260897304408
16,Best single (tuned),0,0.06072869469541408
16,Best single (tuned),1,0.5479523465379926
16,Best single (tuned),0,0.08694203810424632
16,Best single (tuned),0,0.7315096374342634
16,Best single (tuned),1,0.9715905694689644
16,Best single (tuned),0,0.7350006040982321
16,Best single (tuned),1,0.32228207797916697
16,Best single (tuned),1,0.9764415007261906
16,Best single (tuned),0,0.1881512682879214
16,Best single (tuned),1,0.6806530233474279
16,Best single (tuned),0,0.17585966657132454
16,Best single (tuned),0,0.6018608441404446
16,Best single (tuned),0,0.28439351767205046
16,Best single (tuned),0,0.08912779122036091
16,Best single (tuned),0,0.2291489736289014
16,Best single (tuned),0,0.0966984003860681
16,Best single (tuned),0,0.748711741361647
16,Best single (tuned),0,0.22032272240565234
16,Best single (tuned),1,0.3412297363287811
16,Best single (tuned),1,0.8247019929219432
16,Best single (tuned),0,0.25167493270793906
16,Best single (tuned),0,0.2666382384731419
16,Best single (tuned),0,0.532429306894619
16,Best single (tuned),1,0.7490549249608374
16,Best single (tuned),1,0.5852276017573441
16,Best single (tuned),1,0.9802120169189328
16,Best single (tuned),1,0.9374034680444896
16,Best single (tuned),1,0.9647183449030087
16,Best single (tuned),1,0.7254566629326215
16,Best single (tuned),0,0.07587272446813212
16,Best single (tuned),1,0.7777658249386175
16,Best single (tuned),0,0.05827980037769489
16,Best single (tuned),0,0.06588311440412101
16,Best single (tuned),1,0.9196820395835981
16,Best single (tuned),1,0.9508728409322637
16,Best single (tuned),0,0.29222635595312024
16,Best single (tuned),1,0.5936326875453204
16,Best single (tuned),1,0.6465755740975061
16,Best single (tuned),1,0.7879685198725184
16,Best single (tuned),1,0.6462587387538568
16,Best single (tuned),1,0.985690560010118
16,Best single (tuned),1,0.9275607454121638
16,Best single (tuned),0,0.03547726943114929
16,Best single (tuned),0,0.17051256225947564
16,Best single (tuned),1,0.9794690792094752
16,Best single (tuned),1,0.36369645678313883
16,Best single (tuned),1,0.5678630680369582
16,Best single (tuned),1,0.963653064346126
16,Best single (tuned),1,0.6956073197977054
16,Best single (tuned),0,0.12284032549625837
16,Best single (tuned),1,0.9226021495803854
16,Best single (tuned),1,0.1534241982268091
16,Best single (tuned),0,0.040672780701776094
16,Best single (tuned),0,0.39325782803405324
16,Best single (tuned),0,0.4954598708350112
16,Best single (tuned),0,0.024379123336244084
16,Best single (tuned),1,0.4148092143434855
16,Best single (tuned),1,0.7995374359591236
16,Best single (tuned),1,0.6985069818953378
16,Best single (tuned),0,0.13155388034709098
16,Best single (tuned),1,0.8261792299936596
17,A0 Paper stacking,0,0.32452647506940835
17,A0 Paper stacking,0,0.1341389234622666
17,A0 Paper stacking,0,0.11311248534239238
17,A0 Paper stacking,0,0.39332906482314045
17,A0 Paper stacking,0,0.06731802153915681
17,A0 Paper stacking,1,0.884211945893069
17,A0 Paper stacking,0,0.06567207697913759
17,A0 Paper stacking,1,0.08820196400820526
17,A0 Paper stacking,1,0.9114165954680784
17,A0 Paper stacking,0,0.09957859297147062
17,A0 Paper stacking,1,0.9081346233184336
17,A0 Paper stacking,0,0.9209434344693505
17,A0 Paper stacking,1,0.7951247646392604
17,A0 Paper stacking,0,0.07303150516725154
17,A0 Paper stacking,1,0.8851841783383639
17,A0 Paper stacking,1,0.8764188032325764
17,A0 Paper stacking,0,0.21400550227131088
17,A0 Paper stacking,1,0.9005446075565202
17,A0 Paper stacking,1,0.8328936714026696
17,A0 Paper stacking,0,0.7365683626759814
17,A0 Paper stacking,0,0.07717324135327291
17,A0 Paper stacking,1,0.9196034779432849
17,A0 Paper stacking,1,0.70233623339752
17,A0 Paper stacking,0,0.0832906755731833
17,A0 Paper stacking,0,0.10633377345091709
17,A0 Paper stacking,1,0.11620451818356321
17,A0 Paper stacking,0,0.5330280785872759
17,A0 Paper stacking,0,0.06636945963705362
17,A0 Paper stacking,0,0.08960374685401387
17,A0 Paper stacking,0,0.1981532820686358
17,A0 Paper stacking,1,0.9243503579366764
17,A0 Paper stacking,1,0.8490591664072495
17,A0 Paper stacking,1,0.9213208207482361
17,A0 Paper stacking,1,0.48149571145232223
17,A0 Paper stacking,1,0.647989224969535
17,A0 Paper stacking,1,0.9219993980801653
17,A0 Paper stacking,0,0.8896483100832209
17,A0 Paper stacking,1,0.8149375590517363
17,A0 Paper stacking,1,0.7834698201324819
17,A0 Paper stacking,1,0.21882858289616525
17,A0 Paper stacking,1,0.922315628301299
17,A0 Paper stacking,1,0.9233232036846065
17,A0 Paper stacking,0,0.08801091486402696
17,A0 Paper stacking,0,0.06484510338908452
17,A0 Paper stacking,1,0.5986515463365961
17,A0 Paper stacking,0,0.10856997339217045
17,A0 Paper stacking,0,0.8622895938020688
17,A0 Paper stacking,1,0.3849906177899151
17,A0 Paper stacking,1,0.6936175936602768
17,A0 Paper stacking,1,0.9183045003029203
17,A0 Paper stacking,1,0.9120291496359185
17,A0 Paper stacking,0,0.5712609207465351
17,A0 Paper stacking,0,0.08515978323861731
17,A0 Paper stacking,1,0.9205100174485564
17,A0 Paper stacking,1,0.9167390255933686
17,A0 Paper stacking,1,0.9011916350428467
17,A0 Paper stacking,0,0.09999398051231535
17,A0 Paper stacking,1,0.8866903881632132
17,A0 Paper stacking,0,0.2137405636610246
17,A0 Paper stacking,0,0.6822036562948702
17,A1 +Typed prep,0,0.197075201570236
17,A1 +Typed prep,0,0.19344919837503846
17,A1 +Typed prep,0,0.068822291236437
17,A1 +Typed prep,0,0.3045026537196457
17,A1 +Typed prep,0,0.05501083627931605
17,A1 +Typed prep,1,0.8943336612126824
17,A1 +Typed prep,0,0.06889231366482865
17,A1 +Typed prep,1,0.24458878274467358
17,A1 +Typed prep,1,0.9140962466375627
17,A1 +Typed prep,0,0.09923597439286554
17,A1 +Typed prep,1,0.9067823686187099
17,A1 +Typed prep,0,0.9146009684887785
17,A1 +Typed prep,1,0.925977096703913
17,A1 +Typed prep,0,0.07535525157931804
17,A1 +Typed prep,1,0.8803115226793105
17,A1 +Typed prep,1,0.904334532783627
17,A1 +Typed prep,0,0.2891748576477124
17,A1 +Typed prep,1,0.845215741028661
17,A1 +Typed prep,1,0.836881841935371
17,A1 +Typed prep,0,0.6478469806977828
17,A1 +Typed prep,0,0.08418120462340664
17,A1 +Typed prep,1,0.875341702876158
17,A1 +Typed prep,1,0.6660055608666079
17,A1 +Typed prep,0,0.08667166608889673
17,A1 +Typed prep,0,0.13425123632621788
17,A1 +Typed prep,1,0.1324453267753279
17,A1 +Typed prep,0,0.483561348533555
17,A1 +Typed prep,0,0.07154551485908398
17,A1 +Typed prep,0,0.06315996898476771
17,A1 +Typed prep,0,0.1607458356250916
17,A1 +Typed prep,1,0.9192359658229386
17,A1 +Typed prep,1,0.8359402879516172
17,A1 +Typed prep,1,0.9096206924365874
17,A1 +Typed prep,1,0.6328107958808037
17,A1 +Typed prep,1,0.4866933917197214
17,A1 +Typed prep,1,0.9337255763310078
17,A1 +Typed prep,0,0.8782249595807181
17,A1 +Typed prep,1,0.7594839353622779
17,A1 +Typed prep,1,0.6613781152545422
17,A1 +Typed prep,1,0.34658977767123034
17,A1 +Typed prep,1,0.9179824235116374
17,A1 +Typed prep,1,0.9071909425201554
17,A1 +Typed prep,0,0.08045325742768927
17,A1 +Typed prep,0,0.06702309558580932
17,A1 +Typed prep,1,0.7688352367095737
17,A1 +Typed prep,0,0.062236265026270325
17,A1 +Typed prep,0,0.7801395724817808
17,A1 +Typed prep,1,0.35726076044158855
17,A1 +Typed prep,1,0.8358661832159824
17,A1 +Typed prep,1,0.8927357390584728
17,A1 +Typed prep,1,0.9122722588955721
17,A1 +Typed prep,0,0.560050486635743
17,A1 +Typed prep,0,0.079557355337502
17,A1 +Typed prep,1,0.9204797762722691
17,A1 +Typed prep,1,0.9132188406176575
17,A1 +Typed prep,1,0.9111885053241708
17,A1 +Typed prep,0,0.08258403842144639
17,A1 +Typed prep,1,0.8915124990204114
17,A1 +Typed prep,0,0.15672142356783417
17,A1 +Typed prep,0,0.7148750394694214
17,A2 +Tuned (6),0,0.1905575857302818
17,A2 +Tuned (6),0,0.12844777967070908
17,A2 +Tuned (6),0,0.0704775747442965
17,A2 +Tuned (6),0,0.32331196516027505
17,A2 +Tuned (6),0,0.06143611976229456
17,A2 +Tuned (6),1,0.9009129821555791
17,A2 +Tuned (6),0,0.057368348464963345
17,A2 +Tuned (6),1,0.1655102813497067
17,A2 +Tuned (6),1,0.9184502388996936
17,A2 +Tuned (6),0,0.08626682263804139
17,A2 +Tuned (6),1,0.9258173599441047
17,A2 +Tuned (6),0,0.9257079780165778
17,A2 +Tuned (6),1,0.9301861041508611
17,A2 +Tuned (6),0,0.06178648047357413
17,A2 +Tuned (6),1,0.9103702126785325
17,A2 +Tuned (6),1,0.9026437685514922
17,A2 +Tuned (6),0,0.2088333237862583
17,A2 +Tuned (6),1,0.8889743683225796
17,A2 +Tuned (6),1,0.8949820515180411
17,A2 +Tuned (6),0,0.6046927772635367
17,A2 +Tuned (6),0,0.07658110824367724
17,A2 +Tuned (6),1,0.9095126408291084
17,A2 +Tuned (6),1,0.6601204524067572
17,A2 +Tuned (6),0,0.06527150500423712
17,A2 +Tuned (6),0,0.12394007465026709
17,A2 +Tuned (6),1,0.1433275703228218
17,A2 +Tuned (6),0,0.22180698920223976
17,A2 +Tuned (6),0,0.06692832539628121
17,A2 +Tuned (6),0,0.06578384595086935
17,A2 +Tuned (6),0,0.14983654796969328
17,A2 +Tuned (6),1,0.9365395517501859
17,A2 +Tuned (6),1,0.8589802924979081
17,A2 +Tuned (6),1,0.929894901798704
17,A2 +Tuned (6),1,0.5961467823618251
17,A2 +Tuned (6),1,0.6332250868512328
17,A2 +Tuned (6),1,0.8873079395866695
17,A2 +Tuned (6),0,0.86512051259706
17,A2 +Tuned (6),1,0.7785834293991273
17,A2 +Tuned (6),1,0.7097356748096146
17,A2 +Tuned (6),1,0.43640259693672717
17,A2 +Tuned (6),1,0.9308513530317072
17,A2 +Tuned (6),1,0.9253251622133406
17,A2 +Tuned (6),0,0.06318103431747993
17,A2 +Tuned (6),0,0.05676377375153324
17,A2 +Tuned (6),1,0.852417752856425
17,A2 +Tuned (6),0,0.08956268695083495
17,A2 +Tuned (6),0,0.8410836596041976
17,A2 +Tuned (6),1,0.24121144746233616
17,A2 +Tuned (6),1,0.8778220984587118
17,A2 +Tuned (6),1,0.9104083908173324
17,A2 +Tuned (6),1,0.9268177460787439
17,A2 +Tuned (6),0,0.7411209229151152
17,A2 +Tuned (6),0,0.06650459584127423
17,A2 +Tuned (6),1,0.9267805451756469
17,A2 +Tuned (6),1,0.9299226890905066
17,A2 +Tuned (6),1,0.9125270314597004
17,A2 +Tuned (6),0,0.06872076094114114
17,A2 +Tuned (6),1,0.8819078587581423
17,A2 +Tuned (6),0,0.17932996582356225
17,A2 +Tuned (6),0,0.8440523186316118
17,A2b +Tuned+SVM (7),0,0.1856616009775817
17,A2b +Tuned+SVM (7),0,0.10786360299859855
17,A2b +Tuned+SVM (7),0,0.06581525203858636
17,A2b +Tuned+SVM (7),0,0.33351412492204974
17,A2b +Tuned+SVM (7),0,0.05787265414507527
17,A2b +Tuned+SVM (7),1,0.8962323765545114
17,A2b +Tuned+SVM (7),0,0.05535698904775492
17,A2b +Tuned+SVM (7),1,0.14968474839420137
17,A2b +Tuned+SVM (7),1,0.9197656353477094
17,A2b +Tuned+SVM (7),0,0.08135788741812354
17,A2b +Tuned+SVM (7),1,0.9278352325101048
17,A2b +Tuned+SVM (7),0,0.9267776406733825
17,A2b +Tuned+SVM (7),1,0.9315248189738888
17,A2b +Tuned+SVM (7),0,0.05844079374208651
17,A2b +Tuned+SVM (7),1,0.9116809766529652
17,A2b +Tuned+SVM (7),1,0.9056795792800132
17,A2b +Tuned+SVM (7),0,0.21625717824722127
17,A2b +Tuned+SVM (7),1,0.8958959712724277
17,A2b +Tuned+SVM (7),1,0.9020682537578197
17,A2b +Tuned+SVM (7),0,0.5815303712199158
17,A2b +Tuned+SVM (7),0,0.07145109250608768
17,A2b +Tuned+SVM (7),1,0.9136313668440244
17,A2b +Tuned+SVM (7),1,0.6606568856002758
17,A2b +Tuned+SVM (7),0,0.061887295083539184
17,A2b +Tuned+SVM (7),0,0.11927490328649523
17,A2b +Tuned+SVM (7),1,0.13514863874862496
17,A2b +Tuned+SVM (7),0,0.22479170216675148
17,A2b +Tuned+SVM (7),0,0.06365410103311098
17,A2b +Tuned+SVM (7),0,0.06275819376437058
17,A2b +Tuned+SVM (7),0,0.15136842933385847
17,A2b +Tuned+SVM (7),1,0.937376596042853
17,A2b +Tuned+SVM (7),1,0.8621138097252646
17,A2b +Tuned+SVM (7),1,0.9315561846515173
17,A2b +Tuned+SVM (7),1,0.6005470714806294
17,A2b +Tuned+SVM (7),1,0.6498614263043255
17,A2b +Tuned+SVM (7),1,0.8969207867819957
17,A2b +Tuned+SVM (7),0,0.875994093918044
17,A2b +Tuned+SVM (7),1,0.7815054565230762
17,A2b +Tuned+SVM (7),1,0.7294610424187694
17,A2b +Tuned+SVM (7),1,0.4697312096448647
17,A2b +Tuned+SVM (7),1,0.932117091351687
17,A2b +Tuned+SVM (7),1,0.9281022126498081
17,A2b +Tuned+SVM (7),0,0.058309232952997794
17,A2b +Tuned+SVM (7),0,0.05477157613201285
17,A2b +Tuned+SVM (7),1,0.8622256403282291
17,A2b +Tuned+SVM (7),0,0.08271394101357377
17,A2b +Tuned+SVM (7),0,0.8493797002776412
17,A2b +Tuned+SVM (7),1,0.25735638423442614
17,A2b +Tuned+SVM (7),1,0.8881515131843987
17,A2b +Tuned+SVM (7),1,0.9153099632637611
17,A2b +Tuned+SVM (7),1,0.9279867594370119
17,A2b +Tuned+SVM (7),0,0.7525528711094662
17,A2b +Tuned+SVM (7),0,0.06431678015967994
17,A2b +Tuned+SVM (7),1,0.9270185941259276
17,A2b +Tuned+SVM (7),1,0.9316563341046817
17,A2b +Tuned+SVM (7),1,0.9177898897372724
17,A2b +Tuned+SVM (7),0,0.06639479755203229
17,A2b +Tuned+SVM (7),1,0.8822352224238781
17,A2b +Tuned+SVM (7),0,0.18097059360498916
17,A2b +Tuned+SVM (7),0,0.8559443121452304
17,A3 LF-DPS (proposed),0,0.21254198288499443
17,A3 LF-DPS (proposed),0,0.11876552015789121
17,A3 LF-DPS (proposed),0,0.0614895165064245
17,A3 LF-DPS (proposed),0,0.39466208807966746
17,A3 LF-DPS (proposed),0,0.06105873509836311
17,A3 LF-DPS (proposed),1,0.8788459078082385
17,A3 LF-DPS (proposed),0,0.06092188033178579
17,A3 LF-DPS (proposed),1,0.2178867013298175
17,A3 LF-DPS (proposed),1,0.8966446546440853
17,A3 LF-DPS (proposed),0,0.0986703399273594
17,A3 LF-DPS (proposed),1,0.9021244971285245
17,A3 LF-DPS (proposed),0,0.9141424507651045
17,A3 LF-DPS (proposed),1,0.9075444826239079
17,A3 LF-DPS (proposed),0,0.06115275609300114
17,A3 LF-DPS (proposed),1,0.8895029889249775
17,A3 LF-DPS (proposed),1,0.8900554059638733
17,A3 LF-DPS (proposed),0,0.3175671978944104
17,A3 LF-DPS (proposed),1,0.8526135394184585
17,A3 LF-DPS (proposed),1,0.8771783383401318
17,A3 LF-DPS (proposed),0,0.6117564004355894
17,A3 LF-DPS (proposed),0,0.0755406653995556
17,A3 LF-DPS (proposed),1,0.8769535329431785
17,A3 LF-DPS (proposed),1,0.7703335828405027
17,A3 LF-DPS (proposed),0,0.07253782543112446
17,A3 LF-DPS (proposed),0,0.12330871595892295
17,A3 LF-DPS (proposed),1,0.15166567928951172
17,A3 LF-DPS (proposed),0,0.26801784026492764
17,A3 LF-DPS (proposed),0,0.07332457438743012
17,A3 LF-DPS (proposed),0,0.06314983160947818
17,A3 LF-DPS (proposed),0,0.19893600640912557
17,A3 LF-DPS (proposed),1,0.920335902363024
17,A3 LF-DPS (proposed),1,0.8134797431959971
17,A3 LF-DPS (proposed),1,0.9139367752188703
17,A3 LF-DPS (proposed),1,0.5277565201905604
17,A3 LF-DPS (proposed),1,0.5467266186336921
17,A3 LF-DPS (proposed),1,0.852969997569581
17,A3 LF-DPS (proposed),0,0.8650399737857646
17,A3 LF-DPS (proposed),1,0.7521766762274574
17,A3 LF-DPS (proposed),1,0.6609096932580684
17,A3 LF-DPS (proposed),1,0.43278998565087745
17,A3 LF-DPS (proposed),1,0.9180057827611425
17,A3 LF-DPS (proposed),1,0.8983683811872004
17,A3 LF-DPS (proposed),0,0.06113697725668255
17,A3 LF-DPS (proposed),0,0.060572109304905815
17,A3 LF-DPS (proposed),1,0.8541001052102716
17,A3 LF-DPS (proposed),0,0.09002622981179353
17,A3 LF-DPS (proposed),0,0.787887578863371
17,A3 LF-DPS (proposed),1,0.3429551745898358
17,A3 LF-DPS (proposed),1,0.8777825269191493
17,A3 LF-DPS (proposed),1,0.8831333463321881
17,A3 LF-DPS (proposed),1,0.9151631177094254
17,A3 LF-DPS (proposed),0,0.6878632261088027
17,A3 LF-DPS (proposed),0,0.06601954328693077
17,A3 LF-DPS (proposed),1,0.9120218922031668
17,A3 LF-DPS (proposed),1,0.9030178571514975
17,A3 LF-DPS (proposed),1,0.8999126289645136
17,A3 LF-DPS (proposed),0,0.06703572638710573
17,A3 LF-DPS (proposed),1,0.8330104964239508
17,A3 LF-DPS (proposed),0,0.24180392572702414
17,A3 LF-DPS (proposed),0,0.8232876836803351
17,Best single (tuned),0,0.22624832185873614
17,Best single (tuned),0,0.048618065453180634
17,Best single (tuned),0,0.012961095052437378
17,Best single (tuned),0,0.4196479141850756
17,Best single (tuned),0,0.010084482365758186
17,Best single (tuned),1,0.8026799696703497
17,Best single (tuned),0,0.009166640480424615
17,Best single (tuned),1,0.15827945289412224
17,Best single (tuned),1,0.9426298225123673
17,Best single (tuned),0,0.04328895277913376
17,Best single (tuned),1,0.9770353036026846
17,Best single (tuned),0,0.9500766402255978
17,Best single (tuned),1,0.9767415571884969
17,Best single (tuned),0,0.010713937623463933
17,Best single (tuned),1,0.9209992813078328
17,Best single (tuned),1,0.9247385691788522
17,Best single (tuned),0,0.3528996047711992
17,Best single (tuned),1,0.873053570605043
17,Best single (tuned),1,0.8797420026110138
17,Best single (tuned),0,0.4883668184229172
17,Best single (tuned),0,0.0179559325664626
17,Best single (tuned),1,0.9709386308306459
17,Best single (tuned),1,0.6260527209120051
17,Best single (tuned),0,0.004434452730605187
17,Best single (tuned),0,0.1598177818486654
17,Best single (tuned),1,0.17425369097889357
17,Best single (tuned),0,0.3335869801415081
17,Best single (tuned),0,0.014347175148619955
17,Best single (tuned),0,0.023874827691988447
17,Best single (tuned),0,0.2626405905175217
17,Best single (tuned),1,0.9814275526085547
17,Best single (tuned),1,0.7727454170139566
17,Best single (tuned),1,0.9490711956351602
17,Best single (tuned),1,0.5849132670006036
17,Best single (tuned),1,0.6318830149454844
17,Best single (tuned),1,0.9718240243696101
17,Best single (tuned),0,0.9138079976116824
17,Best single (tuned),1,0.7121350444496695
17,Best single (tuned),1,0.7448908496106552
17,Best single (tuned),1,0.6264587310096185
17,Best single (tuned),1,0.9693805151289657
17,Best single (tuned),1,0.9716691104601154
17,Best single (tuned),0,0.01060836408969991
17,Best single (tuned),0,0.00681204535421389
17,Best single (tuned),1,0.8115768455760161
17,Best single (tuned),0,0.0293872188084461
17,Best single (tuned),0,0.7963403096544163
17,Best single (tuned),1,0.45526886229539376
17,Best single (tuned),1,0.9335535474012014
17,Best single (tuned),1,0.964638730273584
17,Best single (tuned),1,0.9550986995895694
17,Best single (tuned),0,0.6909619655346093
17,Best single (tuned),0,0.042122596731705444
17,Best single (tuned),1,0.9398132722399459
17,Best single (tuned),1,0.9870837080484994
17,Best single (tuned),1,0.9640371363143228
17,Best single (tuned),0,0.04840773703143987
17,Best single (tuned),1,0.8140542005451255
17,Best single (tuned),0,0.2937374683058918
17,Best single (tuned),0,0.8885866085142254
18,A0 Paper stacking,0,0.1129713002835042
18,A0 Paper stacking,1,0.9138831349780345
18,A0 Paper stacking,1,0.8929356984203097
18,A0 Paper stacking,0,0.401242319660956
18,A0 Paper stacking,0,0.11573856277794264
18,A0 Paper stacking,0,0.6012186936889183
18,A0 Paper stacking,1,0.8921635426656733
18,A0 Paper stacking,0,0.1335554565000451
18,A0 Paper stacking,0,0.18997146978261975
18,A0 Paper stacking,1,0.9105785526603534
18,A0 Paper stacking,0,0.10886020363533638
18,A0 Paper stacking,0,0.7800522790924016
18,A0 Paper stacking,1,0.7580836226145132
18,A0 Paper stacking,1,0.9181136183930235
18,A0 Paper stacking,0,0.08248574751284746
18,A0 Paper stacking,0,0.09364423529810574
18,A0 Paper stacking,1,0.910812827578771
18,A0 Paper stacking,0,0.5058039991536741
18,A0 Paper stacking,1,0.8455525053145753
18,A0 Paper stacking,0,0.3560970905419199
18,A0 Paper stacking,1,0.8897802212724077
18,A0 Paper stacking,1,0.8575874947128668
18,A0 Paper stacking,1,0.9116630233761719
18,A0 Paper stacking,1,0.74599990361309
18,A0 Paper stacking,0,0.08718048237256684
18,A0 Paper stacking,0,0.7354632448176677
18,A0 Paper stacking,1,0.9135722366290309
18,A0 Paper stacking,0,0.6290433181763726
18,A0 Paper stacking,1,0.778696844318705
18,A0 Paper stacking,0,0.17693556900051108
18,A0 Paper stacking,1,0.6991736590026553
18,A0 Paper stacking,0,0.08003710472693211
18,A0 Paper stacking,1,0.8478066162317716
18,A0 Paper stacking,1,0.8988013453660215
18,A0 Paper stacking,0,0.08222737600856452
18,A0 Paper stacking,1,0.8978000158778863
18,A0 Paper stacking,1,0.8969870574482411
18,A0 Paper stacking,0,0.07643488718237829
18,A0 Paper stacking,1,0.9047917016081544
18,A0 Paper stacking,1,0.7670616576763837
18,A0 Paper stacking,1,0.8229290529707586
18,A0 Paper stacking,1,0.8904296920761379
18,A0 Paper stacking,1,0.9054924521147916
18,A0 Paper stacking,0,0.07469389803262722
18,A0 Paper stacking,0,0.12161928083916917
18,A0 Paper stacking,1,0.8454194880897626
18,A0 Paper stacking,1,0.8070605073828302
18,A0 Paper stacking,0,0.30435925052534035
18,A0 Paper stacking,0,0.4869862314102872
18,A0 Paper stacking,1,0.1704451290923353
18,A0 Paper stacking,0,0.09444300152660322
18,A0 Paper stacking,1,0.44767520994323895
18,A0 Paper stacking,1,0.8531965258679037
18,A0 Paper stacking,0,0.10116774073829901
18,A0 Paper stacking,1,0.8195485213020078
18,A0 Paper stacking,1,0.9046258381017575
18,A0 Paper stacking,1,0.9110003457356364
18,A0 Paper stacking,0,0.2822872955560202
18,A0 Paper stacking,1,0.589153995997143
18,A0 Paper stacking,0,0.8947083230616122
18,A1 +Typed prep,0,0.1337177992820282
18,A1 +Typed prep,1,0.9129747401288353
18,A1 +Typed prep,1,0.9071782146614353
18,A1 +Typed prep,0,0.48596147412780066
18,A1 +Typed prep,0,0.12881698933682725
18,A1 +Typed prep,0,0.42207652284229824
18,A1 +Typed prep,1,0.8991329794210896
18,A1 +Typed prep,0,0.08863769807780143
18,A1 +Typed prep,0,0.17972138180074868
18,A1 +Typed prep,1,0.8983078989743067
18,A1 +Typed prep,0,0.11893311108231329
18,A1 +Typed prep,0,0.630750526315267
18,A1 +Typed prep,1,0.903578487494798
18,A1 +Typed prep,1,0.9168874410137132
18,A1 +Typed prep,0,0.0845707458633327
18,A1 +Typed prep,0,0.10532263781283716
18,A1 +Typed prep,1,0.9057674528137494
18,A1 +Typed prep,0,0.6028958902725245
18,A1 +Typed prep,1,0.8666894541102781
18,A1 +Typed prep,0,0.21374855906505744
18,A1 +Typed prep,1,0.8004430911352787
18,A1 +Typed prep,1,0.6036608869253428
18,A1 +Typed prep,1,0.8928222078890897
18,A1 +Typed prep,1,0.8014317937779395
18,A1 +Typed prep,0,0.0852070122372418
18,A1 +Typed prep,0,0.7597756816603187
18,A1 +Typed prep,1,0.912404021569894
18,A1 +Typed prep,0,0.4872289486920459
18,A1 +Typed prep,1,0.7401161757715217
18,A1 +Typed prep,0,0.2695611590373109
18,A1 +Typed prep,1,0.8436001812559988
18,A1 +Typed prep,0,0.10386815703415853
18,A1 +Typed prep,1,0.863425026842153
18,A1 +Typed prep,1,0.9011600422143163
18,A1 +Typed prep,0,0.07623547445665785
18,A1 +Typed prep,1,0.9080182615644825
18,A1 +Typed prep,1,0.8932045838407578
18,A1 +Typed prep,0,0.06824733482615278
18,A1 +Typed prep,1,0.9027096313167453
18,A1 +Typed prep,1,0.7714985287341193
18,A1 +Typed prep,1,0.8037135424507774
18,A1 +Typed prep,1,0.8629031342606543
18,A1 +Typed prep,1,0.8924603750163417
18,A1 +Typed prep,0,0.06655767763536125
18,A1 +Typed prep,0,0.17736856905882717
18,A1 +Typed prep,1,0.770253975828974
18,A1 +Typed prep,1,0.9035023954246457
18,A1 +Typed prep,0,0.30022180662363823
18,A1 +Typed prep,0,0.4519397361354119
18,A1 +Typed prep,1,0.2083957824854911
18,A1 +Typed prep,0,0.09042606335601203
18,A1 +Typed prep,1,0.7039119772342322
18,A1 +Typed prep,1,0.7656382046808258
18,A1 +Typed prep,0,0.07528869994371075
18,A1 +Typed prep,1,0.796688333400544
18,A1 +Typed prep,1,0.9077880050344546
18,A1 +Typed prep,1,0.9014264581479597
18,A1 +Typed prep,0,0.17316210721021943
18,A1 +Typed prep,1,0.6858602457583309
18,A1 +Typed prep,0,0.9267145559538524
18,A2 +Tuned (6),0,0.09531339649104864
18,A2 +Tuned (6),1,0.9368036886132026
18,A2 +Tuned (6),1,0.9287668157325268
18,A2 +Tuned (6),0,0.3797427035566216
18,A2 +Tuned (6),0,0.27544000645590205
18,A2 +Tuned (6),0,0.48695029367080644
18,A2 +Tuned (6),1,0.915889738745605
18,A2 +Tuned (6),0,0.08342556804599928
18,A2 +Tuned (6),0,0.14083691809195953
18,A2 +Tuned (6),1,0.9277962639326818
18,A2 +Tuned (6),0,0.1035322369713826
18,A2 +Tuned (6),0,0.6593961543523593
18,A2 +Tuned (6),1,0.8519068714719746
18,A2 +Tuned (6),1,0.9391339419806634
18,A2 +Tuned (6),0,0.05240832530168956
18,A2 +Tuned (6),0,0.07232915685911331
18,A2 +Tuned (6),1,0.9288502419456034
18,A2 +Tuned (6),0,0.7765917553893734
18,A2 +Tuned (6),1,0.8569314339015837
18,A2 +Tuned (6),0,0.18083905364895153
18,A2 +Tuned (6),1,0.7599526932140954
18,A2 +Tuned (6),1,0.7640713551229695
18,A2 +Tuned (6),1,0.9164998040015856
18,A2 +Tuned (6),1,0.8595921296980891
18,A2 +Tuned (6),0,0.05098698158400466
18,A2 +Tuned (6),0,0.825289878601022
18,A2 +Tuned (6),1,0.925630924456047
18,A2 +Tuned (6),0,0.7134588205891126
18,A2 +Tuned (6),1,0.6019786328292229
18,A2 +Tuned (6),0,0.20476995430168984
18,A2 +Tuned (6),1,0.7939650691119069
18,A2 +Tuned (6),0,0.06681196067424675
18,A2 +Tuned (6),1,0.9129183344873252
18,A2 +Tuned (6),1,0.9166398858407445
18,A2 +Tuned (6),0,0.05244307641401979
18,A2 +Tuned (6),1,0.8715670236993833
18,A2 +Tuned (6),1,0.9173926419451156
18,A2 +Tuned (6),0,0.05051005699195663
18,A2 +Tuned (6),1,0.9081569847242154
18,A2 +Tuned (6),1,0.8455921687536863
18,A2 +Tuned (6),1,0.8362382135513734
18,A2 +Tuned (6),1,0.9100553194238408
18,A2 +Tuned (6),1,0.9204282673382214
18,A2 +Tuned (6),0,0.04473190046901845
18,A2 +Tuned (6),0,0.11449732553696827
18,A2 +Tuned (6),1,0.8499009664149763
18,A2 +Tuned (6),1,0.9192085904724259
18,A2 +Tuned (6),0,0.22016166492242478
18,A2 +Tuned (6),0,0.2735231675820824
18,A2 +Tuned (6),1,0.13201063221350184
18,A2 +Tuned (6),0,0.063262823642064
18,A2 +Tuned (6),1,0.4236088344536096
18,A2 +Tuned (6),1,0.8014642776170398
18,A2 +Tuned (6),0,0.05433864176495111
18,A2 +Tuned (6),1,0.8733708161913187
18,A2 +Tuned (6),1,0.8986476232629913
18,A2 +Tuned (6),1,0.9009920680745563
18,A2 +Tuned (6),0,0.19258505153447
18,A2 +Tuned (6),1,0.7531005045164916
18,A2 +Tuned (6),0,0.8933618007090762
18,A2b +Tuned+SVM (7),0,0.08893974658742261
18,A2b +Tuned+SVM (7),1,0.9389824119937257
18,A2b +Tuned+SVM (7),1,0.9337173970704633
18,A2b +Tuned+SVM (7),0,0.37061439783073596
18,A2b +Tuned+SVM (7),0,0.23433708689973817
18,A2b +Tuned+SVM (7),0,0.46691608597579315
18,A2b +Tuned+SVM (7),1,0.9203393960606631
18,A2b +Tuned+SVM (7),0,0.08349131592348003
18,A2b +Tuned+SVM (7),0,0.12061044274279463
18,A2b +Tuned+SVM (7),1,0.9315680553491171
18,A2b +Tuned+SVM (7),0,0.09812682482516509
18,A2b +Tuned+SVM (7),0,0.6565939782184658
18,A2b +Tuned+SVM (7),1,0.8588044650551314
18,A2b +Tuned+SVM (7),1,0.9409759895766754
18,A2b +Tuned+SVM (7),0,0.05038353144840384
18,A2b +Tuned+SVM (7),0,0.06823233315597102
18,A2b +Tuned+SVM (7),1,0.9318558392783338
18,A2b +Tuned+SVM (7),0,0.7776582311142284
18,A2b +Tuned+SVM (7),1,0.8709134382740736
18,A2b +Tuned+SVM (7),0,0.19108722257331573
18,A2b +Tuned+SVM (7),1,0.7957707602680157
18,A2b +Tuned+SVM (7),1,0.788019672934544
18,A2b +Tuned+SVM (7),1,0.9235757998841775
18,A2b +Tuned+SVM (7),1,0.8673786855656836
18,A2b +Tuned+SVM (7),0,0.049864889067767246
18,A2b +Tuned+SVM (7),0,0.8283845866768781
18,A2b +Tuned+SVM (7),1,0.9283598372904109
18,A2b +Tuned+SVM (7),0,0.7328135704113524
18,A2b +Tuned+SVM (7),1,0.6155555295271906
18,A2b +Tuned+SVM (7),0,0.20987588688449363
18,A2b +Tuned+SVM (7),1,0.7900647224549977
18,A2b +Tuned+SVM (7),0,0.06479043687694212
18,A2b +Tuned+SVM (7),1,0.9201043063637384
18,A2b +Tuned+SVM (7),1,0.9206680623662864
18,A2b +Tuned+SVM (7),0,0.05203051351820786
18,A2b +Tuned+SVM (7),1,0.8713427768665336
18,A2b +Tuned+SVM (7),1,0.9236738689573434
18,A2b +Tuned+SVM (7),0,0.0500800756351636
18,A2b +Tuned+SVM (7),1,0.9135572764101922
18,A2b +Tuned+SVM (7),1,0.8531566971767833
18,A2b +Tuned+SVM (7),1,0.8480269940648861
18,A2b +Tuned+SVM (7),1,0.9145787090490125
18,A2b +Tuned+SVM (7),1,0.9222970162411094
18,A2b +Tuned+SVM (7),0,0.04466407944020113
18,A2b +Tuned+SVM (7),0,0.1050061656483358
18,A2b +Tuned+SVM (7),1,0.8553525859624416
18,A2b +Tuned+SVM (7),1,0.9188692547880445
18,A2b +Tuned+SVM (7),0,0.22348762719305432
18,A2b +Tuned+SVM (7),0,0.23613898724385024
18,A2b +Tuned+SVM (7),1,0.12912445436755465
18,A2b +Tuned+SVM (7),0,0.06270864450261784
18,A2b +Tuned+SVM (7),1,0.45357625395621276
18,A2b +Tuned+SVM (7),1,0.7633484017809175
18,A2b +Tuned+SVM (7),0,0.052230738055955656
18,A2b +Tuned+SVM (7),1,0.8648970149938664
18,A2b +Tuned+SVM (7),1,0.9075222588923142
18,A2b +Tuned+SVM (7),1,0.9046921640021711
18,A2b +Tuned+SVM (7),0,0.18943980732050852
18,A2b +Tuned+SVM (7),1,0.744450755277135
18,A2b +Tuned+SVM (7),0,0.9020386418902746
18,A3 LF-DPS (proposed),0,0.13424776473380137
18,A3 LF-DPS (proposed),1,0.9179648945096572
18,A3 LF-DPS (proposed),1,0.9096163161848225
18,A3 LF-DPS (proposed),0,0.32221354707182476
18,A3 LF-DPS (proposed),0,0.16328108438418423
18,A3 LF-DPS (proposed),0,0.4216108286728339
18,A3 LF-DPS (proposed),1,0.8896489777482594
18,A3 LF-DPS (proposed),0,0.12725835924495024
18,A3 LF-DPS (proposed),0,0.13858621611259236
18,A3 LF-DPS (proposed),1,0.9008487405153242
18,A3 LF-DPS (proposed),0,0.13426060434595594
18,A3 LF-DPS (proposed),0,0.5491510358235168
18,A3 LF-DPS (proposed),1,0.8457897905433645
18,A3 LF-DPS (proposed),1,0.9200900900193814
18,A3 LF-DPS (proposed),0,0.06316985032357367
18,A3 LF-DPS (proposed),0,0.0926517659518671
18,A3 LF-DPS (proposed),1,0.902487243091658
18,A3 LF-DPS (proposed),0,0.7499648967771805
18,A3 LF-DPS (proposed),1,0.8417039588339239
18,A3 LF-DPS (proposed),0,0.2982525697779128
18,A3 LF-DPS (proposed),1,0.8344016202034317
18,A3 LF-DPS (proposed),1,0.7585095376226041
18,A3 LF-DPS (proposed),1,0.89243989116428
18,A3 LF-DPS (proposed),1,0.8024897274276205
18,A3 LF-DPS (proposed),0,0.07065011622436602
18,A3 LF-DPS (proposed),0,0.7534051333475855
18,A3 LF-DPS (proposed),1,0.9003310829627552
18,A3 LF-DPS (proposed),0,0.61442513673303
18,A3 LF-DPS (proposed),1,0.5637567895358827
18,A3 LF-DPS (proposed),0,0.301305276377244
18,A3 LF-DPS (proposed),1,0.7570663517683952
18,A3 LF-DPS (proposed),0,0.08274196870858756
18,A3 LF-DPS (proposed),1,0.8747495511942833
18,A3 LF-DPS (proposed),1,0.894268386122062
18,A3 LF-DPS (proposed),0,0.069821999745474
18,A3 LF-DPS (proposed),1,0.854127236469715
18,A3 LF-DPS (proposed),1,0.8822991894022828
18,A3 LF-DPS (proposed),0,0.07018169274732958
18,A3 LF-DPS (proposed),1,0.8851718349533303
18,A3 LF-DPS (proposed),1,0.8046547964918489
18,A3 LF-DPS (proposed),1,0.8163912113216015
18,A3 LF-DPS (proposed),1,0.8697639948085043
18,A3 LF-DPS (proposed),1,0.8867688859377963
18,A3 LF-DPS (proposed),0,0.05664681308544802
18,A3 LF-DPS (proposed),0,0.1835805621004123
18,A3 LF-DPS (proposed),1,0.775163031290207
18,A3 LF-DPS (proposed),1,0.8868302895165806
18,A3 LF-DPS (proposed),0,0.29575210898009974
18,A3 LF-DPS (proposed),0,0.27763904859305416
18,A3 LF-DPS (proposed),1,0.23124082198479795
18,A3 LF-DPS (proposed),0,0.10303735206648815
18,A3 LF-DPS (proposed),1,0.5332212583060604
18,A3 LF-DPS (proposed),1,0.6292134734500766
18,A3 LF-DPS (proposed),0,0.06813747731766619
18,A3 LF-DPS (proposed),1,0.8122026857444924
18,A3 LF-DPS (proposed),1,0.9057159594151332
18,A3 LF-DPS (proposed),1,0.8589262320831779
18,A3 LF-DPS (proposed),0,0.21559543017554866
18,A3 LF-DPS (proposed),1,0.668647742194171
18,A3 LF-DPS (proposed),0,0.9078900313250989
18,Best single (tuned),0,0.1663841337495535
18,Best single (tuned),1,0.9359848474366983
18,Best single (tuned),1,0.9502000753983392
18,Best single (tuned),0,0.4247877270825135
18,Best single (tuned),0,0.1957771397681657
18,Best single (tuned),0,0.46412876504067746
18,Best single (tuned),1,0.8867819342923282
18,Best single (tuned),0,0.19209381801279923
18,Best single (tuned),0,0.11469546969176686
18,Best single (tuned),1,0.9085012382161105
18,Best single (tuned),0,0.1593765890917812
18,Best single (tuned),0,0.5821012178566222
18,Best single (tuned),1,0.8079086692957528
18,Best single (tuned),1,0.9526635634528383
18,Best single (tuned),0,0.015037200557861563
18,Best single (tuned),0,0.09814813431118401
18,Best single (tuned),1,0.9061866578501035
18,Best single (tuned),0,0.6891652622339377
18,Best single (tuned),1,0.8455163063569106
18,Best single (tuned),0,0.35211577095176366
18,Best single (tuned),1,0.8084119613744233
18,Best single (tuned),1,0.7652267770956181
18,Best single (tuned),1,0.9291011973322845
18,Best single (tuned),1,0.7992807267066899
18,Best single (tuned),0,0.06524055640442841
18,Best single (tuned),0,0.7299749274334019
18,Best single (tuned),1,0.9083114183924552
18,Best single (tuned),0,0.6267164830997658
18,Best single (tuned),1,0.5773071638595451
18,Best single (tuned),0,0.300039616238059
18,Best single (tuned),1,0.7310752241384383
18,Best single (tuned),0,0.13139487811264478
18,Best single (tuned),1,0.8952367602519473
18,Best single (tuned),1,0.8798400466747152
18,Best single (tuned),0,0.08162259032020787
18,Best single (tuned),1,0.8078950047309955
18,Best single (tuned),1,0.8995629400194207
18,Best single (tuned),0,0.0696134880369054
18,Best single (tuned),1,0.8791910712848702
18,Best single (tuned),1,0.7652717928762602
18,Best single (tuned),1,0.7857501896260302
18,Best single (tuned),1,0.8485608243329997
18,Best single (tuned),1,0.8596970038540583
18,Best single (tuned),0,0.027483297834323933
18,Best single (tuned),0,0.22422197625572066
18,Best single (tuned),1,0.7463598559790852
18,Best single (tuned),1,0.8769091809219163
18,Best single (tuned),0,0.3539652618780154
18,Best single (tuned),0,0.3539876581763352
18,Best single (tuned),1,0.3209188954142124
18,Best single (tuned),0,0.13733347286096353
18,Best single (tuned),1,0.5676801143427066
18,Best single (tuned),1,0.5754774141013578
18,Best single (tuned),0,0.024578382992581898
18,Best single (tuned),1,0.7163987517152041
18,Best single (tuned),1,0.9259722618991996
18,Best single (tuned),1,0.8600921336134436
18,Best single (tuned),0,0.26138140968265927
18,Best single (tuned),1,0.6887144287000778
18,Best single (tuned),0,0.9199507117913288
19,A0 Paper stacking,0,0.06275782678103659
19,A0 Paper stacking,1,0.810246209996015
19,A0 Paper stacking,0,0.09267431931496435
19,A0 Paper stacking,1,0.6173342067070454
19,A0 Paper stacking,1,0.6601152583254545
19,A0 Paper stacking,1,0.8521031927987135
19,A0 Paper stacking,0,0.8116387275372317
19,A0 Paper stacking,1,0.9354404564378579
19,A0 Paper stacking,0,0.19871959238924916
19,A0 Paper stacking,0,0.6634227338489103
19,A0 Paper stacking,0,0.07164417013879304
19,A0 Paper stacking,1,0.9276015496532974
19,A0 Paper stacking,0,0.05177290593051043
19,A0 Paper stacking,0,0.2825819508460089
19,A0 Paper stacking,1,0.9358611572981933
19,A0 Paper stacking,0,0.05717782907817313
19,A0 Paper stacking,0,0.054968718551825606
19,A0 Paper stacking,1,0.905973564480138
19,A0 Paper stacking,0,0.055064362523138434
19,A0 Paper stacking,1,0.8008009504115167
19,A0 Paper stacking,1,0.9012303302143128
19,A0 Paper stacking,1,0.8318685650877662
19,A0 Paper stacking,0,0.7927319116525741
19,A0 Paper stacking,1,0.7933880638342087
19,A0 Paper stacking,0,0.42862217283456466
19,A0 Paper stacking,0,0.33049425446237246
19,A0 Paper stacking,1,0.3700179535865013
19,A0 Paper stacking,1,0.9240304992015654
19,A0 Paper stacking,1,0.9325365120808662
19,A0 Paper stacking,1,0.8722603700372527
19,A0 Paper stacking,1,0.9148054806419013
19,A0 Paper stacking,1,0.6040491367178105
19,A0 Paper stacking,0,0.07466199170856931
19,A0 Paper stacking,0,0.1898523992657306
19,A0 Paper stacking,0,0.12131055567321353
19,A0 Paper stacking,1,0.49135838949365096
19,A0 Paper stacking,0,0.06370501262242063
19,A0 Paper stacking,1,0.8338659593502042
19,A0 Paper stacking,0,0.057749015828599155
19,A0 Paper stacking,1,0.7433425631818459
19,A0 Paper stacking,0,0.6594607207105875
19,A0 Paper stacking,0,0.7525269732210148
19,A0 Paper stacking,0,0.2054814670313174
19,A0 Paper stacking,0,0.9308106258588746
19,A0 Paper stacking,1,0.9291914806123596
19,A0 Paper stacking,1,0.9330267822046089
19,A0 Paper stacking,1,0.9232781440919057
19,A0 Paper stacking,0,0.1243802046159079
19,A0 Paper stacking,1,0.8222864106761988
19,A0 Paper stacking,0,0.0525566290355712
19,A0 Paper stacking,1,0.8750669017512931
19,A0 Paper stacking,1,0.16438963561059886
19,A0 Paper stacking,1,0.09897580104493897
19,A0 Paper stacking,1,0.8907670285255506
19,A0 Paper stacking,0,0.1813422801617621
19,A0 Paper stacking,1,0.8580148048955343
19,A0 Paper stacking,1,0.5804838661214237
19,A0 Paper stacking,0,0.2944013029639661
19,A0 Paper stacking,1,0.09268764570929648
19,A0 Paper stacking,1,0.9313465333326403
19,A1 +Typed prep,0,0.10943614895684882
19,A1 +Typed prep,1,0.683360109159642
19,A1 +Typed prep,0,0.04207115728589969
19,A1 +Typed prep,1,0.4165393642699947
19,A1 +Typed prep,1,0.44840899531327194
19,A1 +Typed prep,1,0.7923971730504781
19,A1 +Typed prep,0,0.8381572758824067
19,A1 +Typed prep,1,0.9277344198524129
19,A1 +Typed prep,0,0.2781575498662956
19,A1 +Typed prep,0,0.6406501395816069
19,A1 +Typed prep,0,0.061881063013891756
19,A1 +Typed prep,1,0.928835492195369
19,A1 +Typed prep,0,0.05386018234149188
19,A1 +Typed prep,0,0.35553518811954443
19,A1 +Typed prep,1,0.931396176438029
19,A1 +Typed prep,0,0.06072942407967478
19,A1 +Typed prep,0,0.054405080436242516
19,A1 +Typed prep,1,0.920721446484273
19,A1 +Typed prep,0,0.05497797824093637
19,A1 +Typed prep,1,0.8390960949588417
19,A1 +Typed prep,1,0.8757505261715715
19,A1 +Typed prep,1,0.6260281003353669
19,A1 +Typed prep,0,0.8894856095715817
19,A1 +Typed prep,1,0.8190819561841011
19,A1 +Typed prep,0,0.32480772266051006
19,A1 +Typed prep,0,0.39404054694823015
19,A1 +Typed prep,1,0.26309726403628025
19,A1 +Typed prep,1,0.9168306625677201
19,A1 +Typed prep,1,0.9300339841574244
19,A1 +Typed prep,1,0.886145560680479
19,A1 +Typed prep,1,0.8858566134474383
19,A1 +Typed prep,1,0.7165195808758892
19,A1 +Typed prep,0,0.08656603934657484
19,A1 +Typed prep,0,0.06051533502759057
19,A1 +Typed prep,0,0.10642450310044133
19,A1 +Typed prep,1,0.8898146022136945
19,A1 +Typed prep,0,0.09370779326786488
19,A1 +Typed prep,1,0.8622361523189945
19,A1 +Typed prep,0,0.10211510210665725
19,A1 +Typed prep,1,0.7030732915811849
19,A1 +Typed prep,0,0.8883223716435148
19,A1 +Typed prep,0,0.9334592902466805
19,A1 +Typed prep,0,0.1986686042001642
19,A1 +Typed prep,0,0.9274310608347387
19,A1 +Typed prep,1,0.9257582471023245
19,A1 +Typed prep,1,0.9302240340237246
19,A1 +Typed prep,1,0.9214680858198128
19,A1 +Typed prep,0,0.06921208151385314
19,A1 +Typed prep,1,0.7592779799962082
19,A1 +Typed prep,0,0.0753081649785121
19,A1 +Typed prep,1,0.8951382045400269
19,A1 +Typed prep,1,0.7706816335093963
19,A1 +Typed prep,1,0.10521323659155912
19,A1 +Typed prep,1,0.9081107797771585
19,A1 +Typed prep,0,0.34634671100356834
19,A1 +Typed prep,1,0.8249877161773902
19,A1 +Typed prep,1,0.3776664309672118
19,A1 +Typed prep,0,0.15176510279540598
19,A1 +Typed prep,1,0.07607566187962721
19,A1 +Typed prep,1,0.9261329618607412
19,A2 +Tuned (6),0,0.10180319940188548
19,A2 +Tuned (6),1,0.6661596745465552
19,A2 +Tuned (6),0,0.09389572067776997
19,A2 +Tuned (6),1,0.6031335335290434
19,A2 +Tuned (6),1,0.5493571472876907
19,A2 +Tuned (6),1,0.8220958753623688
19,A2 +Tuned (6),0,0.8413217435268112
19,A2 +Tuned (6),1,0.9365340068533641
19,A2 +Tuned (6),0,0.24639157325646374
19,A2 +Tuned (6),0,0.7609618867288511
19,A2 +Tuned (6),0,0.07751815677935942
19,A2 +Tuned (6),1,0.9300224224169293
19,A2 +Tuned (6),0,0.04786358359551088
19,A2 +Tuned (6),0,0.21705485400847227
19,A2 +Tuned (6),1,0.9456089054891639
19,A2 +Tuned (6),0,0.06299492774146657
19,A2 +Tuned (6),0,0.04742811921027178
19,A2 +Tuned (6),1,0.9203177820132051
19,A2 +Tuned (6),0,0.04957739007554313
19,A2 +Tuned (6),1,0.830202966768621
19,A2 +Tuned (6),1,0.8898211382191501
19,A2 +Tuned (6),1,0.7816022294187162
19,A2 +Tuned (6),0,0.839097819839736
19,A2 +Tuned (6),1,0.7855338943471645
19,A2 +Tuned (6),0,0.27493500008262234
19,A2 +Tuned (6),0,0.5100674949494992
19,A2 +Tuned (6),1,0.38320973539414355
19,A2 +Tuned (6),1,0.9247340858610149
19,A2 +Tuned (6),1,0.9414365248303501
19,A2 +Tuned (6),1,0.8656972734341093
19,A2 +Tuned (6),1,0.9256622797836737
19,A2 +Tuned (6),1,0.6380590896604902
19,A2 +Tuned (6),0,0.061926757541698435
19,A2 +Tuned (6),0,0.20256611192637367
19,A2 +Tuned (6),0,0.07784884815948086
19,A2 +Tuned (6),1,0.8860202479444802
19,A2 +Tuned (6),0,0.08931398473615881
19,A2 +Tuned (6),1,0.859240103217442
19,A2 +Tuned (6),0,0.12767630769856778
19,A2 +Tuned (6),1,0.7064093107172451
19,A2 +Tuned (6),0,0.8650566257827876
19,A2 +Tuned (6),0,0.8341454447587715
19,A2 +Tuned (6),0,0.1761193016816865
19,A2 +Tuned (6),0,0.9390129504110132
19,A2 +Tuned (6),1,0.9269501222304937
19,A2 +Tuned (6),1,0.9384560099425253
19,A2 +Tuned (6),1,0.9261975421324524
19,A2 +Tuned (6),0,0.110065907297958
19,A2 +Tuned (6),1,0.7868558110982168
19,A2 +Tuned (6),0,0.04885164018924198
19,A2 +Tuned (6),1,0.8880898313221096
19,A2 +Tuned (6),1,0.701782435997883
19,A2 +Tuned (6),1,0.14543524344951467
19,A2 +Tuned (6),1,0.8811726510772391
19,A2 +Tuned (6),0,0.37467568351226216
19,A2 +Tuned (6),1,0.8509897421578552
19,A2 +Tuned (6),1,0.5238969313619828
19,A2 +Tuned (6),0,0.22869647670198112
19,A2 +Tuned (6),1,0.13439283434358112
19,A2 +Tuned (6),1,0.9386333980826478
19,A2b +Tuned+SVM (7),0,0.09207382506558925
19,A2b +Tuned+SVM (7),1,0.6821898175281004
19,A2b +Tuned+SVM (7),0,0.08053211232501363
19,A2b +Tuned+SVM (7),1,0.5153724206627123
19,A2b +Tuned+SVM (7),1,0.5704861213882608
19,A2b +Tuned+SVM (7),1,0.8446274513055553
19,A2b +Tuned+SVM (7),0,0.8515907156049797
19,A2b +Tuned+SVM (7),1,0.9385461834426375
19,A2b +Tuned+SVM (7),0,0.26102235213904496
19,A2b +Tuned+SVM (7),0,0.7887345866497627
19,A2b +Tuned+SVM (7),0,0.07413277664303831
19,A2b +Tuned+SVM (7),1,0.9317906654729746
19,A2b +Tuned+SVM (7),0,0.04633802542645172
19,A2b +Tuned+SVM (7),0,0.19952303227239873
19,A2b +Tuned+SVM (7),1,0.9460597907480467
19,A2b +Tuned+SVM (7),0,0.058514457196756756
19,A2b +Tuned+SVM (7),0,0.04514329356685173
19,A2b +Tuned+SVM (7),1,0.9239041497180962
19,A2b +Tuned+SVM (7),0,0.04766682903747833
19,A2b +Tuned+SVM (7),1,0.8309302470307727
19,A2b +Tuned+SVM (7),1,0.8985290631029502
19,A2b +Tuned+SVM (7),1,0.7398027826121607
19,A2b +Tuned+SVM (7),0,0.8325296797224188
19,A2b +Tuned+SVM (7),1,0.8058191012174243
19,A2b +Tuned+SVM (7),0,0.24478083382019264
19,A2b +Tuned+SVM (7),0,0.4209724874778528
19,A2b +Tuned+SVM (7),1,0.43905239952975206
19,A2b +Tuned+SVM (7),1,0.9283367042325037
19,A2b +Tuned+SVM (7),1,0.9414500926973919
19,A2b +Tuned+SVM (7),1,0.8625178411691944
19,A2b +Tuned+SVM (7),1,0.9306331301846871
19,A2b +Tuned+SVM (7),1,0.6207228279333658
19,A2b +Tuned+SVM (7),0,0.05646310650927845
19,A2b +Tuned+SVM (7),0,0.14936146202328515
19,A2b +Tuned+SVM (7),0,0.06878041896566664
19,A2b +Tuned+SVM (7),1,0.8905277748463734
19,A2b +Tuned+SVM (7),0,0.08554224269576405
19,A2b +Tuned+SVM (7),1,0.8510052830970439
19,A2b +Tuned+SVM (7),0,0.11877989228919617
19,A2b +Tuned+SVM (7),1,0.7137524347815877
19,A2b +Tuned+SVM (7),0,0.8564378937198126
19,A2b +Tuned+SVM (7),0,0.8414815017053182
19,A2b +Tuned+SVM (7),0,0.16917288315471754
19,A2b +Tuned+SVM (7),0,0.9412698263095524
19,A2b +Tuned+SVM (7),1,0.9295884548771611
19,A2b +Tuned+SVM (7),1,0.939907602342155
19,A2b +Tuned+SVM (7),1,0.9287254631391205
19,A2b +Tuned+SVM (7),0,0.08970695636313451
19,A2b +Tuned+SVM (7),1,0.7975668783191658
19,A2b +Tuned+SVM (7),0,0.04694503344834471
19,A2b +Tuned+SVM (7),1,0.8835433381762299
19,A2b +Tuned+SVM (7),1,0.6896974688234409
19,A2b +Tuned+SVM (7),1,0.12607353692050843
19,A2b +Tuned+SVM (7),1,0.88427528983826
19,A2b +Tuned+SVM (7),0,0.37617592901489877
19,A2b +Tuned+SVM (7),1,0.8594409872017201
19,A2b +Tuned+SVM (7),1,0.5407973744206984
19,A2b +Tuned+SVM (7),0,0.20799853623795173
19,A2b +Tuned+SVM (7),1,0.1106745837422509
19,A2b +Tuned+SVM (7),1,0.9395282015797837
19,A3 LF-DPS (proposed),0,0.10847702218553636
19,A3 LF-DPS (proposed),1,0.7250573245333195
19,A3 LF-DPS (proposed),0,0.11166853144012975
19,A3 LF-DPS (proposed),1,0.43609597737618666
19,A3 LF-DPS (proposed),1,0.5938887957466793
19,A3 LF-DPS (proposed),1,0.8105531510818804
19,A3 LF-DPS (proposed),0,0.8388885455816185
19,A3 LF-DPS (proposed),1,0.927503555682417
19,A3 LF-DPS (proposed),0,0.3128577212177767
19,A3 LF-DPS (proposed),0,0.731400726214834
19,A3 LF-DPS (proposed),0,0.0862170346281399
19,A3 LF-DPS (proposed),1,0.9145866090227285
19,A3 LF-DPS (proposed),0,0.06075849344544841
19,A3 LF-DPS (proposed),0,0.2629141421601766
19,A3 LF-DPS (proposed),1,0.9348236710179425
19,A3 LF-DPS (proposed),0,0.06932913933170613
19,A3 LF-DPS (proposed),0,0.06951854629066716
19,A3 LF-DPS (proposed),1,0.9150125591762486
19,A3 LF-DPS (proposed),0,0.06511175744114263
19,A3 LF-DPS (proposed),1,0.7808833437918901
19,A3 LF-DPS (proposed),1,0.8895494848399944
19,A3 LF-DPS (proposed),1,0.6829472359322548
19,A3 LF-DPS (proposed),0,0.733537246378228
19,A3 LF-DPS (proposed),1,0.8376498314074065
19,A3 LF-DPS (proposed),0,0.3210238758359154
19,A3 LF-DPS (proposed),0,0.3852159314964108
19,A3 LF-DPS (proposed),1,0.4698975286696517
19,A3 LF-DPS (proposed),1,0.902173113533408
19,A3 LF-DPS (proposed),1,0.9308618379560377
19,A3 LF-DPS (proposed),1,0.8294151871142662
19,A3 LF-DPS (proposed),1,0.9176208266058723
19,A3 LF-DPS (proposed),1,0.5575499201446299
19,A3 LF-DPS (proposed),0,0.07149732660713873
19,A3 LF-DPS (proposed),0,0.14763545145498883
19,A3 LF-DPS (proposed),0,0.1014705128536638
19,A3 LF-DPS (proposed),1,0.8641543611762078
19,A3 LF-DPS (proposed),0,0.10170316826663714
19,A3 LF-DPS (proposed),1,0.8097915239269989
19,A3 LF-DPS (proposed),0,0.1337361236939058
19,A3 LF-DPS (proposed),1,0.6821561427662663
19,A3 LF-DPS (proposed),0,0.8151172614540436
19,A3 LF-DPS (proposed),0,0.8387425140607266
19,A3 LF-DPS (proposed),0,0.2506194704469791
19,A3 LF-DPS (proposed),0,0.9228759572319369
19,A3 LF-DPS (proposed),1,0.9097713958681889
19,A3 LF-DPS (proposed),1,0.9311350251662159
19,A3 LF-DPS (proposed),1,0.9184402302431416
19,A3 LF-DPS (proposed),0,0.11383047867512046
19,A3 LF-DPS (proposed),1,0.7962559545127912
19,A3 LF-DPS (proposed),0,0.061109399119616735
19,A3 LF-DPS (proposed),1,0.8588388404231647
19,A3 LF-DPS (proposed),1,0.6136120344352635
19,A3 LF-DPS (proposed),1,0.18261056514889643
19,A3 LF-DPS (proposed),1,0.8306924227290179
19,A3 LF-DPS (proposed),0,0.33500517997412427
19,A3 LF-DPS (proposed),1,0.8282527394867115
19,A3 LF-DPS (proposed),1,0.49618185978811524
19,A3 LF-DPS (proposed),0,0.21571973497103275
19,A3 LF-DPS (proposed),1,0.10724351368066123
19,A3 LF-DPS (proposed),1,0.9272644281579977
19,Best single (tuned),0,0.08057668014758641
19,Best single (tuned),1,0.659949637517599
19,Best single (tuned),0,0.03386952558455584
19,Best single (tuned),1,0.3801054119867477
19,Best single (tuned),1,0.6150602444946499
19,Best single (tuned),1,0.8544221895482874
19,Best single (tuned),0,0.8514897185488901
19,Best single (tuned),1,0.9867530581284784
19,Best single (tuned),0,0.35875144761771244
19,Best single (tuned),0,0.7811551778281921
19,Best single (tuned),0,0.07226283226569064
19,Best single (tuned),1,0.9686842909722
19,Best single (tuned),0,0.004270508320430862
19,Best single (tuned),0,0.2228004692777359
19,Best single (tuned),1,0.99320905603368
19,Best single (tuned),0,0.018429549865318577
19,Best single (tuned),0,0.002573211475648039
19,Best single (tuned),1,0.961013423542659
19,Best single (tuned),0,0.002747954965978562
19,Best single (tuned),1,0.815401595651782
19,Best single (tuned),1,0.9343998194281657
19,Best single (tuned),1,0.5868852041465477
19,Best single (tuned),0,0.7688633924239177
19,Best single (tuned),1,0.8397385706342173
19,Best single (tuned),0,0.28230434216846584
19,Best single (tuned),0,0.2621551771254639
19,Best single (tuned),1,0.5614022812195488
19,Best single (tuned),1,0.9588522453085566
19,Best single (tuned),1,0.974766475183551
19,Best single (tuned),1,0.8077584994331288
19,Best single (tuned),1,0.9917066949147237
19,Best single (tuned),1,0.5826267629651486
19,Best single (tuned),0,0.004215727102863497
19,Best single (tuned),0,0.02871207242825202
19,Best single (tuned),0,0.008869223133649283
19,Best single (tuned),1,0.9025412409721518
19,Best single (tuned),0,0.09474553345038508
19,Best single (tuned),1,0.7930926672619699
19,Best single (tuned),0,0.13939510481805312
19,Best single (tuned),1,0.6719299344515753
19,Best single (tuned),0,0.7986899462369711
19,Best single (tuned),0,0.8437379028794395
19,Best single (tuned),0,0.24741364853111897
19,Best single (tuned),0,0.9734909717062253
19,Best single (tuned),1,0.971671168088737
19,Best single (tuned),1,0.9840866334907088
19,Best single (tuned),1,0.9643767088988996
19,Best single (tuned),0,0.019679395557471623
19,Best single (tuned),1,0.7677983826992615
19,Best single (tuned),0,0.0014846016179144495
19,Best single (tuned),1,0.8381623358976737
19,Best single (tuned),1,0.6438090991969257
19,Best single (tuned),1,0.13538030003085988
19,Best single (tuned),1,0.868843440593074
19,Best single (tuned),0,0.40657787409767027
19,Best single (tuned),1,0.8402049848177913
19,Best single (tuned),1,0.5460536445504893
19,Best single (tuned),0,0.21519346755458635
19,Best single (tuned),1,0.04254086971491926
19,Best single (tuned),1,0.9790374186425089
20,A0 Paper stacking,0,0.20961807540123759
20,A0 Paper stacking,0,0.06727393305866575
20,A0 Paper stacking,0,0.09535653630788896
20,A0 Paper stacking,1,0.9376756970729442
20,A0 Paper stacking,1,0.8719939524201213
20,A0 Paper stacking,0,0.9113699894184732
20,A0 Paper stacking,0,0.1597359349638464
20,A0 Paper stacking,1,0.8598291148295981
20,A0 Paper stacking,1,0.8681693231677056
20,A0 Paper stacking,1,0.8950463874195584
20,A0 Paper stacking,1,0.9002399822741505
20,A0 Paper stacking,0,0.7065341908094974
20,A0 Paper stacking,0,0.19231611069077834
20,A0 Paper stacking,0,0.062916119588481
20,A0 Paper stacking,0,0.06192914843544698
20,A0 Paper stacking,0,0.7890517084398451
20,A0 Paper stacking,0,0.4515935422252739
20,A0 Paper stacking,0,0.08181928733934599
20,A0 Paper stacking,1,0.9356386610362657
20,A0 Paper stacking,1,0.08072088618298279
20,A0 Paper stacking,1,0.917669962627211
20,A0 Paper stacking,1,0.8148263157993265
20,A0 Paper stacking,0,0.39338884623589776
20,A0 Paper stacking,1,0.7649083015124302
20,A0 Paper stacking,0,0.09630689249203955
20,A0 Paper stacking,0,0.2213668324368781
20,A0 Paper stacking,0,0.5453119502014446
20,A0 Paper stacking,0,0.06326431510565035
20,A0 Paper stacking,1,0.878817613984561
20,A0 Paper stacking,0,0.07190716157823314
20,A0 Paper stacking,0,0.08687021791582165
20,A0 Paper stacking,1,0.848663875939804
20,A0 Paper stacking,1,0.9031633912458464
20,A0 Paper stacking,0,0.17889124290059233
20,A0 Paper stacking,0,0.06182150593578101
20,A0 Paper stacking,1,0.8329818137170798
20,A0 Paper stacking,1,0.9287048240274293
20,A0 Paper stacking,0,0.9024977727353373
20,A0 Paper stacking,1,0.8926938127804962
20,A0 Paper stacking,1,0.9302954776760163
20,A0 Paper stacking,1,0.9306053203875564
20,A0 Paper stacking,0,0.765874060107124
20,A0 Paper stacking,1,0.9090914242263082
20,A0 Paper stacking,1,0.9262281794180125
20,A0 Paper stacking,1,0.771594876769005
20,A0 Paper stacking,0,0.5220238507628675
20,A0 Paper stacking,1,0.6155780495347618
20,A0 Paper stacking,1,0.36430158200319074
20,A0 Paper stacking,1,0.9324748567283582
20,A0 Paper stacking,0,0.0887690573647175
20,A0 Paper stacking,0,0.4583504055076168
20,A0 Paper stacking,1,0.8175391538302808
20,A0 Paper stacking,1,0.889543160968437
20,A0 Paper stacking,1,0.871195822465225
20,A0 Paper stacking,1,0.8356524992546419
20,A0 Paper stacking,1,0.9022532216083304
20,A0 Paper stacking,0,0.28737930641376813
20,A0 Paper stacking,1,0.38684490090759055
20,A0 Paper stacking,1,0.9221582998803749
20,A0 Paper stacking,1,0.8774973304613182
20,A0 Paper stacking,0,0.9164116352333888
20,A1 +Typed prep,0,0.09025617046389274
20,A1 +Typed prep,0,0.10064813323631691
20,A1 +Typed prep,0,0.07093240701437194
20,A1 +Typed prep,1,0.9408806120006246
20,A1 +Typed prep,1,0.9307407926255462
20,A1 +Typed prep,0,0.881662132176255
20,A1 +Typed prep,0,0.27432966675411685
20,A1 +Typed prep,1,0.8789267035009952
20,A1 +Typed prep,1,0.8373842284990805
20,A1 +Typed prep,1,0.7348565274724518
20,A1 +Typed prep,1,0.8683434829093023
20,A1 +Typed prep,0,0.7360245449522113
20,A1 +Typed prep,0,0.21755308306023474
20,A1 +Typed prep,0,0.06288055306335971
20,A1 +Typed prep,0,0.05539832974734993
20,A1 +Typed prep,0,0.7775023770559124
20,A1 +Typed prep,0,0.6024528786085822
20,A1 +Typed prep,0,0.08071712394049803
20,A1 +Typed prep,1,0.9408844057751177
20,A1 +Typed prep,1,0.17319989136389363
20,A1 +Typed prep,1,0.9399860545333983
20,A1 +Typed prep,1,0.7581030062818594
20,A1 +Typed prep,0,0.7175940606653028
20,A1 +Typed prep,1,0.8178659686799539
20,A1 +Typed prep,0,0.08857848797068751
20,A1 +Typed prep,0,0.1038936128495052
20,A1 +Typed prep,0,0.46605333375602076
20,A1 +Typed prep,0,0.0597475534177855
20,A1 +Typed prep,1,0.906237547774749
20,A1 +Typed prep,0,0.06922117456853955
20,A1 +Typed prep,0,0.058695720526659834
20,A1 +Typed prep,1,0.9266076599606212
20,A1 +Typed prep,1,0.9315387757923606
20,A1 +Typed prep,0,0.14313076295116076
20,A1 +Typed prep,0,0.059090050563992455
20,A1 +Typed prep,1,0.8309950444637156
20,A1 +Typed prep,1,0.9368056598304569
20,A1 +Typed prep,0,0.916757796676838
20,A1 +Typed prep,1,0.7509830565436718
20,A1 +Typed prep,1,0.9379363694309371
20,A1 +Typed prep,1,0.9303738746843588
20,A1 +Typed prep,0,0.9036297539705149
20,A1 +Typed prep,1,0.9373456409924782
20,A1 +Typed prep,1,0.9366239980701766
20,A1 +Typed prep,1,0.6028789789762407
20,A1 +Typed prep,0,0.5614549771651279
20,A1 +Typed prep,1,0.6082305969904634
20,A1 +Typed prep,1,0.48411792568670603
20,A1 +Typed prep,1,0.9386157449255305
20,A1 +Typed prep,0,0.08578624512748839
20,A1 +Typed prep,0,0.4639501946650693
20,A1 +Typed prep,1,0.8741996911984213
20,A1 +Typed prep,1,0.9175627389590679
20,A1 +Typed prep,1,0.9298909569646939
20,A1 +Typed prep,1,0.9072181841842982
20,A1 +Typed prep,1,0.9209537506222762
20,A1 +Typed prep,0,0.1265513630023444
20,A1 +Typed prep,1,0.5173783077916344
20,A1 +Typed prep,1,0.8984849553836908
20,A1 +Typed prep,1,0.8990402966229446
20,A1 +Typed prep,0,0.9334325342815354
20,A2 +Tuned (6),0,0.12619304769783357
20,A2 +Tuned (6),0,0.07784323709041599
20,A2 +Tuned (6),0,0.06570954879594267
20,A2 +Tuned (6),1,0.9440380397948892
20,A2 +Tuned (6),1,0.9184800314573174
20,A2 +Tuned (6),0,0.8913240355572789
20,A2 +Tuned (6),0,0.26310916224143277
20,A2 +Tuned (6),1,0.8843638672547334
20,A2 +Tuned (6),1,0.8146425443246654
20,A2 +Tuned (6),1,0.8784832652301396
20,A2 +Tuned (6),1,0.9092013119385306
20,A2 +Tuned (6),0,0.7052136384769423
20,A2 +Tuned (6),0,0.15813110223680985
20,A2 +Tuned (6),0,0.060311971373975766
20,A2 +Tuned (6),0,0.05256745742351278
20,A2 +Tuned (6),0,0.6096299811392362
20,A2 +Tuned (6),0,0.594164030873616
20,A2 +Tuned (6),0,0.056640767933387924
20,A2 +Tuned (6),1,0.9430554953435516
20,A2 +Tuned (6),1,0.13127162593872277
20,A2 +Tuned (6),1,0.9372152221146051
20,A2 +Tuned (6),1,0.9009627095619916
20,A2 +Tuned (6),0,0.38979310492389374
20,A2 +Tuned (6),1,0.8295011468497101
20,A2 +Tuned (6),0,0.0709850509086088
20,A2 +Tuned (6),0,0.11182237204044859
20,A2 +Tuned (6),0,0.26350477586286614
20,A2 +Tuned (6),0,0.06022423611001132
20,A2 +Tuned (6),1,0.9254815257558485
20,A2 +Tuned (6),0,0.0736460163196174
20,A2 +Tuned (6),0,0.057182428989642514
20,A2 +Tuned (6),1,0.9196669630611245
20,A2 +Tuned (6),1,0.9297693730180824
20,A2 +Tuned (6),0,0.28425095994300437
20,A2 +Tuned (6),0,0.06383613800943644
20,A2 +Tuned (6),1,0.872344972292889
20,A2 +Tuned (6),1,0.9374617018084446
20,A2 +Tuned (6),0,0.8943428199102995
20,A2 +Tuned (6),1,0.911287867407955
20,A2 +Tuned (6),1,0.9398177788475137
20,A2 +Tuned (6),1,0.911298946265702
20,A2 +Tuned (6),0,0.8841632458786847
20,A2 +Tuned (6),1,0.9380038718150162
20,A2 +Tuned (6),1,0.936040507952583
20,A2 +Tuned (6),1,0.7681728268161456
20,A2 +Tuned (6),0,0.4410451103757369
20,A2 +Tuned (6),1,0.4431128670961052
20,A2 +Tuned (6),1,0.5912608945419162
20,A2 +Tuned (6),1,0.9429198831863447
20,A2 +Tuned (6),0,0.05851253204787878
20,A2 +Tuned (6),0,0.21795597709474068
20,A2 +Tuned (6),1,0.8947287641451533
20,A2 +Tuned (6),1,0.9128902516971388
20,A2 +Tuned (6),1,0.9177959504572337
20,A2 +Tuned (6),1,0.8907707234510746
20,A2 +Tuned (6),1,0.9100340782040166
20,A2 +Tuned (6),0,0.20139703513887336
20,A2 +Tuned (6),1,0.4494601694703692
20,A2 +Tuned (6),1,0.9165710012604122
20,A2 +Tuned (6),1,0.9210566135992516
20,A2 +Tuned (6),0,0.9238307792599515
20,A2b +Tuned+SVM (7),0,0.11632732260306673
20,A2b +Tuned+SVM (7),0,0.07661475080131037
20,A2b +Tuned+SVM (7),0,0.06406277479521578
20,A2b +Tuned+SVM (7),1,0.9460578167208291
20,A2b +Tuned+SVM (7),1,0.9230559179981971
20,A2b +Tuned+SVM (7),0,0.8839400953496667
20,A2b +Tuned+SVM (7),0,0.2468853039588525
20,A2b +Tuned+SVM (7),1,0.8893174134661433
20,A2b +Tuned+SVM (7),1,0.8026100786052632
20,A2b +Tuned+SVM (7),1,0.8826412767052295
20,A2b +Tuned+SVM (7),1,0.9173702034982578
20,A2b +Tuned+SVM (7),0,0.7168609496743734
20,A2b +Tuned+SVM (7),0,0.14577145672610772
20,A2b +Tuned+SVM (7),0,0.05458644468818744
20,A2b +Tuned+SVM (7),0,0.04857900121638545
20,A2b +Tuned+SVM (7),0,0.582995413524888
20,A2b +Tuned+SVM (7),0,0.6266204805951348
20,A2b +Tuned+SVM (7),0,0.051466682600997626
20,A2b +Tuned+SVM (7),1,0.9445062624483834
20,A2b +Tuned+SVM (7),1,0.11604450562999169
20,A2b +Tuned+SVM (7),1,0.9383268056040952
20,A2b +Tuned+SVM (7),1,0.9080154206840245
20,A2b +Tuned+SVM (7),0,0.40283904960123135
20,A2b +Tuned+SVM (7),1,0.8302204102947447
20,A2b +Tuned+SVM (7),0,0.06450800860223743
20,A2b +Tuned+SVM (7),0,0.105627619258468
20,A2b +Tuned+SVM (7),0,0.2605284031264419
20,A2b +Tuned+SVM (7),0,0.05693612618260478
20,A2b +Tuned+SVM (7),1,0.9296957879794847
20,A2b +Tuned+SVM (7),0,0.06922145918872549
20,A2b +Tuned+SVM (7),0,0.05397024538287518
20,A2b +Tuned+SVM (7),1,0.9223735161131187
20,A2b +Tuned+SVM (7),1,0.9314623293294247
20,A2b +Tuned+SVM (7),0,0.29370056375111997
20,A2b +Tuned+SVM (7),0,0.05783735394251566
20,A2b +Tuned+SVM (7),1,0.8769301770617601
20,A2b +Tuned+SVM (7),1,0.93952527035038
20,A2b +Tuned+SVM (7),0,0.8989249047405413
20,A2b +Tuned+SVM (7),1,0.9106228738403047
20,A2b +Tuned+SVM (7),1,0.9425650965408178
20,A2b +Tuned+SVM (7),1,0.9152144920339285
20,A2b +Tuned+SVM (7),0,0.8749452581620485
20,A2b +Tuned+SVM (7),1,0.9394788861730139
20,A2b +Tuned+SVM (7),1,0.9370975381131256
20,A2b +Tuned+SVM (7),1,0.7878995599129373
20,A2b +Tuned+SVM (7),0,0.45209013882616633
20,A2b +Tuned+SVM (7),1,0.4478005018718646
20,A2b +Tuned+SVM (7),1,0.6396761033765187
20,A2b +Tuned+SVM (7),1,0.9452996958276575
20,A2b +Tuned+SVM (7),0,0.05317752923668041
20,A2b +Tuned+SVM (7),0,0.23252588898015622
20,A2b +Tuned+SVM (7),1,0.8972280879991464
20,A2b +Tuned+SVM (7),1,0.9090623786783933
20,A2b +Tuned+SVM (7),1,0.9224840279994155
20,A2b +Tuned+SVM (7),1,0.8881722616792417
20,A2b +Tuned+SVM (7),1,0.9099325906709468
20,A2b +Tuned+SVM (7),0,0.1820990618727524
20,A2b +Tuned+SVM (7),1,0.4533618918051613
20,A2b +Tuned+SVM (7),1,0.9194069957948353
20,A2b +Tuned+SVM (7),1,0.9222113660646322
20,A2b +Tuned+SVM (7),0,0.9290735673931194
20,A3 LF-DPS (proposed),0,0.18161398410592489
20,A3 LF-DPS (proposed),0,0.1038866897506388
20,A3 LF-DPS (proposed),0,0.08310899227462021
20,A3 LF-DPS (proposed),1,0.9295559762071984
20,A3 LF-DPS (proposed),1,0.9002161721280747
20,A3 LF-DPS (proposed),0,0.8258778249189758
20,A3 LF-DPS (proposed),0,0.1751335008030381
20,A3 LF-DPS (proposed),1,0.8681726575935189
20,A3 LF-DPS (proposed),1,0.8260171976998693
20,A3 LF-DPS (proposed),1,0.8528578965481699
20,A3 LF-DPS (proposed),1,0.8566920837046148
20,A3 LF-DPS (proposed),0,0.5628104350284703
20,A3 LF-DPS (proposed),0,0.17697738025806536
20,A3 LF-DPS (proposed),0,0.07533232824338283
20,A3 LF-DPS (proposed),0,0.06159865228347081
20,A3 LF-DPS (proposed),0,0.5916831033759151
20,A3 LF-DPS (proposed),0,0.6062733037204912
20,A3 LF-DPS (proposed),0,0.07623362980343922
20,A3 LF-DPS (proposed),1,0.9267884891826588
20,A3 LF-DPS (proposed),1,0.15629032384954192
20,A3 LF-DPS (proposed),1,0.9230338627749006
20,A3 LF-DPS (proposed),1,0.9003917763907433
20,A3 LF-DPS (proposed),0,0.407382277190597
20,A3 LF-DPS (proposed),1,0.7885713654461386
20,A3 LF-DPS (proposed),0,0.08508039723085764
20,A3 LF-DPS (proposed),0,0.14838192686250834
20,A3 LF-DPS (proposed),0,0.343685734168806
20,A3 LF-DPS (proposed),0,0.07310980365626554
20,A3 LF-DPS (proposed),1,0.9047573242599577
20,A3 LF-DPS (proposed),0,0.07513302464149267
20,A3 LF-DPS (proposed),0,0.06872396999144147
20,A3 LF-DPS (proposed),1,0.8996640806531749
20,A3 LF-DPS (proposed),1,0.9146437054305633
20,A3 LF-DPS (proposed),0,0.4189281035867427
20,A3 LF-DPS (proposed),0,0.06103113892286722
20,A3 LF-DPS (proposed),1,0.8112467985288935
20,A3 LF-DPS (proposed),1,0.9207250216312995
20,A3 LF-DPS (proposed),0,0.86139371622158
20,A3 LF-DPS (proposed),1,0.8915623751595072
20,A3 LF-DPS (proposed),1,0.9268099363245097
20,A3 LF-DPS (proposed),1,0.8978570275895282
20,A3 LF-DPS (proposed),0,0.8475997668136466
20,A3 LF-DPS (proposed),1,0.9195535929433489
20,A3 LF-DPS (proposed),1,0.9225929928564377
20,A3 LF-DPS (proposed),1,0.7625524071126373
20,A3 LF-DPS (proposed),0,0.37228099380995083
20,A3 LF-DPS (proposed),1,0.4759752281929571
20,A3 LF-DPS (proposed),1,0.5641521695136409
20,A3 LF-DPS (proposed),1,0.9302145664267014
20,A3 LF-DPS (proposed),0,0.07734265494233176
20,A3 LF-DPS (proposed),0,0.35879902707157174
20,A3 LF-DPS (proposed),1,0.8918888379090792
20,A3 LF-DPS (proposed),1,0.8811063068334835
20,A3 LF-DPS (proposed),1,0.9185469733652749
20,A3 LF-DPS (proposed),1,0.8514989692168315
20,A3 LF-DPS (proposed),1,0.8798488464224251
20,A3 LF-DPS (proposed),0,0.18432306534975063
20,A3 LF-DPS (proposed),1,0.4748411347092367
20,A3 LF-DPS (proposed),1,0.8873502579098212
20,A3 LF-DPS (proposed),1,0.9035637955328968
20,A3 LF-DPS (proposed),0,0.9246575340149987
20,Best single (tuned),0,0.1979278828149791
20,Best single (tuned),0,0.13639793021804875
20,Best single (tuned),0,0.13377229783544578
20,Best single (tuned),1,0.9768704710001187
20,Best single (tuned),1,0.9261965395879654
20,Best single (tuned),0,0.781467341052854
20,Best single (tuned),0,0.18209357706703594
20,Best single (tuned),1,0.8135035061140847
20,Best single (tuned),1,0.6963321402012222
20,Best single (tuned),1,0.8532602098397598
20,Best single (tuned),1,0.9498026467353456
20,Best single (tuned),0,0.5709619136396304
20,Best single (tuned),0,0.18664498325461748
20,Best single (tuned),0,0.010088654301578645
20,Best single (tuned),0,0.01822523258553606
20,Best single (tuned),0,0.5278566975167266
20,Best single (tuned),0,0.6350899138906775
20,Best single (tuned),0,0.014696378002535072
20,Best single (tuned),1,0.9620052366054193
20,Best single (tuned),1,0.13324683399152984
20,Best single (tuned),1,0.9426440322435689
20,Best single (tuned),1,0.9268970673481538
20,Best single (tuned),0,0.4318061659215347
20,Best single (tuned),1,0.7808881603647456
20,Best single (tuned),0,0.057454951142713935
20,Best single (tuned),0,0.1967959591811563
20,Best single (tuned),0,0.33437252636087844
20,Best single (tuned),0,0.08398857200785638
20,Best single (tuned),1,0.9446760188272563
20,Best single (tuned),0,0.09454526214560735
20,Best single (tuned),0,0.06014705670369764
20,Best single (tuned),1,0.9240012304978207
20,Best single (tuned),1,0.9023263559110718
20,Best single (tuned),0,0.4488578833184953
20,Best single (tuned),0,0.014694618169016316
20,Best single (tuned),1,0.831660006977163
20,Best single (tuned),1,0.9311640568075712
20,Best single (tuned),0,0.8782242777633326
20,Best single (tuned),1,0.8929582521653199
20,Best single (tuned),1,0.9621184310798364
20,Best single (tuned),1,0.9168900004315852
20,Best single (tuned),0,0.7529914656452347
20,Best single (tuned),1,0.9254559304654596
20,Best single (tuned),1,0.9404278110407852
20,Best single (tuned),1,0.7273182389888982
20,Best single (tuned),0,0.46442215256137354
20,Best single (tuned),1,0.6170530775705434
20,Best single (tuned),1,0.7438797693989624
20,Best single (tuned),1,0.9804873737262684
20,Best single (tuned),0,0.02029795148052956
20,Best single (tuned),0,0.4436056140711671
20,Best single (tuned),1,0.8941689454644526
20,Best single (tuned),1,0.8557729730636289
20,Best single (tuned),1,0.9206111609498515
20,Best single (tuned),1,0.7639151996924614
20,Best single (tuned),1,0.8514945140609832
20,Best single (tuned),0,0.20441677590749915
20,Best single (tuned),1,0.5299424996854174
20,Best single (tuned),1,0.8776175252509775
20,Best single (tuned),1,0.9397442201598268
20,Best single (tuned),0,0.9509077720372218
21,A0 Paper stacking,0,0.657529931205406
21,A0 Paper stacking,0,0.06525572294751511
21,A0 Paper stacking,1,0.7560547410178583
21,A0 Paper stacking,1,0.8946552450483373
21,A0 Paper stacking,0,0.660901632471999
21,A0 Paper stacking,1,0.7883614327638863
21,A0 Paper stacking,1,0.5797444054750706
21,A0 Paper stacking,0,0.1286530644533149
21,A0 Paper stacking,1,0.8982417749817357
21,A0 Paper stacking,0,0.8694076238338357
21,A0 Paper stacking,1,0.9340469261791267
21,A0 Paper stacking,1,0.9360204164532617
21,A0 Paper stacking,1,0.7800602520438129
21,A0 Paper stacking,0,0.630586457031091
21,A0 Paper stacking,1,0.9342122696788033
21,A0 Paper stacking,0,0.0857577171772348
21,A0 Paper stacking,1,0.818693941459696
21,A0 Paper stacking,0,0.253127492971409
21,A0 Paper stacking,1,0.8851680561787334
21,A0 Paper stacking,1,0.7536672163231297
21,A0 Paper stacking,0,0.2975952415392254
21,A0 Paper stacking,0,0.06584320177279308
21,A0 Paper stacking,0,0.07019609865361338
21,A0 Paper stacking,0,0.07567865845986266
21,A0 Paper stacking,0,0.8451805093261326
21,A0 Paper stacking,0,0.6952816158456251
21,A0 Paper stacking,0,0.074811151265903
21,A0 Paper stacking,1,0.9161099951650874
21,A0 Paper stacking,1,0.8976940268131555
21,A0 Paper stacking,1,0.9350076487163568
21,A0 Paper stacking,1,0.6675416208028342
21,A0 Paper stacking,0,0.07345149570198659
21,A0 Paper stacking,1,0.6507455589143134
21,A0 Paper stacking,0,0.163534852460917
21,A0 Paper stacking,0,0.06966622652247856
21,A0 Paper stacking,0,0.43229603510402725
21,A0 Paper stacking,0,0.40585443263985577
21,A0 Paper stacking,1,0.5768860055918907
21,A0 Paper stacking,1,0.8716492737739963
21,A0 Paper stacking,0,0.0703917402110407
21,A0 Paper stacking,1,0.9224886766949735
21,A0 Paper stacking,0,0.06095232134626722
21,A0 Paper stacking,1,0.14858185853405076
21,A0 Paper stacking,0,0.8461677570103252
21,A0 Paper stacking,1,0.1079180036207378
21,A0 Paper stacking,1,0.8458177915003398
21,A0 Paper stacking,0,0.22352644126174198
21,A0 Paper stacking,0,0.559173447968182
21,A0 Paper stacking,1,0.7889268719311137
21,A0 Paper stacking,0,0.9311327163316466
21,A0 Paper stacking,1,0.9330024637270172
21,A0 Paper stacking,1,0.8569226343019519
21,A0 Paper stacking,1,0.9211270748817085
21,A0 Paper stacking,1,0.908184916132674
21,A0 Paper stacking,1,0.8444509987355796
21,A0 Paper stacking,1,0.9213441601554837
21,A0 Paper stacking,0,0.07038209606101362
21,A0 Paper stacking,1,0.8005990440822075
21,A0 Paper stacking,1,0.8622667244342472
21,A0 Paper stacking,1,0.9324675914086362
21,A0 Paper stacking,0,0.20183662624661897
21,A1 +Typed prep,0,0.49519381735702067
21,A1 +Typed prep,0,0.06358425962285544
21,A1 +Typed prep,1,0.785579838936972
21,A1 +Typed prep,1,0.9027963692409898
21,A1 +Typed prep,0,0.7292534743320144
21,A1 +Typed prep,1,0.5855731951536755
21,A1 +Typed prep,1,0.4859507323275986
21,A1 +Typed prep,0,0.10920991138817143
21,A1 +Typed prep,1,0.8859210745386633
21,A1 +Typed prep,0,0.8388224029583206
21,A1 +Typed prep,1,0.9350169488058961
21,A1 +Typed prep,1,0.9383501801869286
21,A1 +Typed prep,1,0.901789994121869
21,A1 +Typed prep,0,0.5631419009512535
21,A1 +Typed prep,1,0.9355507960490341
21,A1 +Typed prep,0,0.06952199659349287
21,A1 +Typed prep,1,0.7602138216321151
21,A1 +Typed prep,0,0.1320217089773355
21,A1 +Typed prep,1,0.7975175355070574
21,A1 +Typed prep,1,0.8595427222906861
21,A1 +Typed prep,0,0.30817265331270843
21,A1 +Typed prep,0,0.06438699432809505
21,A1 +Typed prep,0,0.07313165642830621
21,A1 +Typed prep,0,0.07996802423680818
21,A1 +Typed prep,0,0.7965151933474022
21,A1 +Typed prep,0,0.6681658080444304
21,A1 +Typed prep,0,0.06891028702743532
21,A1 +Typed prep,1,0.9222398802620575
21,A1 +Typed prep,1,0.8976487159656139
21,A1 +Typed prep,1,0.937543840717785
21,A1 +Typed prep,1,0.711822148389232
21,A1 +Typed prep,0,0.07096441362818802
21,A1 +Typed prep,1,0.8056844237056563
21,A1 +Typed prep,0,0.1334323190488665
21,A1 +Typed prep,0,0.06639305248860966
21,A1 +Typed prep,0,0.5318489341892048
21,A1 +Typed prep,0,0.3365514165973294
21,A1 +Typed prep,1,0.7575898191737422
21,A1 +Typed prep,1,0.8665876373455565
21,A1 +Typed prep,0,0.07533369581835728
21,A1 +Typed prep,1,0.9208197380771265
21,A1 +Typed prep,0,0.06216809828606408
21,A1 +Typed prep,1,0.18254132962968703
21,A1 +Typed prep,0,0.7346205662639451
21,A1 +Typed prep,1,0.07208523627384197
21,A1 +Typed prep,1,0.7035930887710459
21,A1 +Typed prep,0,0.20274142917030927
21,A1 +Typed prep,0,0.40805675585645995
21,A1 +Typed prep,1,0.6218217100765692
21,A1 +Typed prep,0,0.9314473898478581
21,A1 +Typed prep,1,0.9306531161159719
21,A1 +Typed prep,1,0.8795329279111047
21,A1 +Typed prep,1,0.9172483681241719
21,A1 +Typed prep,1,0.9001184383294595
21,A1 +Typed prep,1,0.882977146260831
21,A1 +Typed prep,1,0.9121351250111938
21,A1 +Typed prep,0,0.06964079164290767
21,A1 +Typed prep,1,0.8406708579576868
21,A1 +Typed prep,1,0.8837089974337791
21,A1 +Typed prep,1,0.9339865677249884
21,A1 +Typed prep,0,0.16757986320506596
21,A2 +Tuned (6),0,0.45479837578527066
21,A2 +Tuned (6),0,0.04447641228815408
21,A2 +Tuned (6),1,0.4972624199639024
21,A2 +Tuned (6),1,0.911639895795821
21,A2 +Tuned (6),0,0.8333071677776946
21,A2 +Tuned (6),1,0.4402259972580725
21,A2 +Tuned (6),1,0.5488419357105906
21,A2 +Tuned (6),0,0.0845799570964113
21,A2 +Tuned (6),1,0.8656513921797105
21,A2 +Tuned (6),0,0.8728432325211195
21,A2 +Tuned (6),1,0.9535001283751132
21,A2 +Tuned (6),1,0.9562283437456446
21,A2 +Tuned (6),1,0.9140594547337292
21,A2 +Tuned (6),0,0.7827504683964762
21,A2 +Tuned (6),1,0.9529277463886443
21,A2 +Tuned (6),0,0.04227839676459877
21,A2 +Tuned (6),1,0.7512185163171006
21,A2 +Tuned (6),0,0.10893116237166721
21,A2 +Tuned (6),1,0.8411657621384169
21,A2 +Tuned (6),1,0.836212713708145
21,A2 +Tuned (6),0,0.3947061502927732
21,A2 +Tuned (6),0,0.043500108981339866
21,A2 +Tuned (6),0,0.04185347033224273
21,A2 +Tuned (6),0,0.0449110383509907
21,A2 +Tuned (6),0,0.7502634241423214
21,A2 +Tuned (6),0,0.7923284387397448
21,A2 +Tuned (6),0,0.04706076917645023
21,A2 +Tuned (6),1,0.9189356610805572
21,A2 +Tuned (6),1,0.8862405937046866
21,A2 +Tuned (6),1,0.9561044487829349
21,A2 +Tuned (6),1,0.7444706171980268
21,A2 +Tuned (6),0,0.039792992767055196
21,A2 +Tuned (6),1,0.8765667747179214
21,A2 +Tuned (6),0,0.07163712407775963
21,A2 +Tuned (6),0,0.041990777446494175
21,A2 +Tuned (6),0,0.5364482748615785
21,A2 +Tuned (6),0,0.38613370028457683
21,A2 +Tuned (6),1,0.8256662501087287
21,A2 +Tuned (6),1,0.7641684807214523
21,A2 +Tuned (6),0,0.04900543144539992
21,A2 +Tuned (6),1,0.9293975280672336
21,A2 +Tuned (6),0,0.036662189536095006
21,A2 +Tuned (6),1,0.10522918829091431
21,A2 +Tuned (6),0,0.8421312301489612
21,A2 +Tuned (6),1,0.0717922297249971
21,A2 +Tuned (6),1,0.8573309466641196
21,A2 +Tuned (6),0,0.19280016938774966
21,A2 +Tuned (6),0,0.5014927436468999
21,A2 +Tuned (6),1,0.6448893094361676
21,A2 +Tuned (6),0,0.9356370992360759
21,A2 +Tuned (6),1,0.9491125855956823
21,A2 +Tuned (6),1,0.8995702330778375
21,A2 +Tuned (6),1,0.9296461651608263
21,A2 +Tuned (6),1,0.9086063801388256
21,A2 +Tuned (6),1,0.8937349627272498
21,A2 +Tuned (6),1,0.9226280365914121
21,A2 +Tuned (6),0,0.04200112134300877
21,A2 +Tuned (6),1,0.8572438065769913
21,A2 +Tuned (6),1,0.8751750212396245
21,A2 +Tuned (6),1,0.9402565177804134
21,A2 +Tuned (6),0,0.16367391289969757
21,A2b +Tuned+SVM (7),0,0.45237000370274755
21,A2b +Tuned+SVM (7),0,0.04242894950780801
21,A2b +Tuned+SVM (7),1,0.47973783670615117
21,A2b +Tuned+SVM (7),1,0.9077563355198239
21,A2b +Tuned+SVM (7),0,0.8284195718469194
21,A2b +Tuned+SVM (7),1,0.4257065017302567
21,A2b +Tuned+SVM (7),1,0.5610604536055455
21,A2b +Tuned+SVM (7),0,0.07882729978713335
21,A2b +Tuned+SVM (7),1,0.8752623748688667
21,A2b +Tuned+SVM (7),0,0.880484897750704
21,A2b +Tuned+SVM (7),1,0.9548310510450283
21,A2b +Tuned+SVM (7),1,0.957067688412074
21,A2b +Tuned+SVM (7),1,0.9145342691624345
21,A2b +Tuned+SVM (7),0,0.7429893851089199
21,A2b +Tuned+SVM (7),1,0.9537040353171833
21,A2b +Tuned+SVM (7),0,0.040776894535435516
21,A2b +Tuned+SVM (7),1,0.7485632014314552
21,A2b +Tuned+SVM (7),0,0.1165017862768591
21,A2b +Tuned+SVM (7),1,0.8509877538058964
21,A2b +Tuned+SVM (7),1,0.8420852048802582
21,A2b +Tuned+SVM (7),0,0.39613801304732305
21,A2b +Tuned+SVM (7),0,0.04221438272545248
21,A2b +Tuned+SVM (7),0,0.04092893149215469
21,A2b +Tuned+SVM (7),0,0.04275506633684475
21,A2b +Tuned+SVM (7),0,0.7551179973603959
21,A2b +Tuned+SVM (7),0,0.8099859866008807
21,A2b +Tuned+SVM (7),0,0.044865556261912055
21,A2b +Tuned+SVM (7),1,0.9199840240402375
21,A2b +Tuned+SVM (7),1,0.8862996855053317
21,A2b +Tuned+SVM (7),1,0.9570855488423865
21,A2b +Tuned+SVM (7),1,0.719499169121717
21,A2b +Tuned+SVM (7),0,0.038534614316496255
21,A2b +Tuned+SVM (7),1,0.8862773538859996
21,A2b +Tuned+SVM (7),0,0.06886820417238544
21,A2b +Tuned+SVM (7),0,0.04095941244685663
21,A2b +Tuned+SVM (7),0,0.5421608172520951
21,A2b +Tuned+SVM (7),0,0.37012709590188264
21,A2b +Tuned+SVM (7),1,0.8095171860550843
21,A2b +Tuned+SVM (7),1,0.7558011770217199
21,A2b +Tuned+SVM (7),0,0.04788714923192134
21,A2b +Tuned+SVM (7),1,0.9288557245010866
21,A2b +Tuned+SVM (7),0,0.03578455217146009
21,A2b +Tuned+SVM (7),1,0.10116919471308601
21,A2b +Tuned+SVM (7),0,0.8376773149030272
21,A2b +Tuned+SVM (7),1,0.06828478809789537
21,A2b +Tuned+SVM (7),1,0.8527599779432504
21,A2b +Tuned+SVM (7),0,0.1907218469092841
21,A2b +Tuned+SVM (7),0,0.5069454716602635
21,A2b +Tuned+SVM (7),1,0.6222351228050935
21,A2b +Tuned+SVM (7),0,0.937279997868295
21,A2b +Tuned+SVM (7),1,0.950338655393554
21,A2b +Tuned+SVM (7),1,0.9030996177121444
21,A2b +Tuned+SVM (7),1,0.929043029004257
21,A2b +Tuned+SVM (7),1,0.9116165178923813
21,A2b +Tuned+SVM (7),1,0.896917715465403
21,A2b +Tuned+SVM (7),1,0.9256877568257017
21,A2b +Tuned+SVM (7),0,0.041283574459216245
21,A2b +Tuned+SVM (7),1,0.8365923684895253
21,A2b +Tuned+SVM (7),1,0.8639994208269063
21,A2b +Tuned+SVM (7),1,0.9420181206106027
21,A2b +Tuned+SVM (7),0,0.16851432459191218
21,A3 LF-DPS (proposed),0,0.534356415242165
21,A3 LF-DPS (proposed),0,0.063407139746205
21,A3 LF-DPS (proposed),1,0.6160716055756911
21,A3 LF-DPS (proposed),1,0.8619178337303921
21,A3 LF-DPS (proposed),0,0.8201410466589308
21,A3 LF-DPS (proposed),1,0.42423269075413866
21,A3 LF-DPS (proposed),1,0.5572152297105564
21,A3 LF-DPS (proposed),0,0.13009916086172865
21,A3 LF-DPS (proposed),1,0.8739512704230747
21,A3 LF-DPS (proposed),0,0.8422201723020889
21,A3 LF-DPS (proposed),1,0.9339804731572071
21,A3 LF-DPS (proposed),1,0.9380952763495748
21,A3 LF-DPS (proposed),1,0.869789502933564
21,A3 LF-DPS (proposed),0,0.6157294369825236
21,A3 LF-DPS (proposed),1,0.9306875201150654
21,A3 LF-DPS (proposed),0,0.06361295986498668
21,A3 LF-DPS (proposed),1,0.658143874868005
21,A3 LF-DPS (proposed),0,0.19880474483891225
21,A3 LF-DPS (proposed),1,0.8077872513389214
21,A3 LF-DPS (proposed),1,0.856793087649572
21,A3 LF-DPS (proposed),0,0.3828771025361055
21,A3 LF-DPS (proposed),0,0.05931661898290923
21,A3 LF-DPS (proposed),0,0.06289054373968421
21,A3 LF-DPS (proposed),0,0.05614635073938512
21,A3 LF-DPS (proposed),0,0.7350850889574821
21,A3 LF-DPS (proposed),0,0.7019102369168712
21,A3 LF-DPS (proposed),0,0.06000552489146443
21,A3 LF-DPS (proposed),1,0.8756956692124568
21,A3 LF-DPS (proposed),1,0.8473406554374581
21,A3 LF-DPS (proposed),1,0.939276912207452
21,A3 LF-DPS (proposed),1,0.6419322272210307
21,A3 LF-DPS (proposed),0,0.059175857497040275
21,A3 LF-DPS (proposed),1,0.8539646875834818
21,A3 LF-DPS (proposed),0,0.13210600661626226
21,A3 LF-DPS (proposed),0,0.06672595845303067
21,A3 LF-DPS (proposed),0,0.5441284768703883
21,A3 LF-DPS (proposed),0,0.35913214771366414
21,A3 LF-DPS (proposed),1,0.7271440672999633
21,A3 LF-DPS (proposed),1,0.7124246791311027
21,A3 LF-DPS (proposed),0,0.07676307079840464
21,A3 LF-DPS (proposed),1,0.896717964427345
21,A3 LF-DPS (proposed),0,0.054830027162146605
21,A3 LF-DPS (proposed),1,0.16056487427240315
21,A3 LF-DPS (proposed),0,0.7703965253986604
21,A3 LF-DPS (proposed),1,0.10039400983595687
21,A3 LF-DPS (proposed),1,0.7234450472573605
21,A3 LF-DPS (proposed),0,0.21530913593111475
21,A3 LF-DPS (proposed),0,0.5200301570499914
21,A3 LF-DPS (proposed),1,0.6686213322204936
21,A3 LF-DPS (proposed),0,0.9287246219336711
21,A3 LF-DPS (proposed),1,0.9298691848048743
21,A3 LF-DPS (proposed),1,0.8863543960586467
21,A3 LF-DPS (proposed),1,0.8948598286182227
21,A3 LF-DPS (proposed),1,0.9013903542726779
21,A3 LF-DPS (proposed),1,0.8876505902128462
21,A3 LF-DPS (proposed),1,0.9207926962331894
21,A3 LF-DPS (proposed),0,0.06829012576523866
21,A3 LF-DPS (proposed),1,0.7499790409737095
21,A3 LF-DPS (proposed),1,0.808381561379872
21,A3 LF-DPS (proposed),1,0.9151879358891588
21,A3 LF-DPS (proposed),0,0.2145798156252708
21,Best single (tuned),0,0.5124915189816907
21,Best single (tuned),0,0.028701507004060108
21,Best single (tuned),1,0.6265958592743573
21,Best single (tuned),1,0.7987114943643923
21,Best single (tuned),0,0.7113962621139748
21,Best single (tuned),1,0.5416922713900156
21,Best single (tuned),1,0.6050946957663552
21,Best single (tuned),0,0.06166052867222616
21,Best single (tuned),1,0.8462007403510102
21,Best single (tuned),0,0.7981284621317377
21,Best single (tuned),1,0.9592399102165375
21,Best single (tuned),1,0.9759593531165652
21,Best single (tuned),1,0.7954807442765826
21,Best single (tuned),0,0.3399810053996594
21,Best single (tuned),1,0.9420612542563739
21,Best single (tuned),0,0.031058373946532467
21,Best single (tuned),1,0.5955043805676088
21,Best single (tuned),0,0.305786994103969
21,Best single (tuned),1,0.7684890624719265
21,Best single (tuned),1,0.7973037504649925
21,Best single (tuned),0,0.43987810100807107
21,Best single (tuned),0,0.04875386855351918
21,Best single (tuned),0,0.04859219825512129
21,Best single (tuned),0,0.028048876108113414
21,Best single (tuned),0,0.6751322150655583
21,Best single (tuned),0,0.6330406047294755
21,Best single (tuned),0,0.017801330081974053
21,Best single (tuned),1,0.8723149391490087
21,Best single (tuned),1,0.8035669950285121
21,Best single (tuned),1,0.9827152443015473
21,Best single (tuned),1,0.6089613642438636
21,Best single (tuned),0,0.01170205377870969
21,Best single (tuned),1,0.8595897946248199
21,Best single (tuned),0,0.1339941964342656
21,Best single (tuned),0,0.0569165745577375
21,Best single (tuned),0,0.5410011565014369
21,Best single (tuned),0,0.2927502700026905
21,Best single (tuned),1,0.6518337159240094
21,Best single (tuned),1,0.6701602257936758
21,Best single (tuned),0,0.07801665857996533
21,Best single (tuned),1,0.8949876993234912
21,Best single (tuned),0,0.01851641569752621
21,Best single (tuned),1,0.2646595618441114
21,Best single (tuned),0,0.6706223574980669
21,Best single (tuned),1,0.06537609562860319
21,Best single (tuned),1,0.5459843797119779
21,Best single (tuned),0,0.3280941873790535
21,Best single (tuned),0,0.46471543322676645
21,Best single (tuned),1,0.6026276336415165
21,Best single (tuned),0,0.9483769775303532
21,Best single (tuned),1,0.9516961044563067
21,Best single (tuned),1,0.8841813622404057
21,Best single (tuned),1,0.8884378118964361
21,Best single (tuned),1,0.8986027818429312
21,Best single (tuned),1,0.8332720725722059
21,Best single (tuned),1,0.9165373110671561
21,Best single (tuned),0,0.08618007129297296
21,Best single (tuned),1,0.6501091884412001
21,Best single (tuned),1,0.7674549312033612
21,Best single (tuned),1,0.9469534978908476
21,Best single (tuned),0,0.31599205474623265
22,A0 Paper stacking,0,0.08016926870712751
22,A0 Paper stacking,0,0.06488565678899928
22,A0 Paper stacking,0,0.5167258425731646
22,A0 Paper stacking,0,0.12983126944443332
22,A0 Paper stacking,1,0.503590110261043
22,A0 Paper stacking,0,0.33033551603905226
22,A0 Paper stacking,1,0.82101920717222
22,A0 Paper stacking,1,0.9028375130700215
22,A0 Paper stacking,0,0.10015344482801328
22,A0 Paper stacking,0,0.12347755200635915
22,A0 Paper stacking,1,0.47188689512395665
22,A0 Paper stacking,0,0.07138841940546577
22,A0 Paper stacking,0,0.07437802812210355
22,A0 Paper stacking,0,0.07329341078811535
22,A0 Paper stacking,0,0.16602268418033705
22,A0 Paper stacking,0,0.23431533168233531
22,A0 Paper stacking,1,0.8685413143050329
22,A0 Paper stacking,0,0.08929619620067393
22,A0 Paper stacking,0,0.16946829002150343
22,A0 Paper stacking,0,0.6452472121391244
22,A0 Paper stacking,1,0.9170020217535545
22,A0 Paper stacking,1,0.5997956539547437
22,A0 Paper stacking,1,0.8293444256648798
22,A0 Paper stacking,1,0.9058877754461221
22,A0 Paper stacking,1,0.5933582335593736
22,A0 Paper stacking,0,0.11096122575606121
22,A0 Paper stacking,1,0.6887036066014444
22,A0 Paper stacking,0,0.07419751632800968
22,A0 Paper stacking,0,0.07512659580553151
22,A0 Paper stacking,1,0.6711638296047513
22,A0 Paper stacking,0,0.11801958855756635
22,A0 Paper stacking,1,0.440829443800538
22,A0 Paper stacking,1,0.736413914640924
22,A0 Paper stacking,1,0.5866292572124545
22,A0 Paper stacking,1,0.8965631993284864
22,A0 Paper stacking,1,0.9252889751928973
22,A0 Paper stacking,1,0.8485536655069951
22,A0 Paper stacking,0,0.09318937060198085
22,A0 Paper stacking,0,0.3405302383984941
22,A0 Paper stacking,1,0.2714463213253195
22,A0 Paper stacking,1,0.30074545489851134
22,A0 Paper stacking,1,0.8923753439846278
22,A0 Paper stacking,1,0.9253332738128659
22,A0 Paper stacking,1,0.8222706431221993
22,A0 Paper stacking,1,0.8947511640677713
22,A0 Paper stacking,1,0.4886265742979137
22,A0 Paper stacking,1,0.8981651743356931
22,A0 Paper stacking,1,0.829714491281354
22,A0 Paper stacking,0,0.0811576379701657
22,A0 Paper stacking,1,0.8036673116451261
22,A0 Paper stacking,0,0.12530282518668254
22,A0 Paper stacking,0,0.13992557481466683
22,A0 Paper stacking,0,0.06666762107771453
22,A0 Paper stacking,0,0.1793955696691116
22,A0 Paper stacking,1,0.8309555363253839
22,A0 Paper stacking,0,0.6057799075220719
22,A0 Paper stacking,1,0.8992939584100346
22,A0 Paper stacking,0,0.0995381884028861
22,A0 Paper stacking,1,0.9177481277694022
22,A0 Paper stacking,1,0.9007779402452072
22,A1 +Typed prep,0,0.09161469133125613
22,A1 +Typed prep,0,0.07341941465110029
22,A1 +Typed prep,0,0.6471149513216756
22,A1 +Typed prep,0,0.14306192054673122
22,A1 +Typed prep,1,0.6184047986234822
22,A1 +Typed prep,0,0.2987153521295762
22,A1 +Typed prep,1,0.8520294307498495
22,A1 +Typed prep,1,0.9044924883091446
22,A1 +Typed prep,0,0.09523072342721109
22,A1 +Typed prep,0,0.12114406033014838
22,A1 +Typed prep,1,0.40171224229670094
22,A1 +Typed prep,0,0.12064960746256564
22,A1 +Typed prep,0,0.09770273221221666
22,A1 +Typed prep,0,0.07969143721913632
22,A1 +Typed prep,0,0.15151177366083346
22,A1 +Typed prep,0,0.12514733982847723
22,A1 +Typed prep,1,0.892232579838977
22,A1 +Typed prep,0,0.1765442269655116
22,A1 +Typed prep,0,0.20906651798804401
22,A1 +Typed prep,0,0.3214606641187825
22,A1 +Typed prep,1,0.9004009635674755
22,A1 +Typed prep,1,0.5471619662774403
22,A1 +Typed prep,1,0.5677924127947872
22,A1 +Typed prep,1,0.9021214427957408
22,A1 +Typed prep,1,0.6606780620141828
22,A1 +Typed prep,0,0.08008782518928327
22,A1 +Typed prep,1,0.8106043338677336
22,A1 +Typed prep,0,0.09072759386951415
22,A1 +Typed prep,0,0.07810390749628163
22,A1 +Typed prep,1,0.41937174165423297
22,A1 +Typed prep,0,0.12035414414643567
22,A1 +Typed prep,1,0.18466074729707058
22,A1 +Typed prep,1,0.8125888649338046
22,A1 +Typed prep,1,0.6845274335014584
22,A1 +Typed prep,1,0.902289819523749
22,A1 +Typed prep,1,0.9195089862552671
22,A1 +Typed prep,1,0.8062786968186073
22,A1 +Typed prep,0,0.10426891902744423
22,A1 +Typed prep,0,0.4637570243005393
22,A1 +Typed prep,1,0.19505594687031513
22,A1 +Typed prep,1,0.3363890865995093
22,A1 +Typed prep,1,0.8788287478919348
22,A1 +Typed prep,1,0.9164063778297754
22,A1 +Typed prep,1,0.7447485465413413
22,A1 +Typed prep,1,0.9030933203334046
22,A1 +Typed prep,1,0.6359277274988149
22,A1 +Typed prep,1,0.892964644369931
22,A1 +Typed prep,1,0.7834603902076513
22,A1 +Typed prep,0,0.1293839934688758
22,A1 +Typed prep,1,0.8272191424447892
22,A1 +Typed prep,0,0.18918143326588657
22,A1 +Typed prep,0,0.08689820350566785
22,A1 +Typed prep,0,0.0776039198951615
22,A1 +Typed prep,0,0.15753790602418846
22,A1 +Typed prep,1,0.8597172416499848
22,A1 +Typed prep,0,0.576824536072351
22,A1 +Typed prep,1,0.8799536277735504
22,A1 +Typed prep,0,0.07733111384771134
22,A1 +Typed prep,1,0.9061448536820992
22,A1 +Typed prep,1,0.9039831029167563
22,A2 +Tuned (6),0,0.07035373022116383
22,A2 +Tuned (6),0,0.04784515515300686
22,A2 +Tuned (6),0,0.7375024511428402
22,A2 +Tuned (6),0,0.1345949970022763
22,A2 +Tuned (6),1,0.611446691633872
22,A2 +Tuned (6),0,0.337730148153115
22,A2 +Tuned (6),1,0.8536646690991884
22,A2 +Tuned (6),1,0.8978521063570867
22,A2 +Tuned (6),0,0.07039896987641853
22,A2 +Tuned (6),0,0.10440305440787657
22,A2 +Tuned (6),1,0.33317214927525735
22,A2 +Tuned (6),0,0.1604514346894996
22,A2 +Tuned (6),0,0.07356514817231068
22,A2 +Tuned (6),0,0.07178112932741175
22,A2 +Tuned (6),0,0.22526187019881233
22,A2 +Tuned (6),0,0.13651052987425055
22,A2 +Tuned (6),1,0.8612057569802056
22,A2 +Tuned (6),0,0.27586282319977223
22,A2 +Tuned (6),0,0.2846348267070303
22,A2 +Tuned (6),0,0.2676764935590036
22,A2 +Tuned (6),1,0.8984383922078547
22,A2 +Tuned (6),1,0.6992074661514173
22,A2 +Tuned (6),1,0.4193423137540804
22,A2 +Tuned (6),1,0.919333100253056
22,A2 +Tuned (6),1,0.544340337410581
22,A2 +Tuned (6),0,0.0666644542020814
22,A2 +Tuned (6),1,0.7981040057861599
22,A2 +Tuned (6),0,0.05533690518828569
22,A2 +Tuned (6),0,0.06432415963780987
22,A2 +Tuned (6),1,0.4846744641600496
22,A2 +Tuned (6),0,0.11951980218142257
22,A2 +Tuned (6),1,0.34349989141775744
22,A2 +Tuned (6),1,0.8352209001642513
22,A2 +Tuned (6),1,0.5991062580320009
22,A2 +Tuned (6),1,0.9052486801117804
22,A2 +Tuned (6),1,0.9352354855649981
22,A2 +Tuned (6),1,0.8426107219414776
22,A2 +Tuned (6),0,0.11541683685873427
22,A2 +Tuned (6),0,0.5282345874960385
22,A2 +Tuned (6),1,0.21836612916903383
22,A2 +Tuned (6),1,0.3292831862145039
22,A2 +Tuned (6),1,0.9147844121088874
22,A2 +Tuned (6),1,0.9372091587174664
22,A2 +Tuned (6),1,0.722716065006061
22,A2 +Tuned (6),1,0.9271134064971914
22,A2 +Tuned (6),1,0.5923567195984717
22,A2 +Tuned (6),1,0.9203326465329644
22,A2 +Tuned (6),1,0.839831561238113
22,A2 +Tuned (6),0,0.11373026501350167
22,A2 +Tuned (6),1,0.7967185235382069
22,A2 +Tuned (6),0,0.20347711455455428
22,A2 +Tuned (6),0,0.060818582586469994
22,A2 +Tuned (6),0,0.05099858055193423
22,A2 +Tuned (6),0,0.11702867570955378
22,A2 +Tuned (6),1,0.8575675680380868
22,A2 +Tuned (6),0,0.6785584332317629
22,A2 +Tuned (6),1,0.8566650254259366
22,A2 +Tuned (6),0,0.06141490630187955
22,A2 +Tuned (6),1,0.9305560328842839
22,A2 +Tuned (6),1,0.9328887650559684
22,A2b +Tuned+SVM (7),0,0.06552702360937784
22,A2b +Tuned+SVM (7),0,0.04664256647555659
22,A2b +Tuned+SVM (7),0,0.7445453986078655
22,A2b +Tuned+SVM (7),0,0.13508668045266564
22,A2b +Tuned+SVM (7),1,0.5522913579035591
22,A2b +Tuned+SVM (7),0,0.33531564637487654
22,A2b +Tuned+SVM (7),1,0.8650324807113435
22,A2b +Tuned+SVM (7),1,0.9054139290021519
22,A2b +Tuned+SVM (7),0,0.06812103295346983
22,A2b +Tuned+SVM (7),0,0.09703837469804887
22,A2b +Tuned+SVM (7),1,0.3436385093961953
22,A2b +Tuned+SVM (7),0,0.15531331140199753
22,A2b +Tuned+SVM (7),0,0.06922966056767405
22,A2b +Tuned+SVM (7),0,0.0683242885301144
22,A2b +Tuned+SVM (7),0,0.2271898500653364
22,A2b +Tuned+SVM (7),0,0.12105437447812867
22,A2b +Tuned+SVM (7),1,0.8741037926980001
22,A2b +Tuned+SVM (7),0,0.25824130603713574
22,A2b +Tuned+SVM (7),0,0.29260510775945553
22,A2b +Tuned+SVM (7),0,0.28984059514932053
22,A2b +Tuned+SVM (7),1,0.9045257469641569
22,A2b +Tuned+SVM (7),1,0.7266486433650193
22,A2b +Tuned+SVM (7),1,0.4611586432053352
22,A2b +Tuned+SVM (7),1,0.9221680220985485
22,A2b +Tuned+SVM (7),1,0.5102161560056954
22,A2b +Tuned+SVM (7),0,0.0642658276096934
22,A2b +Tuned+SVM (7),1,0.8162382544056642
22,A2b +Tuned+SVM (7),0,0.05279443650476286
22,A2b +Tuned+SVM (7),0,0.06295029242174664
22,A2b +Tuned+SVM (7),1,0.48659271454862196
22,A2b +Tuned+SVM (7),0,0.11144596759471766
22,A2b +Tuned+SVM (7),1,0.3296299406350655
22,A2b +Tuned+SVM (7),1,0.8325426488772294
22,A2b +Tuned+SVM (7),1,0.5608663986103628
22,A2b +Tuned+SVM (7),1,0.9107080054458689
22,A2b +Tuned+SVM (7),1,0.9371819120820208
22,A2b +Tuned+SVM (7),1,0.847153774589245
22,A2b +Tuned+SVM (7),0,0.11279396698184627
22,A2b +Tuned+SVM (7),0,0.5388154754147566
22,A2b +Tuned+SVM (7),1,0.20449991897986966
22,A2b +Tuned+SVM (7),1,0.3521401303397177
22,A2b +Tuned+SVM (7),1,0.9188998724464423
22,A2b +Tuned+SVM (7),1,0.9380078872483065
22,A2b +Tuned+SVM (7),1,0.7182822698658197
22,A2b +Tuned+SVM (7),1,0.9293742318454774
22,A2b +Tuned+SVM (7),1,0.6074648186541979
22,A2b +Tuned+SVM (7),1,0.9250203986449996
22,A2b +Tuned+SVM (7),1,0.8478920683387765
22,A2b +Tuned+SVM (7),0,0.10157682533789501
22,A2b +Tuned+SVM (7),1,0.8019726875721848
22,A2b +Tuned+SVM (7),0,0.19856702673317406
22,A2b +Tuned+SVM (7),0,0.058355081350683465
22,A2b +Tuned+SVM (7),0,0.049709828626522554
22,A2b +Tuned+SVM (7),0,0.10306543563319298
22,A2b +Tuned+SVM (7),1,0.8456736466914199
22,A2b +Tuned+SVM (7),0,0.6804048724823525
22,A2b +Tuned+SVM (7),1,0.8699067692169243
22,A2b +Tuned+SVM (7),0,0.05936397473715796
22,A2b +Tuned+SVM (7),1,0.9316305495179105
22,A2b +Tuned+SVM (7),1,0.9363480623408316
22,A3 LF-DPS (proposed),0,0.09567423001287188
22,A3 LF-DPS (proposed),0,0.07236494854395809
22,A3 LF-DPS (proposed),0,0.7731500125571173
22,A3 LF-DPS (proposed),0,0.20777504316136464
22,A3 LF-DPS (proposed),1,0.6436032539360551
22,A3 LF-DPS (proposed),0,0.3588327954753055
22,A3 LF-DPS (proposed),1,0.8132783003069034
22,A3 LF-DPS (proposed),1,0.8625995478199046
22,A3 LF-DPS (proposed),0,0.08931343069265914
22,A3 LF-DPS (proposed),0,0.1482118562671396
22,A3 LF-DPS (proposed),1,0.3378810636658247
22,A3 LF-DPS (proposed),0,0.18140387840245845
22,A3 LF-DPS (proposed),0,0.11564994586790098
22,A3 LF-DPS (proposed),0,0.09983538708420066
22,A3 LF-DPS (proposed),0,0.22321417216145065
22,A3 LF-DPS (proposed),0,0.19070944354795577
22,A3 LF-DPS (proposed),1,0.8214751365633621
22,A3 LF-DPS (proposed),0,0.3401306604972643
22,A3 LF-DPS (proposed),0,0.2952003391744469
22,A3 LF-DPS (proposed),0,0.23031237514944633
22,A3 LF-DPS (proposed),1,0.8843121408848253
22,A3 LF-DPS (proposed),1,0.712606881213135
22,A3 LF-DPS (proposed),1,0.46766601275509456
22,A3 LF-DPS (proposed),1,0.8890979804722217
22,A3 LF-DPS (proposed),1,0.5540887227608988
22,A3 LF-DPS (proposed),0,0.08720877106033116
22,A3 LF-DPS (proposed),1,0.7182534492472463
22,A3 LF-DPS (proposed),0,0.08720877106033116
22,A3 LF-DPS (proposed),0,0.08078880114383223
22,A3 LF-DPS (proposed),1,0.4671787681631873
22,A3 LF-DPS (proposed),0,0.19789518759562233
22,A3 LF-DPS (proposed),1,0.4451432662231858
22,A3 LF-DPS (proposed),1,0.8297657241399179
22,A3 LF-DPS (proposed),1,0.6004664315252795
22,A3 LF-DPS (proposed),1,0.8866649512947228
22,A3 LF-DPS (proposed),1,0.9130580519260175
22,A3 LF-DPS (proposed),1,0.7794465477654808
22,A3 LF-DPS (proposed),0,0.12972605838550164
22,A3 LF-DPS (proposed),0,0.576448224278617
22,A3 LF-DPS (proposed),1,0.34887617666203596
22,A3 LF-DPS (proposed),1,0.37159275017100524
22,A3 LF-DPS (proposed),1,0.8729682128094032
22,A3 LF-DPS (proposed),1,0.9102157803152593
22,A3 LF-DPS (proposed),1,0.7363121664513924
22,A3 LF-DPS (proposed),1,0.9071410810599234
22,A3 LF-DPS (proposed),1,0.5056417355871572
22,A3 LF-DPS (proposed),1,0.8729682128094032
22,A3 LF-DPS (proposed),1,0.8391575448222557
22,A3 LF-DPS (proposed),0,0.1365198662546568
22,A3 LF-DPS (proposed),1,0.803465422751132
22,A3 LF-DPS (proposed),0,0.267290717805602
22,A3 LF-DPS (proposed),0,0.08078880114383223
22,A3 LF-DPS (proposed),0,0.0719567665593767
22,A3 LF-DPS (proposed),0,0.13682832968951456
22,A3 LF-DPS (proposed),1,0.8496501750187822
22,A3 LF-DPS (proposed),0,0.6392730743201573
22,A3 LF-DPS (proposed),1,0.8417427310164887
22,A3 LF-DPS (proposed),0,0.07906994528824893
22,A3 LF-DPS (proposed),1,0.9110577305711763
22,A3 LF-DPS (proposed),1,0.893723984771115
22,Best single (tuned),0,0.20620285992823575
22,Best single (tuned),0,0.16860003466089157
22,Best single (tuned),0,0.6672929033103323
22,Best single (tuned),0,0.3165889162749408
22,Best single (tuned),1,0.6638746496275855
22,Best single (tuned),0,0.36817883651004335
22,Best single (tuned),1,0.7634993730545532
22,Best single (tuned),1,0.8249983450798415
22,Best single (tuned),0,0.17646807114874016
22,Best single (tuned),0,0.23755299467159643
22,Best single (tuned),1,0.4138729220447949
22,Best single (tuned),0,0.33241023988825813
22,Best single (tuned),0,0.2893418770090234
22,Best single (tuned),0,0.22471133327290438
22,Best single (tuned),0,0.35242324229453303
22,Best single (tuned),0,0.2746115698979363
22,Best single (tuned),1,0.703136097677004
22,Best single (tuned),0,0.4178107887453366
22,Best single (tuned),0,0.41830628375595275
22,Best single (tuned),0,0.28639789399286086
22,Best single (tuned),1,0.8203121472161501
22,Best single (tuned),1,0.6244223553763133
22,Best single (tuned),1,0.5450498218695531
22,Best single (tuned),1,0.8390011347210592
22,Best single (tuned),1,0.517239639438543
22,Best single (tuned),0,0.16620869937687394
22,Best single (tuned),1,0.6353016122706472
22,Best single (tuned),0,0.16620869937687394
22,Best single (tuned),0,0.21537112654113197
22,Best single (tuned),1,0.46237670432462885
22,Best single (tuned),0,0.37452314539669496
22,Best single (tuned),1,0.5094349176521199
22,Best single (tuned),1,0.7257271994706043
22,Best single (tuned),1,0.5099413151625891
22,Best single (tuned),1,0.747508596955317
22,Best single (tuned),1,0.8630019312650217
22,Best single (tuned),1,0.7634211233129599
22,Best single (tuned),0,0.3406878299042829
22,Best single (tuned),0,0.6348414566815472
22,Best single (tuned),1,0.4330022282463818
22,Best single (tuned),1,0.3897696160667718
22,Best single (tuned),1,0.8604617771598193
22,Best single (tuned),1,0.8491609487355583
22,Best single (tuned),1,0.6710249933527598
22,Best single (tuned),1,0.8346259057891099
22,Best single (tuned),1,0.5227992136031091
22,Best single (tuned),1,0.8604617771598193
22,Best single (tuned),1,0.7524020933149705
22,Best single (tuned),0,0.36378425473285086
22,Best single (tuned),1,0.5748364896781906
22,Best single (tuned),0,0.36411623911721636
22,Best single (tuned),0,0.21537112654113197
22,Best single (tuned),0,0.16620869937687394
22,Best single (tuned),0,0.28290430033175334
22,Best single (tuned),1,0.701832112726058
22,Best single (tuned),0,0.5745842648339567
22,Best single (tuned),1,0.6780589733286074
22,Best single (tuned),0,0.20620285992823575
22,Best single (tuned),1,0.8532192585404922
22,Best single (tuned),1,0.857749385544726
23,A0 Paper stacking,0,0.08921835450373447
23,A0 Paper stacking,0,0.35406373358536947
23,A0 Paper stacking,0,0.045419225526095904
23,A0 Paper stacking,1,0.9348696742866484
23,A0 Paper stacking,1,0.12365468213332978
23,A0 Paper stacking,1,0.9394465646797422
23,A0 Paper stacking,1,0.9310611528709708
23,A0 Paper stacking,0,0.4164261985168582
23,A0 Paper stacking,1,0.9088634535652323
23,A0 Paper stacking,0,0.5863634077062599
23,A0 Paper stacking,1,0.0477969419567886
23,A0 Paper stacking,0,0.9310645725968768
23,A0 Paper stacking,1,0.5396731434882286
23,A0 Paper stacking,0,0.049286432256531246
23,A0 Paper stacking,1,0.915634634680516
23,A0 Paper stacking,1,0.866433180476438
23,A0 Paper stacking,1,0.875840797432681
23,A0 Paper stacking,0,0.13406320317351736
23,A0 Paper stacking,1,0.7005059865130708
23,A0 Paper stacking,0,0.0784404797901363
23,A0 Paper stacking,0,0.8984519840893743
23,A0 Paper stacking,0,0.0829599493975463
23,A0 Paper stacking,0,0.05035228209464292
23,A0 Paper stacking,0,0.0453060392080641
23,A0 Paper stacking,1,0.5402493282716962
23,A0 Paper stacking,1,0.9347830048532634
23,A0 Paper stacking,1,0.6294657519032802
23,A0 Paper stacking,1,0.937416415371148
23,A0 Paper stacking,1,0.6515143949972485
23,A0 Paper stacking,1,0.7351695118894314
23,A0 Paper stacking,0,0.30363541254629134
23,A0 Paper stacking,0,0.0456536385368429
23,A0 Paper stacking,1,0.617915582027602
23,A0 Paper stacking,1,0.9331913672583041
23,A0 Paper stacking,1,0.8918641878807619
23,A0 Paper stacking,1,0.9397298846212666
23,A0 Paper stacking,1,0.8139000926448781
23,A0 Paper stacking,0,0.14190267172505622
23,A0 Paper stacking,0,0.050001120077184345
23,A0 Paper stacking,1,0.746293457548735
23,A0 Paper stacking,0,0.08297419413766595
23,A0 Paper stacking,1,0.4482810556327339
23,A0 Paper stacking,1,0.09348625916455991
23,A0 Paper stacking,0,0.07341486908356996
23,A0 Paper stacking,0,0.04846285337337703
23,A0 Paper stacking,1,0.5938279106040036
23,A0 Paper stacking,0,0.305243943138242
23,A0 Paper stacking,1,0.5369224693208027
23,A0 Paper stacking,0,0.09724584258249025
23,A0 Paper stacking,1,0.9361371345307203
23,A0 Paper stacking,0,0.07401868451227119
23,A0 Paper stacking,1,0.873719259412775
23,A0 Paper stacking,1,0.23542102749857
23,A0 Paper stacking,1,0.6210347676029547
23,A0 Paper stacking,0,0.12095328646016755
23,A0 Paper stacking,1,0.9094172666591331
23,A0 Paper stacking,0,0.8233280026391135
23,A0 Paper stacking,0,0.49287150589468004
23,A0 Paper stacking,1,0.1412448652419573
23,A0 Paper stacking,0,0.12232048972775504
23,A1 +Typed prep,0,0.10857556425754239
23,A1 +Typed prep,0,0.24707310575993646
23,A1 +Typed prep,0,0.04953080375472229
23,A1 +Typed prep,1,0.9298092805993423
23,A1 +Typed prep,1,0.18295952391326933
23,A1 +Typed prep,1,0.9312866060108649
23,A1 +Typed prep,1,0.9275282626305861
23,A1 +Typed prep,0,0.24347371670336787
23,A1 +Typed prep,1,0.9014684267350509
23,A1 +Typed prep,0,0.7233378583617356
23,A1 +Typed prep,1,0.053344832628803275
23,A1 +Typed prep,0,0.9116780351959696
23,A1 +Typed prep,1,0.9340489260868907
23,A1 +Typed prep,0,0.0739317141818934
23,A1 +Typed prep,1,0.9279842502951193
23,A1 +Typed prep,1,0.9125827678681258
23,A1 +Typed prep,1,0.9105098023011794
23,A1 +Typed prep,0,0.1083045370164488
23,A1 +Typed prep,1,0.7471055953334578
23,A1 +Typed prep,0,0.06231603296827179
23,A1 +Typed prep,0,0.8428263383216686
23,A1 +Typed prep,0,0.07386546332464554
23,A1 +Typed prep,0,0.055562927312103556
23,A1 +Typed prep,0,0.04923831786173786
23,A1 +Typed prep,1,0.6168347679954296
23,A1 +Typed prep,1,0.9313114068338721
23,A1 +Typed prep,1,0.5595691233528357
23,A1 +Typed prep,1,0.9317934258420845
23,A1 +Typed prep,1,0.8053177906995713
23,A1 +Typed prep,1,0.8066486881251509
23,A1 +Typed prep,0,0.19450910792826714
23,A1 +Typed prep,0,0.04998884830317368
23,A1 +Typed prep,1,0.7498684365138376
23,A1 +Typed prep,1,0.9278350350986084
23,A1 +Typed prep,1,0.8930272612626782
23,A1 +Typed prep,1,0.9307748342188709
23,A1 +Typed prep,1,0.7010449874225946
23,A1 +Typed prep,0,0.10035176400224734
23,A1 +Typed prep,0,0.05315088748018374
23,A1 +Typed prep,1,0.662439145588044
23,A1 +Typed prep,0,0.063362773626344
23,A1 +Typed prep,1,0.25821537624711344
23,A1 +Typed prep,1,0.08127601228354464
23,A1 +Typed prep,0,0.06000383340835147
23,A1 +Typed prep,0,0.05511429634220368
23,A1 +Typed prep,1,0.7842026405020676
23,A1 +Typed prep,0,0.18180226845537784
23,A1 +Typed prep,1,0.7599623010162107
23,A1 +Typed prep,0,0.07392745551780222
23,A1 +Typed prep,1,0.9284768133892031
23,A1 +Typed prep,0,0.052450859683960044
23,A1 +Typed prep,1,0.7837769486407223
23,A1 +Typed prep,1,0.518565082639748
23,A1 +Typed prep,1,0.46487102782144507
23,A1 +Typed prep,0,0.06453282562374621
23,A1 +Typed prep,1,0.8230073559171546
23,A1 +Typed prep,0,0.6242011152917953
23,A1 +Typed prep,0,0.1651715287611343
23,A1 +Typed prep,1,0.0966004076165937
23,A1 +Typed prep,0,0.07696650236006494
23,A2 +Tuned (6),0,0.0906081756155797
23,A2 +Tuned (6),0,0.2205244493036339
23,A2 +Tuned (6),0,0.044262553639852355
23,A2 +Tuned (6),1,0.9386584914474542
23,A2 +Tuned (6),1,0.17482104889190436
23,A2 +Tuned (6),1,0.9413904514752864
23,A2 +Tuned (6),1,0.9289806522572052
23,A2 +Tuned (6),0,0.20952280286408606
23,A2 +Tuned (6),1,0.9322059400475039
23,A2 +Tuned (6),0,0.7501421061505773
23,A2 +Tuned (6),1,0.052746018487278945
23,A2 +Tuned (6),0,0.9181509705835765
23,A2 +Tuned (6),1,0.9390573288472881
23,A2 +Tuned (6),0,0.0647810342689336
23,A2 +Tuned (6),1,0.9189928665440996
23,A2 +Tuned (6),1,0.9212288285144115
23,A2 +Tuned (6),1,0.9253863689072801
23,A2 +Tuned (6),0,0.13385404072149645
23,A2 +Tuned (6),1,0.7399918590758356
23,A2 +Tuned (6),0,0.08430963642767245
23,A2 +Tuned (6),0,0.7770343847708385
23,A2 +Tuned (6),0,0.06474161745698112
23,A2 +Tuned (6),0,0.05213170532806719
23,A2 +Tuned (6),0,0.042265788879838125
23,A2 +Tuned (6),1,0.7839636031489824
23,A2 +Tuned (6),1,0.9351638425759384
23,A2 +Tuned (6),1,0.4346647695603462
23,A2 +Tuned (6),1,0.9377954896273738
23,A2 +Tuned (6),1,0.8270339745288577
23,A2 +Tuned (6),1,0.8325438320860887
23,A2 +Tuned (6),0,0.21333641040931536
23,A2 +Tuned (6),0,0.04348545486572726
23,A2 +Tuned (6),1,0.8468848611256947
23,A2 +Tuned (6),1,0.9352282208011845
23,A2 +Tuned (6),1,0.8873917860897158
23,A2 +Tuned (6),1,0.9379643688264192
23,A2 +Tuned (6),1,0.8200714673759364
23,A2 +Tuned (6),0,0.10529777535581089
23,A2 +Tuned (6),0,0.051995444055303666
23,A2 +Tuned (6),1,0.6121281900240148
23,A2 +Tuned (6),0,0.06936371316096342
23,A2 +Tuned (6),1,0.26822814932700595
23,A2 +Tuned (6),1,0.08731068729778493
23,A2 +Tuned (6),0,0.05569525048822942
23,A2 +Tuned (6),0,0.05246599662990091
23,A2 +Tuned (6),1,0.5686057541102539
23,A2 +Tuned (6),0,0.1437610698313323
23,A2 +Tuned (6),1,0.8689492544293412
23,A2 +Tuned (6),0,0.08485469311358805
23,A2 +Tuned (6),1,0.9344912750666918
23,A2 +Tuned (6),0,0.05284402219809527
23,A2 +Tuned (6),1,0.8317805455753844
23,A2 +Tuned (6),1,0.5543573303231797
23,A2 +Tuned (6),1,0.5393990607691813
23,A2 +Tuned (6),0,0.06225662144092142
23,A2 +Tuned (6),1,0.8870812125825658
23,A2 +Tuned (6),0,0.7588169533865899
23,A2 +Tuned (6),0,0.14300024012470924
23,A2 +Tuned (6),1,0.11231937895173316
23,A2 +Tuned (6),0,0.06746754863348602
23,A2b +Tuned+SVM (7),0,0.08592235217746265
23,A2b +Tuned+SVM (7),0,0.23190434937387847
23,A2b +Tuned+SVM (7),0,0.042826488748099814
23,A2b +Tuned+SVM (7),1,0.9406414179213578
23,A2b +Tuned+SVM (7),1,0.1673927789915872
23,A2b +Tuned+SVM (7),1,0.9430120850678662
23,A2b +Tuned+SVM (7),1,0.9314864798465111
23,A2b +Tuned+SVM (7),0,0.2058373807092053
23,A2b +Tuned+SVM (7),1,0.9353054380814797
23,A2b +Tuned+SVM (7),0,0.7439750397209184
23,A2b +Tuned+SVM (7),1,0.05064314838221174
23,A2b +Tuned+SVM (7),0,0.9201976766242753
23,A2b +Tuned+SVM (7),1,0.9410194325218998
23,A2b +Tuned+SVM (7),0,0.0611426933667274
23,A2b +Tuned+SVM (7),1,0.9247474388168416
23,A2b +Tuned+SVM (7),1,0.9254762366923662
23,A2b +Tuned+SVM (7),1,0.9301427997193156
23,A2b +Tuned+SVM (7),0,0.1307466667745096
23,A2b +Tuned+SVM (7),1,0.7572611653046074
23,A2b +Tuned+SVM (7),0,0.08113659167214218
23,A2b +Tuned+SVM (7),0,0.7839803081441393
23,A2b +Tuned+SVM (7),0,0.06255003397090877
23,A2b +Tuned+SVM (7),0,0.04993929486692338
23,A2b +Tuned+SVM (7),0,0.0410246659543504
23,A2b +Tuned+SVM (7),1,0.7546791867822745
23,A2b +Tuned+SVM (7),1,0.9377139939754849
23,A2b +Tuned+SVM (7),1,0.45731243563277335
23,A2b +Tuned+SVM (7),1,0.939148468555619
23,A2b +Tuned+SVM (7),1,0.8264329209783203
23,A2b +Tuned+SVM (7),1,0.8336595033681461
23,A2b +Tuned+SVM (7),0,0.2167770347581224
23,A2b +Tuned+SVM (7),0,0.04220342418005368
23,A2b +Tuned+SVM (7),1,0.8446448663421077
23,A2b +Tuned+SVM (7),1,0.9352578392241352
23,A2b +Tuned+SVM (7),1,0.8897885848789816
23,A2b +Tuned+SVM (7),1,0.938947449256978
23,A2b +Tuned+SVM (7),1,0.8188902022551771
23,A2b +Tuned+SVM (7),0,0.09978055705154527
23,A2b +Tuned+SVM (7),0,0.0500248315885608
23,A2b +Tuned+SVM (7),1,0.6208067082146643
23,A2b +Tuned+SVM (7),0,0.07034459369223306
23,A2b +Tuned+SVM (7),1,0.2775434486487381
23,A2b +Tuned+SVM (7),1,0.08589678368858776
23,A2b +Tuned+SVM (7),0,0.053592968231034974
23,A2b +Tuned+SVM (7),0,0.05042236418012792
23,A2b +Tuned+SVM (7),1,0.6056413920845422
23,A2b +Tuned+SVM (7),0,0.14931594273467264
23,A2b +Tuned+SVM (7),1,0.8761436122886362
23,A2b +Tuned+SVM (7),0,0.08186578031084818
23,A2b +Tuned+SVM (7),1,0.9374388827958337
23,A2b +Tuned+SVM (7),0,0.05500894270341846
23,A2b +Tuned+SVM (7),1,0.8346759295543756
23,A2b +Tuned+SVM (7),1,0.559399809393676
23,A2b +Tuned+SVM (7),1,0.528798494716688
23,A2b +Tuned+SVM (7),0,0.0603658489616198
23,A2b +Tuned+SVM (7),1,0.8832887626446106
23,A2b +Tuned+SVM (7),0,0.7677258675019764
23,A2b +Tuned+SVM (7),0,0.13838143890877902
23,A2b +Tuned+SVM (7),1,0.1035793293890992
23,A2b +Tuned+SVM (7),0,0.06480773330549924
23,A3 LF-DPS (proposed),0,0.12925559044552498
23,A3 LF-DPS (proposed),0,0.2660486319246351
23,A3 LF-DPS (proposed),0,0.062392426554562536
23,A3 LF-DPS (proposed),1,0.931010470459299
23,A3 LF-DPS (proposed),1,0.23818106517857113
23,A3 LF-DPS (proposed),1,0.9357949718064539
23,A3 LF-DPS (proposed),1,0.9205420979291652
23,A3 LF-DPS (proposed),0,0.3271180837014029
23,A3 LF-DPS (proposed),1,0.9260993725078404
23,A3 LF-DPS (proposed),0,0.69135914348848
23,A3 LF-DPS (proposed),1,0.06793461180571414
23,A3 LF-DPS (proposed),0,0.910559389666727
23,A3 LF-DPS (proposed),1,0.9330284112643324
23,A3 LF-DPS (proposed),0,0.08889075915409128
23,A3 LF-DPS (proposed),1,0.8984276764509951
23,A3 LF-DPS (proposed),1,0.9028598811401922
23,A3 LF-DPS (proposed),1,0.9019484989352722
23,A3 LF-DPS (proposed),0,0.18273966183082158
23,A3 LF-DPS (proposed),1,0.682290975103756
23,A3 LF-DPS (proposed),0,0.08732246375468591
23,A3 LF-DPS (proposed),0,0.7346931045145931
23,A3 LF-DPS (proposed),0,0.07987642248887748
23,A3 LF-DPS (proposed),0,0.07234938902272549
23,A3 LF-DPS (proposed),0,0.05967290771652093
23,A3 LF-DPS (proposed),1,0.7111314034895888
23,A3 LF-DPS (proposed),1,0.9306424442678705
23,A3 LF-DPS (proposed),1,0.5214830975228747
23,A3 LF-DPS (proposed),1,0.9296141395272711
23,A3 LF-DPS (proposed),1,0.7536412635652163
23,A3 LF-DPS (proposed),1,0.7533691036999166
23,A3 LF-DPS (proposed),0,0.2845335925138198
23,A3 LF-DPS (proposed),0,0.06025481932010311
23,A3 LF-DPS (proposed),1,0.7939415315884194
23,A3 LF-DPS (proposed),1,0.9203904904249435
23,A3 LF-DPS (proposed),1,0.8920730598380197
23,A3 LF-DPS (proposed),1,0.9279387151982089
23,A3 LF-DPS (proposed),1,0.8068547747877829
23,A3 LF-DPS (proposed),0,0.12452893412285902
23,A3 LF-DPS (proposed),0,0.07358135007786694
23,A3 LF-DPS (proposed),1,0.6540370723976052
23,A3 LF-DPS (proposed),0,0.09223986928627018
23,A3 LF-DPS (proposed),1,0.36649721205370406
23,A3 LF-DPS (proposed),1,0.12301472261405508
23,A3 LF-DPS (proposed),0,0.07377139159929649
23,A3 LF-DPS (proposed),0,0.0685702956901047
23,A3 LF-DPS (proposed),1,0.8348122093859578
23,A3 LF-DPS (proposed),0,0.19846699870101736
23,A3 LF-DPS (proposed),1,0.8130393596731734
23,A3 LF-DPS (proposed),0,0.11112021780859968
23,A3 LF-DPS (proposed),1,0.9305319155327961
23,A3 LF-DPS (proposed),0,0.0755614234255245
23,A3 LF-DPS (proposed),1,0.8154083726807246
23,A3 LF-DPS (proposed),1,0.3961292624552971
23,A3 LF-DPS (proposed),1,0.5077224211953589
23,A3 LF-DPS (proposed),0,0.09260074383773789
23,A3 LF-DPS (proposed),1,0.8267709491669397
23,A3 LF-DPS (proposed),0,0.7553252253482559
23,A3 LF-DPS (proposed),0,0.17184520187291036
23,A3 LF-DPS (proposed),1,0.1331041032739971
23,A3 LF-DPS (proposed),0,0.08434445324463163
23,Best single (tuned),0,0.12559309661051163
23,Best single (tuned),0,0.2781021079675487
23,Best single (tuned),0,0.002465065925344587
23,Best single (tuned),1,0.9811881543781065
23,Best single (tuned),1,0.15498741597089316
23,Best single (tuned),1,0.9886063084161864
23,Best single (tuned),1,0.9523033807147738
23,Best single (tuned),0,0.4086529219115685
23,Best single (tuned),1,0.9833505727902934
23,Best single (tuned),0,0.6180973735646619
23,Best single (tuned),1,0.006150504586953117
23,Best single (tuned),0,0.9642941178466792
23,Best single (tuned),1,0.9844038048301589
23,Best single (tuned),0,0.013483725596980545
23,Best single (tuned),1,0.9766888173090116
23,Best single (tuned),1,0.9568309987943491
23,Best single (tuned),1,0.9583696688745218
23,Best single (tuned),0,0.1496354504315891
23,Best single (tuned),1,0.8212966097672765
23,Best single (tuned),0,0.01493730919724692
23,Best single (tuned),0,0.6658407393133252
23,Best single (tuned),0,0.02930173007147033
23,Best single (tuned),0,0.02095349767042129
23,Best single (tuned),0,0.0007641687937586618
23,Best single (tuned),1,0.8121553849137596
23,Best single (tuned),1,0.9912275706049477
23,Best single (tuned),1,0.609078354327607
23,Best single (tuned),1,0.9712476142839295
23,Best single (tuned),1,0.7055659076600193
23,Best single (tuned),1,0.7408785834988645
23,Best single (tuned),0,0.33392451739015067
23,Best single (tuned),0,0.005490750388882841
23,Best single (tuned),1,0.8199444487166112
23,Best single (tuned),1,0.9759997991178868
23,Best single (tuned),1,0.9773497133099308
23,Best single (tuned),1,0.9782823384216646
23,Best single (tuned),1,0.9447072845700746
23,Best single (tuned),0,0.06088102624852882
23,Best single (tuned),0,0.0003063764734318056
23,Best single (tuned),1,0.6002179007783992
23,Best single (tuned),0,0.014614299085454523
23,Best single (tuned),1,0.40071886086688685
23,Best single (tuned),1,0.054554113533377024
23,Best single (tuned),0,0.009129146822310825
23,Best single (tuned),0,0.012534951372923814
23,Best single (tuned),1,0.960955439386278
23,Best single (tuned),0,0.21317079695052163
23,Best single (tuned),1,0.8485723767075316
23,Best single (tuned),0,0.16667158963879122
23,Best single (tuned),1,0.9844015043642719
23,Best single (tuned),0,0.001113145023210787
23,Best single (tuned),1,0.8214902789119412
23,Best single (tuned),1,0.33245627598394417
23,Best single (tuned),1,0.5904201722863586
23,Best single (tuned),0,0.02174716916792907
23,Best single (tuned),1,0.8542247076594205
23,Best single (tuned),0,0.7645216164359311
23,Best single (tuned),0,0.1405384207209329
23,Best single (tuned),1,0.022136718292280075
23,Best single (tuned),0,0.021260027091173955
24,A0 Paper stacking,0,0.23483925677416187
24,A0 Paper stacking,1,0.8397351078575549
24,A0 Paper stacking,0,0.056428101455853565
24,A0 Paper stacking,1,0.9225563424572926
24,A0 Paper stacking,0,0.21381745083417253
24,A0 Paper stacking,0,0.07244279289193431
24,A0 Paper stacking,0,0.07314722748816374
24,A0 Paper stacking,1,0.9000409915735923
24,A0 Paper stacking,0,0.38836327494178496
24,A0 Paper stacking,0,0.7920799938405507
24,A0 Paper stacking,0,0.16905898432159375
24,A0 Paper stacking,1,0.8620634907350129
24,A0 Paper stacking,1,0.9269364516821794
24,A0 Paper stacking,1,0.9145775581415904
24,A0 Paper stacking,1,0.9198499917795759
24,A0 Paper stacking,1,0.9178604174791424
24,A0 Paper stacking,0,0.5717535944711251
24,A0 Paper stacking,1,0.9215717484220616
24,A0 Paper stacking,1,0.8154012703118775
24,A0 Paper stacking,0,0.055224111495555984
24,A0 Paper stacking,1,0.6987396955201219
24,A0 Paper stacking,0,0.8646752647573347
24,A0 Paper stacking,1,0.9257972433223202
24,A0 Paper stacking,1,0.6800813319091454
24,A0 Paper stacking,0,0.1304176711817387
24,A0 Paper stacking,1,0.8118463047515024
24,A0 Paper stacking,0,0.06189303379097459
24,A0 Paper stacking,1,0.9266486433783941
24,A0 Paper stacking,1,0.8740152434057521
24,A0 Paper stacking,1,0.7251943722970984
24,A0 Paper stacking,0,0.05691841266129076
24,A0 Paper stacking,0,0.062305632837750625
24,A0 Paper stacking,1,0.9286934456109853
24,A0 Paper stacking,1,0.9184354715333017
24,A0 Paper stacking,1,0.8901677528575339
24,A0 Paper stacking,1,0.9255850783195348
24,A0 Paper stacking,1,0.8874913993922635
24,A0 Paper stacking,0,0.05515198884744013
24,A0 Paper stacking,1,0.8733869167228022
24,A0 Paper stacking,1,0.8783065989135682
24,A0 Paper stacking,0,0.4088264793357055
24,A0 Paper stacking,1,0.3376998445161871
24,A0 Paper stacking,0,0.0784092137541895
24,A0 Paper stacking,1,0.9221752610830583
24,A0 Paper stacking,1,0.8662227107211343
24,A0 Paper stacking,0,0.6651447912098101
24,A0 Paper stacking,0,0.7566232153348103
24,A0 Paper stacking,0,0.7087271842501784
24,A0 Paper stacking,1,0.8714042148480091
24,A0 Paper stacking,0,0.6137005133178313
24,A0 Paper stacking,1,0.9245181277776849
24,A0 Paper stacking,0,0.5737855545524425
24,A0 Paper stacking,0,0.056007022741162676
24,A0 Paper stacking,1,0.4090343047242167
24,A0 Paper stacking,1,0.07445874321686717
24,A0 Paper stacking,0,0.39131474860276394
24,A0 Paper stacking,1,0.8217062965526368
24,A0 Paper stacking,0,0.061258760481524024
24,A0 Paper stacking,1,0.45709014044542867
24,A0 Paper stacking,0,0.6929413003664233
24,A1 +Typed prep,0,0.20283192449487325
24,A1 +Typed prep,1,0.8429802078070379
24,A1 +Typed prep,0,0.05183600334149618
24,A1 +Typed prep,1,0.9143486561752883
24,A1 +Typed prep,0,0.31386281295743323
24,A1 +Typed prep,0,0.06860635814104102
24,A1 +Typed prep,0,0.08771967191053483
24,A1 +Typed prep,1,0.8953208925003455
24,A1 +Typed prep,0,0.3515066505975005
24,A1 +Typed prep,0,0.7321228978772856
24,A1 +Typed prep,0,0.22449334700947057
24,A1 +Typed prep,1,0.7846315975372214
24,A1 +Typed prep,1,0.916175487258863
24,A1 +Typed prep,1,0.9243987692785993
24,A1 +Typed prep,1,0.9081778522639466
24,A1 +Typed prep,1,0.9147322593626828
24,A1 +Typed prep,0,0.6524565343781857
24,A1 +Typed prep,1,0.925471047037068
24,A1 +Typed prep,1,0.8029668331413833
24,A1 +Typed prep,0,0.05420007877006899
24,A1 +Typed prep,1,0.9358770149728324
24,A1 +Typed prep,0,0.8340308003153228
24,A1 +Typed prep,1,0.9157165138509973
24,A1 +Typed prep,1,0.2899875878427522
24,A1 +Typed prep,0,0.14791230927390145
24,A1 +Typed prep,1,0.7596109911099721
24,A1 +Typed prep,0,0.054888645877146904
24,A1 +Typed prep,1,0.9172837630820898
24,A1 +Typed prep,1,0.898259768690762
24,A1 +Typed prep,1,0.6069987141464948
24,A1 +Typed prep,0,0.053204198345423864
24,A1 +Typed prep,0,0.0671973624007768
24,A1 +Typed prep,1,0.9268978285925406
24,A1 +Typed prep,1,0.9192644189403174
24,A1 +Typed prep,1,0.8654076294032835
24,A1 +Typed prep,1,0.9243390598559845
24,A1 +Typed prep,1,0.9040522744506216
24,A1 +Typed prep,0,0.05092978824206718
24,A1 +Typed prep,1,0.9345498232854806
24,A1 +Typed prep,1,0.9191553590354544
24,A1 +Typed prep,0,0.25778368345932445
24,A1 +Typed prep,1,0.6967323686641836
24,A1 +Typed prep,0,0.1173374245208266
24,A1 +Typed prep,1,0.9039828790432806
24,A1 +Typed prep,1,0.8411845333671996
24,A1 +Typed prep,0,0.5487426847535264
24,A1 +Typed prep,0,0.8602949469807274
24,A1 +Typed prep,0,0.8125783889388776
24,A1 +Typed prep,1,0.9076402344098475
24,A1 +Typed prep,0,0.4891491081303381
24,A1 +Typed prep,1,0.8964853616775679
24,A1 +Typed prep,0,0.5737667192557838
24,A1 +Typed prep,0,0.05081320118966285
24,A1 +Typed prep,1,0.34772214432677095
24,A1 +Typed prep,1,0.1285847644590199
24,A1 +Typed prep,0,0.6439168744752348
24,A1 +Typed prep,1,0.6932520679898745
24,A1 +Typed prep,0,0.06803543811715164
24,A1 +Typed prep,1,0.7240816997663078
24,A1 +Typed prep,0,0.8043655041108065
24,A2 +Tuned (6),0,0.09449742147358925
24,A2 +Tuned (6),1,0.777145544770106
24,A2 +Tuned (6),0,0.05425614549780194
24,A2 +Tuned (6),1,0.9220720897731841
24,A2 +Tuned (6),0,0.20026987838181268
24,A2 +Tuned (6),0,0.08445950782626725
24,A2 +Tuned (6),0,0.07774247283823281
24,A2 +Tuned (6),1,0.8967436576617718
24,A2 +Tuned (6),0,0.26959079223911075
24,A2 +Tuned (6),0,0.5358101631168389
24,A2 +Tuned (6),0,0.22255820000268
24,A2 +Tuned (6),1,0.8625594941647337
24,A2 +Tuned (6),1,0.9138156305444733
24,A2 +Tuned (6),1,0.9154317055602053
24,A2 +Tuned (6),1,0.7994213880376061
24,A2 +Tuned (6),1,0.8476750182012963
24,A2 +Tuned (6),0,0.8087421598517223
24,A2 +Tuned (6),1,0.9260417040346421
24,A2 +Tuned (6),1,0.8400135477844255
24,A2 +Tuned (6),0,0.060754608856176874
24,A2 +Tuned (6),1,0.9229020435231858
24,A2 +Tuned (6),0,0.8364816998682475
24,A2 +Tuned (6),1,0.91981957566582
24,A2 +Tuned (6),1,0.5153098448888421
24,A2 +Tuned (6),0,0.25832286180264813
24,A2 +Tuned (6),1,0.8017991578796076
24,A2 +Tuned (6),0,0.06456718882591625
24,A2 +Tuned (6),1,0.9214171389212577
24,A2 +Tuned (6),1,0.8850855410130918
24,A2 +Tuned (6),1,0.7353033612552624
24,A2 +Tuned (6),0,0.05804832172697122
24,A2 +Tuned (6),0,0.06312980465891381
24,A2 +Tuned (6),1,0.9244678537327524
24,A2 +Tuned (6),1,0.9025443108582464
24,A2 +Tuned (6),1,0.8682444777243923
24,A2 +Tuned (6),1,0.916668055937868
24,A2 +Tuned (6),1,0.9095106960223327
24,A2 +Tuned (6),0,0.04893959594601009
24,A2 +Tuned (6),1,0.9287615350360519
24,A2 +Tuned (6),1,0.9199559907953879
24,A2 +Tuned (6),0,0.1716307781821513
24,A2 +Tuned (6),1,0.7503516103106626
24,A2 +Tuned (6),0,0.12858947099156154
24,A2 +Tuned (6),1,0.9143547590808707
24,A2 +Tuned (6),1,0.8112676983369759
24,A2 +Tuned (6),0,0.29707589343481106
24,A2 +Tuned (6),0,0.8572436684547121
24,A2 +Tuned (6),0,0.8399662169968092
24,A2 +Tuned (6),1,0.9147153067613711
24,A2 +Tuned (6),0,0.5150973807489584
24,A2 +Tuned (6),1,0.9104476510726781
24,A2 +Tuned (6),0,0.7745786680858261
24,A2 +Tuned (6),0,0.049942329655362265
24,A2 +Tuned (6),1,0.3569183846151939
24,A2 +Tuned (6),1,0.1619921043167933
24,A2 +Tuned (6),0,0.5153396960261764
24,A2 +Tuned (6),1,0.7654989797421804
24,A2 +Tuned (6),0,0.07748780449755097
24,A2 +Tuned (6),1,0.7680795710952582
24,A2 +Tuned (6),0,0.8503913628284197
24,A2b +Tuned+SVM (7),0,0.08535555812083863
24,A2b +Tuned+SVM (7),1,0.7815406528082522
24,A2b +Tuned+SVM (7),0,0.05362712993258002
24,A2b +Tuned+SVM (7),1,0.9296368428856692
24,A2b +Tuned+SVM (7),0,0.20175168438778668
24,A2b +Tuned+SVM (7),0,0.0831464397957769
24,A2b +Tuned+SVM (7),0,0.07247520041292993
24,A2b +Tuned+SVM (7),1,0.9040880114687981
24,A2b +Tuned+SVM (7),0,0.2598752363117198
24,A2b +Tuned+SVM (7),0,0.5490234247378344
24,A2b +Tuned+SVM (7),0,0.2509810443102362
24,A2b +Tuned+SVM (7),1,0.8657225437500884
24,A2b +Tuned+SVM (7),1,0.9211600556182571
24,A2b +Tuned+SVM (7),1,0.9240473532177226
24,A2b +Tuned+SVM (7),1,0.8213111611495452
24,A2b +Tuned+SVM (7),1,0.8642964687513329
24,A2b +Tuned+SVM (7),0,0.8281150585652794
24,A2b +Tuned+SVM (7),1,0.9283106375963589
24,A2b +Tuned+SVM (7),1,0.8415644269804108
24,A2b +Tuned+SVM (7),0,0.05814748917716642
24,A2b +Tuned+SVM (7),1,0.928396945385906
24,A2b +Tuned+SVM (7),0,0.8542866837562311
24,A2b +Tuned+SVM (7),1,0.9217983469113125
24,A2b +Tuned+SVM (7),1,0.4763890969571892
24,A2b +Tuned+SVM (7),0,0.2466193273564451
24,A2b +Tuned+SVM (7),1,0.8000206518709022
24,A2b +Tuned+SVM (7),0,0.061259273567253386
24,A2b +Tuned+SVM (7),1,0.9261186131278992
24,A2b +Tuned+SVM (7),1,0.8970526118687449
24,A2b +Tuned+SVM (7),1,0.7156588423435156
24,A2b +Tuned+SVM (7),0,0.05557228909924835
24,A2b +Tuned+SVM (7),0,0.06162326469895571
24,A2b +Tuned+SVM (7),1,0.9292430726926048
24,A2b +Tuned+SVM (7),1,0.9095098314420782
24,A2b +Tuned+SVM (7),1,0.8780513953797845
24,A2b +Tuned+SVM (7),1,0.9221794192844631
24,A2b +Tuned+SVM (7),1,0.9170567999663463
24,A2b +Tuned+SVM (7),0,0.04778402602177618
24,A2b +Tuned+SVM (7),1,0.9319283856681196
24,A2b +Tuned+SVM (7),1,0.9263340090570824
24,A2b +Tuned+SVM (7),0,0.15509531945585522
24,A2b +Tuned+SVM (7),1,0.7462753864321858
24,A2b +Tuned+SVM (7),0,0.12044423783008107
24,A2b +Tuned+SVM (7),1,0.9216852839406606
24,A2b +Tuned+SVM (7),1,0.8050803783062594
24,A2b +Tuned+SVM (7),0,0.2719454783942708
24,A2b +Tuned+SVM (7),0,0.8607305705023942
24,A2b +Tuned+SVM (7),0,0.8444459852637898
24,A2b +Tuned+SVM (7),1,0.9223421924859103
24,A2b +Tuned+SVM (7),0,0.46800379535908615
24,A2b +Tuned+SVM (7),1,0.9169338782578035
24,A2b +Tuned+SVM (7),0,0.8069526190927164
24,A2b +Tuned+SVM (7),0,0.04868600598269151
24,A2b +Tuned+SVM (7),1,0.39106480752266787
24,A2b +Tuned+SVM (7),1,0.14095798092271422
24,A2b +Tuned+SVM (7),0,0.5453112357980896
24,A2b +Tuned+SVM (7),1,0.7704072098527334
24,A2b +Tuned+SVM (7),0,0.07240829989111039
24,A2b +Tuned+SVM (7),1,0.7445854385364464
24,A2b +Tuned+SVM (7),0,0.8576152958519008
24,A3 LF-DPS (proposed),0,0.12019447996463752
24,A3 LF-DPS (proposed),1,0.7658342544766744
24,A3 LF-DPS (proposed),0,0.07646716936009582
24,A3 LF-DPS (proposed),1,0.873909801222834
24,A3 LF-DPS (proposed),0,0.18388593464199934
24,A3 LF-DPS (proposed),0,0.12024848521423023
24,A3 LF-DPS (proposed),0,0.09612266382151101
24,A3 LF-DPS (proposed),1,0.873874110138949
24,A3 LF-DPS (proposed),0,0.22765761249777378
24,A3 LF-DPS (proposed),0,0.44676932481882586
24,A3 LF-DPS (proposed),0,0.21452015991413179
24,A3 LF-DPS (proposed),1,0.873883659938611
24,A3 LF-DPS (proposed),1,0.8436535926372409
24,A3 LF-DPS (proposed),1,0.873895302244368
24,A3 LF-DPS (proposed),1,0.565115858172167
24,A3 LF-DPS (proposed),1,0.7465331422256858
24,A3 LF-DPS (proposed),0,0.8431544109693829
24,A3 LF-DPS (proposed),1,0.899012174137557
24,A3 LF-DPS (proposed),1,0.8436467579447913
24,A3 LF-DPS (proposed),0,0.09611327506349447
24,A3 LF-DPS (proposed),1,0.8739098447696307
24,A3 LF-DPS (proposed),0,0.7904815009111423
24,A3 LF-DPS (proposed),1,0.8739102284570107
24,A3 LF-DPS (proposed),1,0.5906909501582294
24,A3 LF-DPS (proposed),0,0.2741864029841058
24,A3 LF-DPS (proposed),1,0.8436447857746389
24,A3 LF-DPS (proposed),0,0.09611414386376942
24,A3 LF-DPS (proposed),1,0.8739101424830125
24,A3 LF-DPS (proposed),1,0.8436535245859725
24,A3 LF-DPS (proposed),1,0.8436356055232846
24,A3 LF-DPS (proposed),0,0.09611418066580477
24,A3 LF-DPS (proposed),0,0.09618176562097899
24,A3 LF-DPS (proposed),1,0.8739100955425226
24,A3 LF-DPS (proposed),1,0.8737113427274257
24,A3 LF-DPS (proposed),1,0.8739096807336791
24,A3 LF-DPS (proposed),1,0.8990121752509739
24,A3 LF-DPS (proposed),1,0.8436539159822081
24,A3 LF-DPS (proposed),0,0.07645693006627158
24,A3 LF-DPS (proposed),1,0.8990094811167656
24,A3 LF-DPS (proposed),1,0.8739101164895225
24,A3 LF-DPS (proposed),0,0.22446489900290395
24,A3 LF-DPS (proposed),1,0.674750189118458
24,A3 LF-DPS (proposed),0,0.1879163880879321
24,A3 LF-DPS (proposed),1,0.8739096466412817
24,A3 LF-DPS (proposed),1,0.8043625803552035
24,A3 LF-DPS (proposed),0,0.2832618092521403
24,A3 LF-DPS (proposed),0,0.8726232216879126
24,A3 LF-DPS (proposed),0,0.8436473838275778
24,A3 LF-DPS (proposed),1,0.873910190922353
24,A3 LF-DPS (proposed),0,0.5372719096175769
24,A3 LF-DPS (proposed),1,0.8990116620866662
24,A3 LF-DPS (proposed),0,0.765394232539049
24,A3 LF-DPS (proposed),0,0.076456927352789
24,A3 LF-DPS (proposed),1,0.3079503678199588
24,A3 LF-DPS (proposed),1,0.22444896283798133
24,A3 LF-DPS (proposed),0,0.43034477032384477
24,A3 LF-DPS (proposed),1,0.8048834377751567
24,A3 LF-DPS (proposed),0,0.09611511341339034
24,A3 LF-DPS (proposed),1,0.7215216139889411
24,A3 LF-DPS (proposed),0,0.8077168832478581
24,Best single (tuned),0,0.16666666666666666
24,Best single (tuned),1,0.75
24,Best single (tuned),0,0.0
24,Best single (tuned),1,0.9166666666666666
24,Best single (tuned),0,0.3333333333333333
24,Best single (tuned),0,0.16666666666666666
24,Best single (tuned),0,0.08333333333333333
24,Best single (tuned),1,0.9166666666666666
24,Best single (tuned),0,0.4166666666666667
24,Best single (tuned),0,0.4166666666666667
24,Best single (tuned),0,0.3333333333333333
24,Best single (tuned),1,0.9166666666666666
24,Best single (tuned),1,0.8333333333333334
24,Best single (tuned),1,0.9166666666666666
24,Best single (tuned),1,0.9166666666666666
24,Best single (tuned),1,0.8333333333333334
24,Best single (tuned),0,0.8333333333333334
24,Best single (tuned),1,1.0
24,Best single (tuned),1,0.8333333333333334
24,Best single (tuned),0,0.08333333333333333
24,Best single (tuned),1,0.9166666666666666
24,Best single (tuned),0,0.75
24,Best single (tuned),1,0.9166666666666666
24,Best single (tuned),1,0.4166666666666667
24,Best single (tuned),0,0.5
24,Best single (tuned),1,0.8333333333333334
24,Best single (tuned),0,0.08333333333333333
24,Best single (tuned),1,0.9166666666666666
24,Best single (tuned),1,0.8333333333333334
24,Best single (tuned),1,0.8333333333333334
24,Best single (tuned),0,0.08333333333333333
24,Best single (tuned),0,0.08333333333333333
24,Best single (tuned),1,0.9166666666666666
24,Best single (tuned),1,0.9166666666666666
24,Best single (tuned),1,0.9166666666666666
24,Best single (tuned),1,1.0
24,Best single (tuned),1,0.8333333333333334
24,Best single (tuned),0,0.0
24,Best single (tuned),1,1.0
24,Best single (tuned),1,0.9166666666666666
24,Best single (tuned),0,0.4166666666666667
24,Best single (tuned),1,0.8333333333333334
24,Best single (tuned),0,0.3333333333333333
24,Best single (tuned),1,0.9166666666666666
24,Best single (tuned),1,0.75
24,Best single (tuned),0,0.3333333333333333
24,Best single (tuned),0,0.9166666666666666
24,Best single (tuned),0,0.8333333333333334
24,Best single (tuned),1,0.9166666666666666
24,Best single (tuned),0,0.3333333333333333
24,Best single (tuned),1,1.0
24,Best single (tuned),0,0.6666666666666666
24,Best single (tuned),0,0.0
24,Best single (tuned),1,0.5
24,Best single (tuned),1,0.4166666666666667
24,Best single (tuned),0,0.3333333333333333
24,Best single (tuned),1,0.75
24,Best single (tuned),0,0.08333333333333333
24,Best single (tuned),1,0.6666666666666666
24,Best single (tuned),0,0.75
